"Region","District","Lat","Lon","Elev_m","Month","Precip_mm","T2M_C","T2M_Max_C"
"colombia","Huila","2.45","-75.65","1609.3","1981-01","62.6","18.94","27.13"
"colombia","Huila","2.45","-75.65","1609.3","1981-02","162.1","18.58","26.08"
"colombia","Huila","2.45","-75.65","1609.3","1981-03","147.6","18.98","25.85"
"colombia","Huila","2.45","-75.65","1609.3","1981-04","182.1","18.65","25.75"
"colombia","Huila","2.45","-75.65","1609.3","1981-05","222.0","18.04","24.46"
"colombia","Huila","2.45","-75.65","1609.3","1981-06","91.8","17.36","23.59"
"colombia","Huila","2.45","-75.65","1609.3","1981-07","55.8","16.72","23.79"
"colombia","Huila","2.45","-75.65","1609.3","1981-08","66.3","17.92","25.76"
"colombia","Huila","2.45","-75.65","1609.3","1981-09","65.7","17.84","25.97"
"colombia","Huila","2.45","-75.65","1609.3","1981-10","134.2","18.45","25.62"
"colombia","Huila","2.45","-75.65","1609.3","1981-11","252.6","18.56","25.65"
"colombia","Huila","2.45","-75.65","1609.3","1981-12","165.2","18.12","23.91"
"colombia","Huila","2.45","-75.65","1609.3","1982-01","173.3","18.09","24.17"
"colombia","Huila","2.45","-75.65","1609.3","1982-02","136.4","18.37","25.2"
"colombia","Huila","2.45","-75.65","1609.3","1982-03","101.7","18.54","24.93"
"colombia","Huila","2.45","-75.65","1609.3","1982-04","139.5","18.18","24.2"
"colombia","Huila","2.45","-75.65","1609.3","1982-05","101.7","17.83","23.99"
"colombia","Huila","2.45","-75.65","1609.3","1982-06","56.4","17.73","23.79"
"colombia","Huila","2.45","-75.65","1609.3","1982-07","76.3","17.06","24.04"
"colombia","Huila","2.45","-75.65","1609.3","1982-08","33.8","18.08","24.92"
"colombia","Huila","2.45","-75.65","1609.3","1982-09","101.4","18.48","25.64"
"colombia","Huila","2.45","-75.65","1609.3","1982-10","115.6","18.24","25.57"
"colombia","Huila","2.45","-75.65","1609.3","1982-11","77.4","18.39","24.77"
"colombia","Huila","2.45","-75.65","1609.3","1982-12","122.1","18.4","24.9"
"colombia","Huila","2.45","-75.65","1609.3","1983-01","88.4","19.88","27.64"
"colombia","Huila","2.45","-75.65","1609.3","1983-02","121.8","19.69","26.99"
"colombia","Huila","2.45","-75.65","1609.3","1983-03","129.9","19.61","26.85"
"colombia","Huila","2.45","-75.65","1609.3","1983-04","196.8","18.88","25.59"
"colombia","Huila","2.45","-75.65","1609.3","1983-05","112.8","18.41","24.6"
"colombia","Huila","2.45","-75.65","1609.3","1983-06","50.4","18.26","24.79"
"colombia","Huila","2.45","-75.65","1609.3","1983-07","60.8","18.28","25.23"
"colombia","Huila","2.45","-75.65","1609.3","1983-08","37.2","18.48","27.39"
"colombia","Huila","2.45","-75.65","1609.3","1983-09","46.5","19.84","28.67"
"colombia","Huila","2.45","-75.65","1609.3","1983-10","151.3","19.13","28.19"
"colombia","Huila","2.45","-75.65","1609.3","1983-11","86.1","18.65","25.8"
"colombia","Huila","2.45","-75.65","1609.3","1983-12","144.2","18.01","24.81"
"colombia","Huila","2.45","-75.65","1609.3","1984-01","159.7","17.62","23.6"
"colombia","Huila","2.45","-75.65","1609.3","1984-02","144.7","17.82","24.13"
"colombia","Huila","2.45","-75.65","1609.3","1984-03","132.4","18.1","25.39"
"colombia","Huila","2.45","-75.65","1609.3","1984-04","130.8","18.3","24.37"
"colombia","Huila","2.45","-75.65","1609.3","1984-05","151.6","17.89","23.77"
"colombia","Huila","2.45","-75.65","1609.3","1984-06","101.4","16.96","23.04"
"colombia","Huila","2.45","-75.65","1609.3","1984-07","76.9","16.26","23.1"
"colombia","Huila","2.45","-75.65","1609.3","1984-08","91.5","17.61","24.5"
"colombia","Huila","2.45","-75.65","1609.3","1984-09","142.5","17.69","24.57"
"colombia","Huila","2.45","-75.65","1609.3","1984-10","182.3","18.14","25.8"
"colombia","Huila","2.45","-75.65","1609.3","1984-11","175.8","18.12","26.0"
"colombia","Huila","2.45","-75.65","1609.3","1984-12","127.1","17.66","23.77"
"colombia","Huila","2.45","-75.65","1609.3","1985-01","121.8","18.35","24.69"
"colombia","Huila","2.45","-75.65","1609.3","1985-02","30.2","18.25","25.31"
"colombia","Huila","2.45","-75.65","1609.3","1985-03","94.9","19.32","26.27"
"colombia","Huila","2.45","-75.65","1609.3","1985-04","161.7","18.82","26.63"
"colombia","Huila","2.45","-75.65","1609.3","1985-05","120.9","17.67","23.61"
"colombia","Huila","2.45","-75.65","1609.3","1985-06","72.9","16.16","23.23"
"colombia","Huila","2.45","-75.65","1609.3","1985-07","56.1","16.5","23.88"
"colombia","Huila","2.45","-75.65","1609.3","1985-08","79.7","17.35","24.31"
"colombia","Huila","2.45","-75.65","1609.3","1985-09","79.8","18.24","25.71"
"colombia","Huila","2.45","-75.65","1609.3","1985-10","128.3","18.44","27.11"
"colombia","Huila","2.45","-75.65","1609.3","1985-11","193.5","18.33","26.28"
"colombia","Huila","2.45","-75.65","1609.3","1985-12","114.1","18.31","24.12"
"colombia","Huila","2.45","-75.65","1609.3","1986-01","121.5","18.18","24.64"
"colombia","Huila","2.45","-75.65","1609.3","1986-02","165.2","17.85","24.43"
"colombia","Huila","2.45","-75.65","1609.3","1986-03","250.8","17.7","23.41"
"colombia","Huila","2.45","-75.65","1609.3","1986-04","111.9","18.01","23.92"
"colombia","Huila","2.45","-75.65","1609.3","1986-05","89.3","18.05","24.4"
"colombia","Huila","2.45","-75.65","1609.3","1986-06","56.7","16.83","22.79"
"colombia","Huila","2.45","-75.65","1609.3","1986-07","55.2","16.44","23.7"
"colombia","Huila","2.45","-75.65","1609.3","1986-08","39.1","18.12","26.21"
"colombia","Huila","2.45","-75.65","1609.3","1986-09","116.1","18.13","25.87"
"colombia","Huila","2.45","-75.65","1609.3","1986-10","265.4","18.07","24.28"
"colombia","Huila","2.45","-75.65","1609.3","1986-11","112.8","18.16","24.25"
"colombia","Huila","2.45","-75.65","1609.3","1986-12","90.8","18.27","24.56"
"colombia","Huila","2.45","-75.65","1609.3","1987-01","55.2","18.68","26.18"
"colombia","Huila","2.45","-75.65","1609.3","1987-02","65.5","19.18","26.55"
"colombia","Huila","2.45","-75.65","1609.3","1987-03","136.1","19.25","27.19"
"colombia","Huila","2.45","-75.65","1609.3","1987-04","130.5","18.6","25.71"
"colombia","Huila","2.45","-75.65","1609.3","1987-05","105.4","18.16","25.25"
"colombia","Huila","2.45","-75.65","1609.3","1987-06","55.8","17.49","24.89"
"colombia","Huila","2.45","-75.65","1609.3","1987-07","95.8","18.08","26.02"
"colombia","Huila","2.45","-75.65","1609.3","1987-08","52.4","18.15","26.29"
"colombia","Huila","2.45","-75.65","1609.3","1987-09","84.0","19.03","27.42"
"colombia","Huila","2.45","-75.65","1609.3","1987-10","170.8","19.0","25.87"
"colombia","Huila","2.45","-75.65","1609.3","1987-11","152.4","18.99","26.41"
"colombia","Huila","2.45","-75.65","1609.3","1987-12","49.0","18.88","26.06"
"colombia","Huila","2.45","-75.65","1609.3","1988-01","56.7","19.45","26.96"
"colombia","Huila","2.45","-75.65","1609.3","1988-02","155.1","19.83","28.18"
"colombia","Huila","2.45","-75.65","1609.3","1988-03","103.2","19.34","26.07"
"colombia","Huila","2.45","-75.65","1609.3","1988-04","192.6","18.8","25.56"
"colombia","Huila","2.45","-75.65","1609.3","1988-05","101.7","18.32","24.41"
"colombia","Huila","2.45","-75.65","1609.3","1988-06","168.0","17.31","23.83"
"colombia","Huila","2.45","-75.65","1609.3","1988-07","103.9","16.24","23.03"
"colombia","Huila","2.45","-75.65","1609.3","1988-08","55.2","17.74","25.44"
"colombia","Huila","2.45","-75.65","1609.3","1988-09","105.6","18.29","26.8"
"colombia","Huila","2.45","-75.65","1609.3","1988-10","128.0","18.88","26.29"
"colombia","Huila","2.45","-75.65","1609.3","1988-11","269.7","18.44","24.38"
"colombia","Huila","2.45","-75.65","1609.3","1988-12","151.3","17.83","24.11"
"colombia","Huila","2.45","-75.65","1609.3","1989-01","164.9","17.65","24.12"
"colombia","Huila","2.45","-75.65","1609.3","1989-02","118.7","17.79","23.94"
"colombia","Huila","2.45","-75.65","1609.3","1989-03","198.4","17.86","23.74"
"colombia","Huila","2.45","-75.65","1609.3","1989-04","122.7","18.33","24.1"
"colombia","Huila","2.45","-75.65","1609.3","1989-05","110.0","17.33","23.77"
"colombia","Huila","2.45","-75.65","1609.3","1989-06","126.0","17.08","24.1"
"colombia","Huila","2.45","-75.65","1609.3","1989-07","64.2","16.53","25.58"
"colombia","Huila","2.45","-75.65","1609.3","1989-08","59.8","17.72","25.27"
"colombia","Huila","2.45","-75.65","1609.3","1989-09","82.5","18.41","26.22"
"colombia","Huila","2.45","-75.65","1609.3","1989-10","155.9","18.48","25.94"
"colombia","Huila","2.45","-75.65","1609.3","1989-11","161.4","19.06","25.5"
"colombia","Huila","2.45","-75.65","1609.3","1989-12","164.0","19.0","25.95"
"colombia","Huila","2.45","-75.65","1609.3","1990-01","105.1","18.33","24.74"
"colombia","Huila","2.45","-75.65","1609.3","1990-02","203.6","18.81","25.01"
"colombia","Huila","2.45","-75.65","1609.3","1990-03","134.5","18.76","25.4"
"colombia","Huila","2.45","-75.65","1609.3","1990-04","138.9","18.75","24.95"
"colombia","Huila","2.45","-75.65","1609.3","1990-05","158.7","17.61","23.49"
"colombia","Huila","2.45","-75.65","1609.3","1990-06","71.1","17.36","23.75"
"colombia","Huila","2.45","-75.65","1609.3","1990-07","78.1","17.06","24.17"
"colombia","Huila","2.45","-75.65","1609.3","1990-08","45.6","17.58","26.33"
"colombia","Huila","2.45","-75.65","1609.3","1990-09","51.0","18.82","27.24"
"colombia","Huila","2.45","-75.65","1609.3","1990-10","173.9","19.01","27.38"
"colombia","Huila","2.45","-75.65","1609.3","1990-11","141.3","18.39","24.56"
"colombia","Huila","2.45","-75.65","1609.3","1990-12","141.4","18.29","24.56"
"colombia","Huila","2.45","-75.65","1609.3","1991-01","40.6","19.02","27.03"
"colombia","Huila","2.45","-75.65","1609.3","1991-02","74.2","19.11","26.32"
"colombia","Huila","2.45","-75.65","1609.3","1991-03","136.1","19.23","27.56"
"colombia","Huila","2.45","-75.65","1609.3","1991-04","112.2","18.47","25.19"
"colombia","Huila","2.45","-75.65","1609.3","1991-05","84.0","18.38","25.17"
"colombia","Huila","2.45","-75.65","1609.3","1991-06","87.9","18.24","25.23"
"colombia","Huila","2.45","-75.65","1609.3","1991-07","78.7","17.38","24.34"
"colombia","Huila","2.45","-75.65","1609.3","1991-08","87.7","17.09","24.73"
"colombia","Huila","2.45","-75.65","1609.3","1991-09","78.9","18.51","26.53"
"colombia","Huila","2.45","-75.65","1609.3","1991-10","46.5","18.3","27.22"
"colombia","Huila","2.45","-75.65","1609.3","1991-11","114.9","18.93","25.88"
"colombia","Huila","2.45","-75.65","1609.3","1991-12","97.0","19.15","26.15"
"colombia","Huila","2.45","-75.65","1609.3","1992-01","77.8","19.56","27.08"
"colombia","Huila","2.45","-75.65","1609.3","1992-02","78.0","20.03","28.25"
"colombia","Huila","2.45","-75.65","1609.3","1992-03","51.5","20.37","29.29"
"colombia","Huila","2.45","-75.65","1609.3","1992-04","132.9","19.68","27.24"
"colombia","Huila","2.45","-75.65","1609.3","1992-05","61.4","19.23","27.22"
"colombia","Huila","2.45","-75.65","1609.3","1992-06","50.1","18.42","25.52"
"colombia","Huila","2.45","-75.65","1609.3","1992-07","67.3","17.42","25.12"
"colombia","Huila","2.45","-75.65","1609.3","1992-08","62.6","18.2","27.09"
"colombia","Huila","2.45","-75.65","1609.3","1992-09","60.0","19.47","27.69"
"colombia","Huila","2.45","-75.65","1609.3","1992-10","50.8","19.83","28.74"
"colombia","Huila","2.45","-75.65","1609.3","1992-11","175.2","19.23","29.16"
"colombia","Huila","2.45","-75.65","1609.3","1992-12","124.6","18.72","24.55"
"colombia","Huila","2.45","-75.65","1609.3","1993-01","80.9","18.68","25.88"
"colombia","Huila","2.45","-75.65","1609.3","1993-02","98.6","19.18","26.77"
"colombia","Huila","2.45","-75.65","1609.3","1993-03","178.2","18.36","25.33"
"colombia","Huila","2.45","-75.65","1609.3","1993-04","92.7","18.45","25.51"
"colombia","Huila","2.45","-75.65","1609.3","1993-05","141.7","18.58","26.15"
"colombia","Huila","2.45","-75.65","1609.3","1993-06","69.6","17.37","23.88"
"colombia","Huila","2.45","-75.65","1609.3","1993-07","89.9","17.44","24.45"
"colombia","Huila","2.45","-75.65","1609.3","1993-08","53.9","17.97","26.01"
"colombia","Huila","2.45","-75.65","1609.3","1993-09","55.2","18.79","28.35"
"colombia","Huila","2.45","-75.65","1609.3","1993-10","114.1","18.7","27.0"
"colombia","Huila","2.45","-75.65","1609.3","1993-11","226.5","18.37","25.18"
"colombia","Huila","2.45","-75.65","1609.3","1993-12","146.0","18.28","24.38"
"colombia","Huila","2.45","-75.65","1609.3","1994-01","128.3","18.27","24.56"
"colombia","Huila","2.45","-75.65","1609.3","1994-02","89.9","18.56","25.4"
"colombia","Huila","2.45","-75.65","1609.3","1994-03","203.7","18.57","24.82"
"colombia","Huila","2.45","-75.65","1609.3","1994-04","114.9","18.36","24.86"
"colombia","Huila","2.45","-75.65","1609.3","1994-05","109.1","18.25","24.88"
"colombia","Huila","2.45","-75.65","1609.3","1994-06","86.4","17.15","23.08"
"colombia","Huila","2.45","-75.65","1609.3","1994-07","60.8","17.16","24.98"
"colombia","Huila","2.45","-75.65","1609.3","1994-08","45.9","17.5","26.18"
"colombia","Huila","2.45","-75.65","1609.3","1994-09","57.9","18.58","26.42"
"colombia","Huila","2.45","-75.65","1609.3","1994-10","138.3","18.71","26.89"
"colombia","Huila","2.45","-75.65","1609.3","1994-11","109.2","18.59","26.33"
"colombia","Huila","2.45","-75.65","1609.3","1994-12","75.3","19.09","25.85"
"colombia","Huila","2.45","-75.65","1609.3","1995-01","32.2","19.27","28.62"
"colombia","Huila","2.45","-75.65","1609.3","1995-02","119.6","19.67","28.29"
"colombia","Huila","2.45","-75.65","1609.3","1995-03","86.5","19.57","28.58"
"colombia","Huila","2.45","-75.65","1609.3","1995-04","140.7","19.18","26.45"
"colombia","Huila","2.45","-75.65","1609.3","1995-05","93.3","18.34","25.24"
"colombia","Huila","2.45","-75.65","1609.3","1995-06","85.5","17.94","25.31"
"colombia","Huila","2.45","-75.65","1609.3","1995-07","96.7","18.0","26.08"
"colombia","Huila","2.45","-75.65","1609.3","1995-08","37.2","18.8","26.84"
"colombia","Huila","2.45","-75.65","1609.3","1995-09","48.3","19.36","28.12"
"colombia","Huila","2.45","-75.65","1609.3","1995-10","115.0","19.4","29.74"
"colombia","Huila","2.45","-75.65","1609.3","1995-11","136.5","19.18","25.64"
"colombia","Huila","2.45","-75.65","1609.3","1995-12","80.0","18.86","25.96"
"colombia","Huila","2.45","-75.65","1609.3","1996-01","117.2","19.14","26.28"
"colombia","Huila","2.45","-75.65","1609.3","1996-02","155.4","18.24","25.36"
"colombia","Huila","2.45","-75.65","1609.3","1996-03","173.9","18.62","24.29"
"colombia","Huila","2.45","-75.65","1609.3","1996-04","111.6","18.48","24.8"
"colombia","Huila","2.45","-75.65","1609.3","1996-05","126.5","18.13","24.55"
"colombia","Huila","2.45","-75.65","1609.3","1996-06","99.6","17.56","23.75"
"colombia","Huila","2.45","-75.65","1609.3","1996-07","75.3","16.9","24.63"
"colombia","Huila","2.45","-75.65","1609.3","1996-08","51.5","17.96","25.49"
"colombia","Huila","2.45","-75.65","1609.3","1996-09","51.6","18.81","26.9"
"colombia","Huila","2.45","-75.65","1609.3","1996-10","165.5","18.87","26.74"
"colombia","Huila","2.45","-75.65","1609.3","1996-11","66.6","19.27","26.72"
"colombia","Huila","2.45","-75.65","1609.3","1996-12","111.6","18.86","25.68"
"colombia","Huila","2.45","-75.65","1609.3","1997-01","141.7","18.88","24.96"
"colombia","Huila","2.45","-75.65","1609.3","1997-02","56.3","18.58","25.65"
"colombia","Huila","2.45","-75.65","1609.3","1997-03","113.8","19.56","26.7"
"colombia","Huila","2.45","-75.65","1609.3","1997-04","104.7","19.15","26.02"
"colombia","Huila","2.45","-75.65","1609.3","1997-05","103.2","18.42","24.92"
"colombia","Huila","2.45","-75.65","1609.3","1997-06","79.8","18.33","25.37"
"colombia","Huila","2.45","-75.65","1609.3","1997-07","35.6","17.81","25.66"
"colombia","Huila","2.45","-75.65","1609.3","1997-08","33.8","18.72","27.2"
"colombia","Huila","2.45","-75.65","1609.3","1997-09","28.2","20.64","29.88"
"colombia","Huila","2.45","-75.65","1609.3","1997-10","84.3","20.7","30.02"
"colombia","Huila","2.45","-75.65","1609.3","1997-11","96.9","19.86","28.11"
"colombia","Huila","2.45","-75.65","1609.3","1997-12","49.9","20.09","28.43"
"colombia","Huila","2.45","-75.65","1609.3","1998-01","31.9","20.98","30.09"
"colombia","Huila","2.45","-75.65","1609.3","1998-02","80.4","21.34","30.31"
"colombia","Huila","2.45","-75.65","1609.3","1998-03","162.1","20.71","28.52"
"colombia","Huila","2.45","-75.65","1609.3","1998-04","106.2","20.06","27.11"
"colombia","Huila","2.45","-75.65","1609.3","1998-05","101.4","19.22","25.78"
"colombia","Huila","2.45","-75.65","1609.3","1998-06","84.6","17.88","24.28"
"colombia","Huila","2.45","-75.65","1609.3","1998-07","83.4","17.71","24.64"
"colombia","Huila","2.45","-75.65","1609.3","1998-08","71.3","19.11","27.52"
"colombia","Huila","2.45","-75.65","1609.3","1998-09","69.9","19.54","29.21"
"colombia","Huila","2.45","-75.65","1609.3","1998-10","131.8","20.04","28.93"
"colombia","Huila","2.45","-75.65","1609.3","1998-11","181.5","18.99","26.34"
"colombia","Huila","2.45","-75.65","1609.3","1998-12","97.0","18.82","25.63"
"colombia","Huila","2.45","-75.65","1609.3","1999-01","205.2","18.54","25.23"
"colombia","Huila","2.45","-75.65","1609.3","1999-02","265.7","18.08","24.02"
"colombia","Huila","2.45","-75.65","1609.3","1999-03","171.1","18.29","24.34"
"colombia","Huila","2.45","-75.65","1609.3","1999-04","166.8","17.59","23.54"
"colombia","Huila","2.45","-75.65","1609.3","1999-05","118.1","17.4","23.83"
"colombia","Huila","2.45","-75.65","1609.3","1999-06","110.1","17.23","23.48"
"colombia","Huila","2.45","-75.65","1609.3","1999-07","52.1","17.0","23.87"
"colombia","Huila","2.45","-75.65","1609.3","1999-08","38.8","17.19","25.4"
"colombia","Huila","2.45","-75.65","1609.3","1999-09","113.1","18.42","26.96"
"colombia","Huila","2.45","-75.65","1609.3","1999-10","110.0","18.18","25.98"
"colombia","Huila","2.45","-75.65","1609.3","1999-11","191.7","18.9","25.44"
"colombia","Huila","2.45","-75.65","1609.3","1999-12","219.2","18.72","24.72"
"colombia","Huila","2.45","-75.65","1609.3","2000-01","184.1","18.19","24.7"
"colombia","Huila","2.45","-75.65","1609.3","2000-02","154.6","17.93","24.94"
"colombia","Huila","2.45","-75.65","1609.3","2000-03","182.6","17.97","24.0"
"colombia","Huila","2.45","-75.65","1609.3","2000-04","121.8","17.97","23.58"
"colombia","Huila","2.45","-75.65","1609.3","2000-05","171.1","17.59","24.45"
"colombia","Huila","2.45","-75.65","1609.3","2000-06","79.2","17.44","23.36"
"colombia","Huila","2.45","-75.65","1609.3","2000-07","43.1","17.04","24.27"
"colombia","Huila","2.45","-75.65","1609.3","2000-08","80.6","17.91","26.41"
"colombia","Huila","2.45","-75.65","1609.3","2000-09","105.0","18.33","26.18"
"colombia","Huila","2.45","-75.65","1609.3","2000-10","66.0","18.85","26.76"
"colombia","Huila","2.45","-75.65","1609.3","2000-11","100.8","19.31","28.96"
"colombia","Huila","2.45","-75.65","1609.3","2000-12","64.5","19.08","26.9"
"colombia","Huila","2.45","-75.65","1609.3","2001-01","27.9","19.05","28.76"
"colombia","Huila","2.45","-75.65","1609.3","2001-02","40.0","19.85","29.52"
"colombia","Huila","2.45","-75.65","1609.3","2001-03","110.7","19.49","29.92"
"colombia","Huila","2.45","-75.65","1609.3","2001-04","44.4","19.51","27.97"
"colombia","Huila","2.45","-75.65","1609.3","2001-05","57.7","19.49","27.59"
"colombia","Huila","2.45","-75.65","1609.3","2001-06","78.9","17.98","25.24"
"colombia","Huila","2.45","-75.65","1609.3","2001-07","25.7","18.43","26.45"
"colombia","Huila","2.45","-75.65","1609.3","2001-08","14.0","19.07","28.2"
"colombia","Huila","2.45","-75.65","1609.3","2001-09","60.3","19.63","29.28"
"colombia","Huila","2.45","-75.65","1609.3","2001-10","54.6","20.83","30.88"
"colombia","Huila","2.45","-75.65","1609.3","2001-11","142.8","19.65","28.98"
"colombia","Huila","2.45","-75.65","1609.3","2001-12","111.3","19.35","27.02"
"colombia","Huila","2.45","-75.65","1609.3","2002-01","29.4","19.7","28.14"
"colombia","Huila","2.45","-75.65","1609.3","2002-02","75.0","20.04","28.37"
"colombia","Huila","2.45","-75.65","1609.3","2002-03","147.9","19.54","28.25"
"colombia","Huila","2.45","-75.65","1609.3","2002-04","115.2","18.98","26.45"
"colombia","Huila","2.45","-75.65","1609.3","2002-05","110.0","18.98","25.49"
"colombia","Huila","2.45","-75.65","1609.3","2002-06","87.6","17.25","23.96"
"colombia","Huila","2.45","-75.65","1609.3","2002-07","38.8","18.31","26.06"
"colombia","Huila","2.45","-75.65","1609.3","2002-08","17.1","19.31","29.69"
"colombia","Huila","2.45","-75.65","1609.3","2002-09","21.3","20.34","29.95"
"colombia","Huila","2.45","-75.65","1609.3","2002-10","108.2","20.29","30.61"
"colombia","Huila","2.45","-75.65","1609.3","2002-11","135.6","18.55","25.43"
"colombia","Huila","2.45","-75.65","1609.3","2002-12","92.1","19.27","26.43"
"colombia","Huila","2.45","-75.65","1609.3","2003-01","30.4","20.59","28.84"
"colombia","Huila","2.45","-75.65","1609.3","2003-02","44.2","20.57","28.73"
"colombia","Huila","2.45","-75.65","1609.3","2003-03","185.4","19.99","29.13"
"colombia","Huila","2.45","-75.65","1609.3","2003-04","153.3","18.81","25.67"
"colombia","Huila","2.45","-75.65","1609.3","2003-05","24.8","18.58","25.98"
"colombia","Huila","2.45","-75.65","1609.3","2003-06","48.3","18.13","24.7"
"colombia","Huila","2.45","-75.65","1609.3","2003-07","22.6","18.38","26.05"
"colombia","Huila","2.45","-75.65","1609.3","2003-08","50.5","18.99","28.19"
"colombia","Huila","2.45","-75.65","1609.3","2003-09","28.5","19.57","28.76"
"colombia","Huila","2.45","-75.65","1609.3","2003-10","132.7","20.19","31.17"
"colombia","Huila","2.45","-75.65","1609.3","2003-11","247.8","19.06","26.96"
"colombia","Huila","2.45","-75.65","1609.3","2003-12","65.1","18.66","25.49"
"colombia","Huila","2.45","-75.65","1609.3","2004-01","93.3","19.34","26.52"
"colombia","Huila","2.45","-75.65","1609.3","2004-02","71.1","19.46","27.91"
"colombia","Huila","2.45","-75.65","1609.3","2004-03","57.4","19.83","27.8"
"colombia","Huila","2.45","-75.65","1609.3","2004-04","190.5","19.43","28.22"
"colombia","Huila","2.45","-75.65","1609.3","2004-05","279.0","18.02","24.06"
"colombia","Huila","2.45","-75.65","1609.3","2004-06","137.1","16.81","22.72"
"colombia","Huila","2.45","-75.65","1609.3","2004-07","127.7","16.73","22.88"
"colombia","Huila","2.45","-75.65","1609.3","2004-08","48.7","17.42","25.61"
"colombia","Huila","2.45","-75.65","1609.3","2004-09","47.4","18.26","26.56"
"colombia","Huila","2.45","-75.65","1609.3","2004-10","191.6","19.13","27.66"
"colombia","Huila","2.45","-75.65","1609.3","2004-11","276.0","18.62","25.5"
"colombia","Huila","2.45","-75.65","1609.3","2004-12","124.3","18.71","25.1"
"colombia","Huila","2.45","-75.65","1609.3","2005-01","30.7","19.2","26.89"
"colombia","Huila","2.45","-75.65","1609.3","2005-02","63.0","19.68","26.47"
"colombia","Huila","2.45","-75.65","1609.3","2005-03","44.0","20.09","26.72"
"colombia","Huila","2.45","-75.65","1609.3","2005-04","88.5","19.75","26.54"
"colombia","Huila","2.45","-75.65","1609.3","2005-05","64.5","19.53","26.43"
"colombia","Huila","2.45","-75.65","1609.3","2005-06","54.0","19.03","26.26"
"colombia","Huila","2.45","-75.65","1609.3","2005-07","12.1","19.22","27.1"
"colombia","Huila","2.45","-75.65","1609.3","2005-08","46.5","19.71","27.86"
"colombia","Huila","2.45","-75.65","1609.3","2005-09","63.6","20.14","28.83"
"colombia","Huila","2.45","-75.65","1609.3","2005-10","151.3","19.93","30.82"
"colombia","Huila","2.45","-75.65","1609.3","2005-11","96.9","19.71","27.02"
"colombia","Huila","2.45","-75.65","1609.3","2005-12","158.7","18.83","26.01"
"colombia","Huila","2.45","-75.65","1609.3","2006-01","125.9","18.72","24.77"
"colombia","Huila","2.45","-75.65","1609.3","2006-02","128.5","19.34","26.23"
"colombia","Huila","2.45","-75.65","1609.3","2006-03","119.4","18.88","25.9"
"colombia","Huila","2.45","-75.65","1609.3","2006-04","156.3","18.8","25.32"
"colombia","Huila","2.45","-75.65","1609.3","2006-05","80.0","18.09","25.26"
"colombia","Huila","2.45","-75.65","1609.3","2006-06","80.1","17.88","25.0"
"colombia","Huila","2.45","-75.65","1609.3","2006-07","33.5","17.55","26.19"
"colombia","Huila","2.45","-75.65","1609.3","2006-08","12.1","19.06","26.9"
"colombia","Huila","2.45","-75.65","1609.3","2006-09","31.2","19.9","29.8"
"colombia","Huila","2.45","-75.65","1609.3","2006-10","122.8","20.26","29.03"
"colombia","Huila","2.45","-75.65","1609.3","2006-11","155.7","19.04","25.85"
"colombia","Huila","2.45","-75.65","1609.3","2006-12","148.2","18.77","25.87"
"colombia","Huila","2.45","-75.65","1609.3","2007-01","34.4","19.56","27.27"
"colombia","Huila","2.45","-75.65","1609.3","2007-02","22.4","20.09","28.49"
"colombia","Huila","2.45","-75.65","1609.3","2007-03","95.2","19.85","29.3"
"colombia","Huila","2.45","-75.65","1609.3","2007-04","180.9","19.11","25.87"
"colombia","Huila","2.45","-75.65","1609.3","2007-05","65.1","18.99","25.51"
"colombia","Huila","2.45","-75.65","1609.3","2007-06","18.3","18.12","25.1"
"colombia","Huila","2.45","-75.65","1609.3","2007-07","29.4","19.19","28.23"
"colombia","Huila","2.45","-75.65","1609.3","2007-08","18.6","19.35","27.99"
"colombia","Huila","2.45","-75.65","1609.3","2007-09","24.6","19.98","31.76"
"colombia","Huila","2.45","-75.65","1609.3","2007-10","192.2","19.25","28.38"
"colombia","Huila","2.45","-75.65","1609.3","2007-11","80.7","19.25","26.22"
"colombia","Huila","2.45","-75.65","1609.3","2007-12","95.8","19.14","27.97"
"colombia","Huila","2.45","-75.65","1609.3","2008-01","110.4","18.93","25.42"
"colombia","Huila","2.45","-75.65","1609.3","2008-02","157.8","18.82","26.85"
"colombia","Huila","2.45","-75.65","1609.3","2008-03","171.7","18.31","24.43"
"colombia","Huila","2.45","-75.65","1609.3","2008-04","168.9","18.65","24.79"
"colombia","Huila","2.45","-75.65","1609.3","2008-05","207.7","17.91","24.29"
"colombia","Huila","2.45","-75.65","1609.3","2008-06","180.9","17.16","23.23"
"colombia","Huila","2.45","-75.65","1609.3","2008-07","80.0","16.84","23.15"
"colombia","Huila","2.45","-75.65","1609.3","2008-08","98.0","18.07","25.28"
"colombia","Huila","2.45","-75.65","1609.3","2008-09","109.5","18.02","25.43"
"colombia","Huila","2.45","-75.65","1609.3","2008-10","145.1","18.36","26.34"
"colombia","Huila","2.45","-75.65","1609.3","2008-11","229.2","19.19","26.19"
"colombia","Huila","2.45","-75.65","1609.3","2008-12","56.1","18.82","24.91"
"colombia","Huila","2.45","-75.65","1609.3","2009-01","72.5","18.46","25.11"
"colombia","Huila","2.45","-75.65","1609.3","2009-02","79.0","18.9","25.48"
"colombia","Huila","2.45","-75.65","1609.3","2009-03","203.4","18.87","25.59"
"colombia","Huila","2.45","-75.65","1609.3","2009-04","69.9","18.52","24.65"
"colombia","Huila","2.45","-75.65","1609.3","2009-05","48.1","18.66","26.18"
"colombia","Huila","2.45","-75.65","1609.3","2009-06","21.9","18.51","25.53"
"colombia","Huila","2.45","-75.65","1609.3","2009-07","8.1","19.17","27.47"
"colombia","Huila","2.45","-75.65","1609.3","2009-08","44.3","19.88","29.41"
"colombia","Huila","2.45","-75.65","1609.3","2009-09","15.3","20.88","30.36"
"colombia","Huila","2.45","-75.65","1609.3","2009-10","69.4","20.49","31.54"
"colombia","Huila","2.45","-75.65","1609.3","2009-11","92.4","20.7","30.09"
"colombia","Huila","2.45","-75.65","1609.3","2009-12","86.2","19.96","27.54"
"colombia","Huila","2.45","-75.65","1609.3","2010-01","7.1","20.57","29.25"
"colombia","Huila","2.45","-75.65","1609.3","2010-02","39.2","21.49","30.09"
"colombia","Huila","2.45","-75.65","1609.3","2010-03","61.7","20.9","29.97"
"colombia","Huila","2.45","-75.65","1609.3","2010-04","216.3","19.8","29.01"
"colombia","Huila","2.45","-75.65","1609.3","2010-05","231.9","19.2","25.8"
"colombia","Huila","2.45","-75.65","1609.3","2010-06","82.5","17.94","23.9"
"colombia","Huila","2.45","-75.65","1609.3","2010-07","75.0","18.05","24.54"
"colombia","Huila","2.45","-75.65","1609.3","2010-08","11.5","18.16","26.46"
"colombia","Huila","2.45","-75.65","1609.3","2010-09","72.0","19.36","28.38"
"colombia","Huila","2.45","-75.65","1609.3","2010-10","174.5","19.45","28.98"
"colombia","Huila","2.45","-75.65","1609.3","2010-11","282.3","18.54","25.49"
"colombia","Huila","2.45","-75.65","1609.3","2010-12","148.5","18.37","25.72"
"colombia","Huila","2.45","-75.65","1609.3","2011-01","73.8","18.46","25.05"
"colombia","Huila","2.45","-75.65","1609.3","2011-02","175.3","18.37","25.17"
"colombia","Huila","2.45","-75.65","1609.3","2011-03","162.1","18.62","25.63"
"colombia","Huila","2.45","-75.65","1609.3","2011-04","314.7","18.29","24.53"
"colombia","Huila","2.45","-75.65","1609.3","2011-05","137.3","18.16","24.24"
"colombia","Huila","2.45","-75.65","1609.3","2011-06","41.4","17.87","24.46"
"colombia","Huila","2.45","-75.65","1609.3","2011-07","66.3","17.9","25.43"
"colombia","Huila","2.45","-75.65","1609.3","2011-08","9.3","18.59","26.84"
"colombia","Huila","2.45","-75.65","1609.3","2011-09","55.5","18.83","27.02"
"colombia","Huila","2.45","-75.65","1609.3","2011-10","89.9","19.47","27.28"
"colombia","Huila","2.45","-75.65","1609.3","2011-11","362.7","18.76","26.12"
"colombia","Huila","2.45","-75.65","1609.3","2011-12","197.2","18.64","24.28"
"colombia","Huila","2.45","-75.65","1609.3","2012-01","143.8","18.44","24.63"
"colombia","Huila","2.45","-75.65","1609.3","2012-02","51.0","18.42","24.5"
"colombia","Huila","2.45","-75.65","1609.3","2012-03","93.9","18.18","24.87"
"colombia","Huila","2.45","-75.65","1609.3","2012-04","199.5","18.54","24.97"
"colombia","Huila","2.45","-75.65","1609.3","2012-05","31.6","17.9","24.19"
"colombia","Huila","2.45","-75.65","1609.3","2012-06","16.8","18.04","25.97"
"colombia","Huila","2.45","-75.65","1609.3","2012-07","24.5","18.24","25.61"
"colombia","Huila","2.45","-75.65","1609.3","2012-08","16.1","18.86","27.51"
"colombia","Huila","2.45","-75.65","1609.3","2012-09","12.0","19.68","29.0"
"colombia","Huila","2.45","-75.65","1609.3","2012-10","171.7","19.44","29.27"
"colombia","Huila","2.45","-75.65","1609.3","2012-11","200.7","19.3","26.01"
"colombia","Huila","2.45","-75.65","1609.3","2012-12","108.5","18.8","25.48"
"colombia","Huila","2.45","-75.65","1609.3","2013-01","44.9","19.34","26.81"
"colombia","Huila","2.45","-75.65","1609.3","2013-02","105.0","19.1","26.19"
"colombia","Huila","2.45","-75.65","1609.3","2013-03","49.9","19.85","27.03"
"colombia","Huila","2.45","-75.65","1609.3","2013-04","114.6","19.55","27.29"
"colombia","Huila","2.45","-75.65","1609.3","2013-05","228.8","18.51","25.14"
"colombia","Huila","2.45","-75.65","1609.3","2013-06","13.2","18.23","25.36"
"colombia","Huila","2.45","-75.65","1609.3","2013-07","11.5","18.14","25.56"
"colombia","Huila","2.45","-75.65","1609.3","2013-08","32.2","18.71","26.82"
"colombia","Huila","2.45","-75.65","1609.3","2013-09","21.6","19.87","30.41"
"colombia","Huila","2.45","-75.65","1609.3","2013-10","87.4","20.18","28.42"
"colombia","Huila","2.45","-75.65","1609.3","2013-11","167.1","19.14","25.75"
"colombia","Huila","2.45","-75.65","1609.3","2013-12","119.7","18.83","25.59"
"colombia","Huila","2.45","-75.65","1609.3","2014-01","70.1","19.03","26.57"
"colombia","Huila","2.45","-75.65","1609.3","2014-02","71.1","19.61","26.59"
"colombia","Huila","2.45","-75.65","1609.3","2014-03","44.9","19.6","28.61"
"colombia","Huila","2.45","-75.65","1609.3","2014-04","92.7","19.59","27.63"
"colombia","Huila","2.45","-75.65","1609.3","2014-05","121.2","19.21","26.16"
"colombia","Huila","2.45","-75.65","1609.3","2014-06","39.3","18.85","26.44"
"colombia","Huila","2.45","-75.65","1609.3","2014-07","12.7","19.17","28.07"
"colombia","Huila","2.45","-75.65","1609.3","2014-08","11.2","19.2","28.47"
"colombia","Huila","2.45","-75.65","1609.3","2014-09","37.2","20.68","30.0"
"colombia","Huila","2.45","-75.65","1609.3","2014-10","181.7","19.42","29.31"
"colombia","Huila","2.45","-75.65","1609.3","2014-11","148.8","19.15","25.45"
"colombia","Huila","2.45","-75.65","1609.3","2014-12","170.5","18.77","24.98"
"colombia","Huila","2.45","-75.65","1609.3","2015-01","34.7","18.47","25.96"
"colombia","Huila","2.45","-75.65","1609.3","2015-02","84.3","19.38","26.87"
"colombia","Huila","2.45","-75.65","1609.3","2015-03","139.2","19.47","26.86"
"colombia","Huila","2.45","-75.65","1609.3","2015-04","75.6","18.85","25.28"
"colombia","Huila","2.45","-75.65","1609.3","2015-05","22.3","19.53","26.19"
"colombia","Huila","2.45","-75.65","1609.3","2015-06","21.6","18.93","26.0"
"colombia","Huila","2.45","-75.65","1609.3","2015-07","17.7","19.61","28.85"
"colombia","Huila","2.45","-75.65","1609.3","2015-08","8.7","20.53","30.16"
"colombia","Huila","2.45","-75.65","1609.3","2015-09","10.2","21.43","30.69"
"colombia","Huila","2.45","-75.65","1609.3","2015-10","40.3","21.0","32.09"
"colombia","Huila","2.45","-75.65","1609.3","2015-11","131.1","19.95","28.39"
"colombia","Huila","2.45","-75.65","1609.3","2015-12","6.2","20.43","29.37"
"colombia","Huila","2.45","-75.65","1609.3","2016-01","51.1","21.58","30.69"
"colombia","Huila","2.45","-75.65","1609.3","2016-02","9.3","21.94","30.0"
"colombia","Huila","2.45","-75.65","1609.3","2016-03","183.5","20.95","30.15"
"colombia","Huila","2.45","-75.65","1609.3","2016-04","166.8","19.85","26.83"
"colombia","Huila","2.45","-75.65","1609.3","2016-05","93.0","19.24","24.76"
"colombia","Huila","2.45","-75.65","1609.3","2016-06","27.9","18.12","24.98"
"colombia","Huila","2.45","-75.65","1609.3","2016-07","22.0","18.95","27.22"
"colombia","Huila","2.45","-75.65","1609.3","2016-08","16.1","19.97","29.12"
"colombia","Huila","2.45","-75.65","1609.3","2016-09","89.7","19.91","29.06"
"colombia","Huila","2.45","-75.65","1609.3","2016-10","91.1","20.42","29.03"
"colombia","Huila","2.45","-75.65","1609.3","2016-11","113.4","20.09","28.66"
"colombia","Huila","2.45","-75.65","1609.3","2016-12","152.2","18.97","25.91"
"colombia","Huila","2.45","-75.65","1609.3","2017-01","95.8","18.91","25.61"
"colombia","Huila","2.45","-75.65","1609.3","2017-02","125.7","19.42","27.84"
"colombia","Huila","2.45","-75.65","1609.3","2017-03","329.2","18.91","25.48"
"colombia","Huila","2.45","-75.65","1609.3","2017-04","171.6","18.89","25.08"
"colombia","Huila","2.45","-75.65","1609.3","2017-05","204.9","18.89","24.79"
"colombia","Huila","2.45","-75.65","1609.3","2017-06","60.6","18.35","24.2"
"colombia","Huila","2.45","-75.65","1609.3","2017-07","13.3","17.69","25.91"
"colombia","Huila","2.45","-75.65","1609.3","2017-08","27.0","19.6","27.47"
"colombia","Huila","2.45","-75.65","1609.3","2017-09","17.7","20.32","29.97"
"colombia","Huila","2.45","-75.65","1609.3","2017-10","154.7","20.01","28.41"
"colombia","Huila","2.45","-75.65","1609.3","2017-11","198.3","19.63","25.47"
"colombia","Huila","2.45","-75.65","1609.3","2017-12","168.3","19.24","25.97"
"colombia","Huila","2.45","-75.65","1609.3","2018-01","100.4","18.34","25.11"
"colombia","Huila","2.45","-75.65","1609.3","2018-02","75.6","19.35","25.94"
"colombia","Huila","2.45","-75.65","1609.3","2018-03","95.2","19.52","26.99"
"colombia","Huila","2.45","-75.65","1609.3","2018-04","120.9","18.64","24.84"
"colombia","Huila","2.45","-75.65","1609.3","2018-05","138.3","18.48","25.17"
"colombia","Huila","2.45","-75.65","1609.3","2018-06","31.2","17.99","25.57"
"colombia","Huila","2.45","-75.65","1609.3","2018-07","61.1","18.39","26.11"
"colombia","Huila","2.45","-75.65","1609.3","2018-08","37.8","18.74","27.95"
"colombia","Huila","2.45","-75.65","1609.3","2018-09","74.7","19.79","28.82"
"colombia","Huila","2.45","-75.65","1609.3","2018-10","120.6","19.63","27.19"
"colombia","Huila","2.45","-75.65","1609.3","2018-11","169.8","19.63","26.83"
"colombia","Huila","2.45","-75.65","1609.3","2018-12","12.4","18.99","26.97"
"colombia","Huila","2.45","-75.65","1609.3","2019-01","88.7","19.72","27.87"
"colombia","Huila","2.45","-75.65","1609.3","2019-02","49.0","20.06","26.76"
"colombia","Huila","2.45","-75.65","1609.3","2019-03","141.0","19.95","28.31"
"colombia","Huila","2.45","-75.65","1609.3","2019-04","159.9","19.37","25.11"
"colombia","Huila","2.45","-75.65","1609.3","2019-05","133.9","19.06","25.39"
"colombia","Huila","2.45","-75.65","1609.3","2019-06","65.1","18.28","24.82"
"colombia","Huila","2.45","-75.65","1609.3","2019-07","13.3","18.6","26.06"
"colombia","Huila","2.45","-75.65","1609.3","2019-08","6.5","19.18","28.1"
"colombia","Huila","2.45","-75.65","1609.3","2019-09","64.2","20.62","30.13"
"colombia","Huila","2.45","-75.65","1609.3","2019-10","95.2","19.78","28.54"
"colombia","Huila","2.45","-75.65","1609.3","2019-11","193.5","19.74","27.63"
"colombia","Huila","2.45","-75.65","1609.3","2019-12","121.8","19.22","25.31"
"colombia","Huila","2.45","-75.65","1609.3","2020-01","25.1","20.11","27.73"
"colombia","Huila","2.45","-75.65","1609.3","2020-02","139.2","20.87","29.31"
"colombia","Huila","2.45","-75.65","1609.3","2020-03","52.7","20.19","28.29"
"colombia","Huila","2.45","-75.65","1609.3","2020-04","28.2","20.36","28.51"
"colombia","Huila","2.45","-75.65","1609.3","2020-05","68.5","20.07","28.25"
"colombia","Huila","2.45","-75.65","1609.3","2020-06","75.6","19.07","27.31"
"colombia","Huila","2.45","-75.65","1609.3","2020-07","148.8","18.15","25.31"
"colombia","Huila","2.45","-75.65","1609.3","2020-08","14.9","19.2","27.19"
"colombia","Huila","2.45","-75.65","1609.3","2020-09","51.6","20.38","29.47"
"colombia","Huila","2.45","-75.65","1609.3","2020-10","127.4","20.12","29.55"
"colombia","Huila","2.45","-75.65","1609.3","2020-11","174.3","19.64","26.95"
"colombia","Huila","2.45","-75.65","1609.3","2020-12","178.2","19.38","25.62"
"colombia","Huila","2.45","-75.65","1609.3","2021-01","168.3","18.96","26.23"
"colombia","Huila","2.45","-75.65","1609.3","2021-02","130.8","19.54","25.55"
"colombia","Huila","2.45","-75.65","1609.3","2021-03","216.1","18.63","24.62"
"colombia","Huila","2.45","-75.65","1609.3","2021-04","264.6","18.22","24.06"
"colombia","Huila","2.45","-75.65","1609.3","2021-05","178.2","18.22","23.85"
"colombia","Huila","2.45","-75.65","1609.3","2021-06","218.1","17.53","23.66"
"colombia","Huila","2.45","-75.65","1609.3","2021-07","69.1","17.16","23.1"
"colombia","Huila","2.45","-75.65","1609.3","2021-08","74.7","17.83","25.4"
"colombia","Huila","2.45","-75.65","1609.3","2021-09","127.8","18.25","26.31"
"colombia","Huila","2.45","-75.65","1609.3","2021-10","134.5","19.38","26.46"
"colombia","Huila","2.45","-75.65","1609.3","2021-11","101.7","19.22","25.47"
"colombia","Huila","2.45","-75.65","1609.3","2021-12","100.4","19.68","25.81"
"colombia","Huila","2.45","-75.65","1609.3","2022-01","43.7","19.48","27.08"
"colombia","Huila","2.45","-75.65","1609.3","2022-02","143.4","19.41","26.43"
"colombia","Huila","2.45","-75.65","1609.3","2022-03","237.5","18.85","24.98"
"colombia","Huila","2.45","-75.65","1609.3","2022-04","155.7","18.6","25.99"
"colombia","Huila","2.45","-75.65","1609.3","2022-05","124.0","18.06","24.56"
"colombia","Huila","2.45","-75.65","1609.3","2022-06","99.3","17.6","24.6"
"colombia","Huila","2.45","-75.65","1609.3","2022-07","50.2","18.07","24.51"
"colombia","Huila","2.45","-75.65","1609.3","2022-08","19.5","18.37","27.31"
"colombia","Huila","2.45","-75.65","1609.3","2022-09","144.3","19.28","28.84"
"colombia","Huila","2.45","-75.65","1609.3","2022-10","261.0","18.9","25.75"
"colombia","Huila","2.45","-75.65","1609.3","2022-11","162.6","18.75","25.01"
"colombia","Huila","2.45","-75.65","1609.3","2022-12","57.7","18.3","24.77"
"colombia","Huila","2.45","-75.65","1609.3","2023-01","180.4","17.76","24.52"
"colombia","Huila","2.45","-75.65","1609.3","2023-02","32.8","18.63","26.1"
"colombia","Huila","2.45","-75.65","1609.3","2023-03","234.0","19.09","26.11"
"colombia","Huila","2.45","-75.65","1609.3","2023-04","193.5","18.8","24.82"
"colombia","Huila","2.45","-75.65","1609.3","2023-05","114.7","18.78","26.24"
"colombia","Huila","2.45","-75.65","1609.3","2023-06","15.0","18.02","24.71"
"colombia","Huila","2.45","-75.65","1609.3","2023-07","34.4","18.75","26.28"
"colombia","Huila","2.45","-75.65","1609.3","2023-08","23.9","20.07","28.76"
"colombia","Huila","2.45","-75.65","1609.3","2023-09","15.3","21.49","31.3"
"colombia","Huila","2.45","-75.65","1609.3","2023-10","138.9","21.43","31.28"
"colombia","Huila","2.45","-75.65","1609.3","2023-11","98.7","19.86","27.88"
"colombia","Huila","2.45","-75.65","1609.3","2023-12","151.9","19.92","27.52"
"colombia","Huila","2.45","-75.65","1609.3","2024-01","29.1","20.43","29.65"
"colombia","Huila","2.45","-75.65","1609.3","2024-02","52.5","21.14","30.83"
"colombia","Huila","2.45","-75.65","1609.3","2024-03","85.2","21.35","29.41"
"colombia","Huila","2.45","-75.65","1609.3","2024-04","147.3","20.71","29.63"
"colombia","Huila","2.45","-75.65","1609.3","2024-05","162.1","19.82","26.29"
"colombia","Huila","2.45","-75.65","1609.3","2024-06","143.4","18.78","24.53"
"colombia","Huila","2.45","-75.65","1609.3","2024-07","36.9","18.09","25.07"
"colombia","Huila","2.45","-75.65","1609.3","2024-08","8.7","19.83","27.71"
"colombia","Huila","2.45","-75.65","1609.3","2024-09","23.1","21.29","30.94"
"colombia","Huila","2.45","-75.65","1609.3","2024-10","88.4","20.94","30.82"
"colombia","Huila","2.45","-75.65","1609.3","2024-11","171.3","19.86","28.22"
"colombia","Huila","2.45","-75.65","1609.3","2024-12","253.3","19.28","25.41"
"colombia","Huila","2.45","-75.65","1609.3","2025-01","76.3","18.88","25.41"
"colombia","Huila","2.45","-75.65","1609.3","2025-02","291.2","19.05","25.51"
"colombia","Huila","2.45","-75.65","1609.3","2025-03","326.7","18.91","24.82"
"colombia","Huila","2.45","-75.65","1609.3","2025-04","241.2","18.85","24.42"
"colombia","Huila","2.45","-75.65","1609.3","2025-05","81.2","18.05","23.57"
"colombia","Huila","2.45","-75.65","1609.3","2025-06","269.1","18.0","23.36"
"colombia","Huila","2.45","-75.65","1609.3","2025-07","32.6","17.21","23.86"
"colombia","Huila","2.45","-75.65","1609.3","2025-08","24.8","18.36","25.07"
"colombia","Huila","2.45","-75.65","1609.3","2025-09","54.9","19.09","26.99"
"colombia","Huila","2.45","-75.65","1609.3","2025-10","57.7","19.44","27.18"
"colombia","Huila","2.45","-75.65","1609.3","2025-11","167.7","19.56","28.0"
"colombia","Huila","2.45","-75.65","1609.3","2025-12","115.3","19.51","25.39"
"colombia","Cauca","2.45","-76.6","1678.8","1981-01","83.4","17.37","24.48"
"colombia","Cauca","2.45","-76.6","1678.8","1981-02","156.8","17.72","25.93"
"colombia","Cauca","2.45","-76.6","1678.8","1981-03","168.0","18.05","26.97"
"colombia","Cauca","2.45","-76.6","1678.8","1981-04","177.9","18.25","25.73"
"colombia","Cauca","2.45","-76.6","1678.8","1981-05","193.1","18.01","25.79"
"colombia","Cauca","2.45","-76.6","1678.8","1981-06","121.2","17.86","25.0"
"colombia","Cauca","2.45","-76.6","1678.8","1981-07","89.0","17.57","25.27"
"colombia","Cauca","2.45","-76.6","1678.8","1981-08","111.3","17.72","25.43"
"colombia","Cauca","2.45","-76.6","1678.8","1981-09","69.3","17.81","25.82"
"colombia","Cauca","2.45","-76.6","1678.8","1981-10","221.0","17.5","25.28"
"colombia","Cauca","2.45","-76.6","1678.8","1981-11","260.7","17.23","23.75"
"colombia","Cauca","2.45","-76.6","1678.8","1981-12","211.4","17.42","24.62"
"colombia","Cauca","2.45","-76.6","1678.8","1982-01","123.4","17.14","25.6"
"colombia","Cauca","2.45","-76.6","1678.8","1982-02","123.8","17.38","24.77"
"colombia","Cauca","2.45","-76.6","1678.8","1982-03","94.2","17.77","24.97"
"colombia","Cauca","2.45","-76.6","1678.8","1982-04","120.6","17.93","26.9"
"colombia","Cauca","2.45","-76.6","1678.8","1982-05","102.3","18.12","25.88"
"colombia","Cauca","2.45","-76.6","1678.8","1982-06","30.0","18.3","25.67"
"colombia","Cauca","2.45","-76.6","1678.8","1982-07","28.5","17.8","25.1"
"colombia","Cauca","2.45","-76.6","1678.8","1982-08","11.2","18.39","26.91"
"colombia","Cauca","2.45","-76.6","1678.8","1982-09","77.1","18.15","27.0"
"colombia","Cauca","2.45","-76.6","1678.8","1982-10","146.9","17.53","24.52"
"colombia","Cauca","2.45","-76.6","1678.8","1982-11","76.2","17.79","26.21"
"colombia","Cauca","2.45","-76.6","1678.8","1982-12","137.0","18.07","26.07"
"colombia","Cauca","2.45","-76.6","1678.8","1983-01","61.4","19.03","27.28"
"colombia","Cauca","2.45","-76.6","1678.8","1983-02","89.9","18.82","27.35"
"colombia","Cauca","2.45","-76.6","1678.8","1983-03","107.6","18.86","27.58"
"colombia","Cauca","2.45","-76.6","1678.8","1983-04","222.0","18.54","25.61"
"colombia","Cauca","2.45","-76.6","1678.8","1983-05","135.8","18.54","25.7"
"colombia","Cauca","2.45","-76.6","1678.8","1983-06","46.5","18.39","26.27"
"colombia","Cauca","2.45","-76.6","1678.8","1983-07","33.2","18.61","26.11"
"colombia","Cauca","2.45","-76.6","1678.8","1983-08","28.2","18.54","26.96"
"colombia","Cauca","2.45","-76.6","1678.8","1983-09","35.1","18.65","28.01"
"colombia","Cauca","2.45","-76.6","1678.8","1983-10","204.0","17.77","26.76"
"colombia","Cauca","2.45","-76.6","1678.8","1983-11","85.2","17.75","26.16"
"colombia","Cauca","2.45","-76.6","1678.8","1983-12","184.5","17.17","25.15"
"colombia","Cauca","2.45","-76.6","1678.8","1984-01","188.2","16.58","24.49"
"colombia","Cauca","2.45","-76.6","1678.8","1984-02","204.7","16.94","24.0"
"colombia","Cauca","2.45","-76.6","1678.8","1984-03","178.9","17.22","25.72"
"colombia","Cauca","2.45","-76.6","1678.8","1984-04","126.0","17.7","26.13"
"colombia","Cauca","2.45","-76.6","1678.8","1984-05","177.3","17.56","24.29"
"colombia","Cauca","2.45","-76.6","1678.8","1984-06","77.7","17.52","24.53"
"colombia","Cauca","2.45","-76.6","1678.8","1984-07","56.7","17.06","24.97"
"colombia","Cauca","2.45","-76.6","1678.8","1984-08","105.4","17.75","25.39"
"colombia","Cauca","2.45","-76.6","1678.8","1984-09","147.9","17.29","25.3"
"colombia","Cauca","2.45","-76.6","1678.8","1984-10","216.4","17.19","24.85"
"colombia","Cauca","2.45","-76.6","1678.8","1984-11","137.7","16.71","23.83"
"colombia","Cauca","2.45","-76.6","1678.8","1984-12","97.6","17.52","24.24"
"colombia","Cauca","2.45","-76.6","1678.8","1985-01","151.0","16.65","25.27"
"colombia","Cauca","2.45","-76.6","1678.8","1985-02","21.0","17.83","26.15"
"colombia","Cauca","2.45","-76.6","1678.8","1985-03","78.7","17.94","25.7"
"colombia","Cauca","2.45","-76.6","1678.8","1985-04","135.3","17.88","25.38"
"colombia","Cauca","2.45","-76.6","1678.8","1985-05","107.9","17.74","25.15"
"colombia","Cauca","2.45","-76.6","1678.8","1985-06","53.1","17.47","25.43"
"colombia","Cauca","2.45","-76.6","1678.8","1985-07","40.0","17.1","24.67"
"colombia","Cauca","2.45","-76.6","1678.8","1985-08","53.9","17.48","25.19"
"colombia","Cauca","2.45","-76.6","1678.8","1985-09","101.7","17.81","25.88"
"colombia","Cauca","2.45","-76.6","1678.8","1985-10","117.2","17.34","26.17"
"colombia","Cauca","2.45","-76.6","1678.8","1985-11","227.4","17.19","24.6"
"colombia","Cauca","2.45","-76.6","1678.8","1985-12","122.5","16.88","24.34"
"colombia","Cauca","2.45","-76.6","1678.8","1986-01","115.6","17.37","25.54"
"colombia","Cauca","2.45","-76.6","1678.8","1986-02","163.2","16.67","23.46"
"colombia","Cauca","2.45","-76.6","1678.8","1986-03","165.2","17.25","24.89"
"colombia","Cauca","2.45","-76.6","1678.8","1986-04","105.0","18.04","25.33"
"colombia","Cauca","2.45","-76.6","1678.8","1986-05","88.7","18.1","25.71"
"colombia","Cauca","2.45","-76.6","1678.8","1986-06","36.9","17.65","25.01"
"colombia","Cauca","2.45","-76.6","1678.8","1986-07","22.0","17.71","26.14"
"colombia","Cauca","2.45","-76.6","1678.8","1986-08","38.4","18.17","26.44"
"colombia","Cauca","2.45","-76.6","1678.8","1986-09","97.2","18.17","27.59"
"colombia","Cauca","2.45","-76.6","1678.8","1986-10","266.9","17.19","24.9"
"colombia","Cauca","2.45","-76.6","1678.8","1986-11","172.2","17.69","25.88"
"colombia","Cauca","2.45","-76.6","1678.8","1986-12","68.5","17.62","25.55"
"colombia","Cauca","2.45","-76.6","1678.8","1987-01","50.2","18.2","26.24"
"colombia","Cauca","2.45","-76.6","1678.8","1987-02","31.6","18.99","27.44"
"colombia","Cauca","2.45","-76.6","1678.8","1987-03","122.5","18.57","27.54"
"colombia","Cauca","2.45","-76.6","1678.8","1987-04","82.5","18.61","26.57"
"colombia","Cauca","2.45","-76.6","1678.8","1987-05","88.7","18.32","26.25"
"colombia","Cauca","2.45","-76.6","1678.8","1987-06","28.2","18.6","26.53"
"colombia","Cauca","2.45","-76.6","1678.8","1987-07","68.2","18.53","26.56"
"colombia","Cauca","2.45","-76.6","1678.8","1987-08","47.4","18.41","27.42"
"colombia","Cauca","2.45","-76.6","1678.8","1987-09","140.4","18.5","26.32"
"colombia","Cauca","2.45","-76.6","1678.8","1987-10","227.5","17.77","25.08"
"colombia","Cauca","2.45","-76.6","1678.8","1987-11","224.7","17.88","25.04"
"colombia","Cauca","2.45","-76.6","1678.8","1987-12","51.1","18.48","26.11"
"colombia","Cauca","2.45","-76.6","1678.8","1988-01","75.6","17.94","25.62"
"colombia","Cauca","2.45","-76.6","1678.8","1988-02","125.0","18.35","25.82"
"colombia","Cauca","2.45","-76.6","1678.8","1988-03","90.8","18.49","27.06"
"colombia","Cauca","2.45","-76.6","1678.8","1988-04","251.7","18.31","25.13"
"colombia","Cauca","2.45","-76.6","1678.8","1988-05","133.6","18.42","25.23"
"colombia","Cauca","2.45","-76.6","1678.8","1988-06","184.5","17.42","25.1"
"colombia","Cauca","2.45","-76.6","1678.8","1988-07","94.5","17.03","24.29"
"colombia","Cauca","2.45","-76.6","1678.8","1988-08","59.8","17.38","25.44"
"colombia","Cauca","2.45","-76.6","1678.8","1988-09","127.2","17.42","25.3"
"colombia","Cauca","2.45","-76.6","1678.8","1988-10","127.7","17.19","24.88"
"colombia","Cauca","2.45","-76.6","1678.8","1988-11","350.1","17.04","24.72"
"colombia","Cauca","2.45","-76.6","1678.8","1988-12","204.0","16.75","23.23"
"colombia","Cauca","2.45","-76.6","1678.8","1989-01","203.7","17.27","24.28"
"colombia","Cauca","2.45","-76.6","1678.8","1989-02","108.4","17.38","25.28"
"colombia","Cauca","2.45","-76.6","1678.8","1989-03","196.8","16.81","24.84"
"colombia","Cauca","2.45","-76.6","1678.8","1989-04","118.2","18.16","25.66"
"colombia","Cauca","2.45","-76.6","1678.8","1989-05","82.8","17.96","25.24"
"colombia","Cauca","2.45","-76.6","1678.8","1989-06","106.2","17.53","24.24"
"colombia","Cauca","2.45","-76.6","1678.8","1989-07","53.3","17.25","25.26"
"colombia","Cauca","2.45","-76.6","1678.8","1989-08","37.8","17.76","25.81"
"colombia","Cauca","2.45","-76.6","1678.8","1989-09","77.4","17.69","25.83"
"colombia","Cauca","2.45","-76.6","1678.8","1989-10","205.2","17.44","25.03"
"colombia","Cauca","2.45","-76.6","1678.8","1989-11","193.2","17.42","25.5"
"colombia","Cauca","2.45","-76.6","1678.8","1989-12","168.6","17.02","24.54"
"colombia","Cauca","2.45","-76.6","1678.8","1990-01","93.3","17.82","25.6"
"colombia","Cauca","2.45","-76.6","1678.8","1990-02","205.2","17.62","25.39"
"colombia","Cauca","2.45","-76.6","1678.8","1990-03","126.5","18.48","26.32"
"colombia","Cauca","2.45","-76.6","1678.8","1990-04","117.3","18.33","27.01"
"colombia","Cauca","2.45","-76.6","1678.8","1990-05","144.8","18.22","25.09"
"colombia","Cauca","2.45","-76.6","1678.8","1990-06","46.8","18.29","26.22"
"colombia","Cauca","2.45","-76.6","1678.8","1990-07","52.7","17.68","24.83"
"colombia","Cauca","2.45","-76.6","1678.8","1990-08","27.0","17.97","27.36"
"colombia","Cauca","2.45","-76.6","1678.8","1990-09","38.7","18.3","27.15"
"colombia","Cauca","2.45","-76.6","1678.8","1990-10","216.1","17.47","24.63"
"colombia","Cauca","2.45","-76.6","1678.8","1990-11","124.2","17.77","25.11"
"colombia","Cauca","2.45","-76.6","1678.8","1990-12","129.0","17.51","25.67"
"colombia","Cauca","2.45","-76.6","1678.8","1991-01","51.1","17.88","26.37"
"colombia","Cauca","2.45","-76.6","1678.8","1991-02","46.2","18.41","26.46"
"colombia","Cauca","2.45","-76.6","1678.8","1991-03","140.4","18.26","26.36"
"colombia","Cauca","2.45","-76.6","1678.8","1991-04","96.0","18.36","26.01"
"colombia","Cauca","2.45","-76.6","1678.8","1991-05","81.5","18.4","26.41"
"colombia","Cauca","2.45","-76.6","1678.8","1991-06","70.8","18.59","26.5"
"colombia","Cauca","2.45","-76.6","1678.8","1991-07","52.1","18.01","25.89"
"colombia","Cauca","2.45","-76.6","1678.8","1991-08","43.7","18.0","26.51"
"colombia","Cauca","2.45","-76.6","1678.8","1991-09","73.5","18.25","27.24"
"colombia","Cauca","2.45","-76.6","1678.8","1991-10","44.9","18.03","26.79"
"colombia","Cauca","2.45","-76.6","1678.8","1991-11","128.4","17.75","26.53"
"colombia","Cauca","2.45","-76.6","1678.8","1991-12","119.0","17.93","25.67"
"colombia","Cauca","2.45","-76.6","1678.8","1992-01","59.2","18.35","27.23"
"colombia","Cauca","2.45","-76.6","1678.8","1992-02","70.2","18.49","25.77"
"colombia","Cauca","2.45","-76.6","1678.8","1992-03","36.9","19.61","28.38"
"colombia","Cauca","2.45","-76.6","1678.8","1992-04","121.8","19.01","28.17"
"colombia","Cauca","2.45","-76.6","1678.8","1992-05","63.5","18.95","27.52"
"colombia","Cauca","2.45","-76.6","1678.8","1992-06","45.0","18.78","27.05"
"colombia","Cauca","2.45","-76.6","1678.8","1992-07","48.1","18.11","26.72"
"colombia","Cauca","2.45","-76.6","1678.8","1992-08","41.9","18.43","27.61"
"colombia","Cauca","2.45","-76.6","1678.8","1992-09","87.0","18.38","28.11"
"colombia","Cauca","2.45","-76.6","1678.8","1992-10","38.4","18.54","27.85"
"colombia","Cauca","2.45","-76.6","1678.8","1992-11","134.4","17.76","26.97"
"colombia","Cauca","2.45","-76.6","1678.8","1992-12","67.6","17.51","25.61"
"colombia","Cauca","2.45","-76.6","1678.8","1993-01","140.1","18.05","26.9"
"colombia","Cauca","2.45","-76.6","1678.8","1993-02","95.8","18.06","26.19"
"colombia","Cauca","2.45","-76.6","1678.8","1993-03","212.3","18.19","26.67"
"colombia","Cauca","2.45","-76.6","1678.8","1993-04","77.7","18.37","25.73"
"colombia","Cauca","2.45","-76.6","1678.8","1993-05","87.7","18.36","25.75"
"colombia","Cauca","2.45","-76.6","1678.8","1993-06","33.9","18.49","26.0"
"colombia","Cauca","2.45","-76.6","1678.8","1993-07","40.6","18.23","27.1"
"colombia","Cauca","2.45","-76.6","1678.8","1993-08","20.5","18.44","27.2"
"colombia","Cauca","2.45","-76.6","1678.8","1993-09","50.7","18.35","27.23"
"colombia","Cauca","2.45","-76.6","1678.8","1993-10","82.8","18.36","27.71"
"colombia","Cauca","2.45","-76.6","1678.8","1993-11","177.6","17.5","25.77"
"colombia","Cauca","2.45","-76.6","1678.8","1993-12","177.3","18.0","26.3"
"colombia","Cauca","2.45","-76.6","1678.8","1994-01","117.8","17.62","25.46"
"colombia","Cauca","2.45","-76.6","1678.8","1994-02","74.2","17.9","26.08"
"colombia","Cauca","2.45","-76.6","1678.8","1994-03","140.4","17.9","26.49"
"colombia","Cauca","2.45","-76.6","1678.8","1994-04","104.7","18.42","26.41"
"colombia","Cauca","2.45","-76.6","1678.8","1994-05","56.4","18.61","26.08"
"colombia","Cauca","2.45","-76.6","1678.8","1994-06","55.8","18.08","25.62"
"colombia","Cauca","2.45","-76.6","1678.8","1994-07","40.6","18.25","26.55"
"colombia","Cauca","2.45","-76.6","1678.8","1994-08","18.0","18.34","27.28"
"colombia","Cauca","2.45","-76.6","1678.8","1994-09","35.7","19.04","28.35"
"colombia","Cauca","2.45","-76.6","1678.8","1994-10","84.6","18.12","26.65"
"colombia","Cauca","2.45","-76.6","1678.8","1994-11","92.4","18.05","26.28"
"colombia","Cauca","2.45","-76.6","1678.8","1994-12","58.6","18.53","27.45"
"colombia","Cauca","2.45","-76.6","1678.8","1995-01","23.2","18.75","27.9"
"colombia","Cauca","2.45","-76.6","1678.8","1995-02","63.0","18.89","29.68"
"colombia","Cauca","2.45","-76.6","1678.8","1995-03","68.5","18.59","28.59"
"colombia","Cauca","2.45","-76.6","1678.8","1995-04","81.9","18.93","26.89"
"colombia","Cauca","2.45","-76.6","1678.8","1995-05","76.6","18.52","27.15"
"colombia","Cauca","2.45","-76.6","1678.8","1995-06","62.1","18.38","27.58"
"colombia","Cauca","2.45","-76.6","1678.8","1995-07","83.7","18.16","26.33"
"colombia","Cauca","2.45","-76.6","1678.8","1995-08","31.0","18.47","27.68"
"colombia","Cauca","2.45","-76.6","1678.8","1995-09","41.1","18.82","28.25"
"colombia","Cauca","2.45","-76.6","1678.8","1995-10","99.8","18.1","28.4"
"colombia","Cauca","2.45","-76.6","1678.8","1995-11","163.2","17.53","25.27"
"colombia","Cauca","2.45","-76.6","1678.8","1995-12","90.2","17.21","24.84"
"colombia","Cauca","2.45","-76.6","1678.8","1996-01","112.2","17.25","25.71"
"colombia","Cauca","2.45","-76.6","1678.8","1996-02","108.8","17.69","26.6"
"colombia","Cauca","2.45","-76.6","1678.8","1996-03","182.6","17.94","25.39"
"colombia","Cauca","2.45","-76.6","1678.8","1996-04","122.4","18.2","26.92"
"colombia","Cauca","2.45","-76.6","1678.8","1996-05","118.1","18.11","26.07"
"colombia","Cauca","2.45","-76.6","1678.8","1996-06","98.1","17.93","25.97"
"colombia","Cauca","2.45","-76.6","1678.8","1996-07","49.0","17.68","25.82"
"colombia","Cauca","2.45","-76.6","1678.8","1996-08","32.6","17.84","26.35"
"colombia","Cauca","2.45","-76.6","1678.8","1996-09","33.6","18.5","27.13"
"colombia","Cauca","2.45","-76.6","1678.8","1996-10","158.1","17.79","25.63"
"colombia","Cauca","2.45","-76.6","1678.8","1996-11","98.1","17.44","26.6"
"colombia","Cauca","2.45","-76.6","1678.8","1996-12","87.7","17.77","26.0"
"colombia","Cauca","2.45","-76.6","1678.8","1997-01","118.7","16.47","22.93"
"colombia","Cauca","2.45","-76.6","1678.8","1997-02","43.1","18.31","27.83"
"colombia","Cauca","2.45","-76.6","1678.8","1997-03","88.7","18.74","27.91"
"colombia","Cauca","2.45","-76.6","1678.8","1997-04","98.1","18.81","27.0"
"colombia","Cauca","2.45","-76.6","1678.8","1997-05","48.1","19.07","27.16"
"colombia","Cauca","2.45","-76.6","1678.8","1997-06","58.2","18.39","27.09"
"colombia","Cauca","2.45","-76.6","1678.8","1997-07","14.9","19.15","27.65"
"colombia","Cauca","2.45","-76.6","1678.8","1997-08","16.7","19.45","28.73"
"colombia","Cauca","2.45","-76.6","1678.8","1997-09","38.1","19.3","28.53"
"colombia","Cauca","2.45","-76.6","1678.8","1997-10","99.8","18.9","27.92"
"colombia","Cauca","2.45","-76.6","1678.8","1997-11","161.7","18.2","25.16"
"colombia","Cauca","2.45","-76.6","1678.8","1997-12","43.1","19.23","27.59"
"colombia","Cauca","2.45","-76.6","1678.8","1998-01","14.3","20.15","29.62"
"colombia","Cauca","2.45","-76.6","1678.8","1998-02","91.6","20.17","28.08"
"colombia","Cauca","2.45","-76.6","1678.8","1998-03","155.6","19.91","29.16"
"colombia","Cauca","2.45","-76.6","1678.8","1998-04","128.4","19.82","27.44"
"colombia","Cauca","2.45","-76.6","1678.8","1998-05","125.2","19.36","27.89"
"colombia","Cauca","2.45","-76.6","1678.8","1998-06","57.0","18.74","26.52"
"colombia","Cauca","2.45","-76.6","1678.8","1998-07","73.8","18.21","26.12"
"colombia","Cauca","2.45","-76.6","1678.8","1998-08","94.2","18.45","26.41"
"colombia","Cauca","2.45","-76.6","1678.8","1998-09","94.2","18.35","26.48"
"colombia","Cauca","2.45","-76.6","1678.8","1998-10","168.3","18.14","27.98"
"colombia","Cauca","2.45","-76.6","1678.8","1998-11","195.9","17.2","24.13"
"colombia","Cauca","2.45","-76.6","1678.8","1998-12","101.4","17.31","24.05"
"colombia","Cauca","2.45","-76.6","1678.8","1999-01","197.5","17.04","24.33"
"colombia","Cauca","2.45","-76.6","1678.8","1999-02","245.3","17.24","25.49"
"colombia","Cauca","2.45","-76.6","1678.8","1999-03","194.1","17.91","25.8"
"colombia","Cauca","2.45","-76.6","1678.8","1999-04","165.3","18.08","25.19"
"colombia","Cauca","2.45","-76.6","1678.8","1999-05","148.8","17.76","24.54"
"colombia","Cauca","2.45","-76.6","1678.8","1999-06","133.2","17.55","23.89"
"colombia","Cauca","2.45","-76.6","1678.8","1999-07","21.7","17.69","25.31"
"colombia","Cauca","2.45","-76.6","1678.8","1999-08","24.5","17.51","25.83"
"colombia","Cauca","2.45","-76.6","1678.8","1999-09","116.4","17.33","25.26"
"colombia","Cauca","2.45","-76.6","1678.8","1999-10","103.9","17.4","24.56"
"colombia","Cauca","2.45","-76.6","1678.8","1999-11","187.2","16.96","23.68"
"colombia","Cauca","2.45","-76.6","1678.8","1999-12","179.2","16.87","23.52"
"colombia","Cauca","2.45","-76.6","1678.8","2000-01","184.8","16.7","23.94"
"colombia","Cauca","2.45","-76.6","1678.8","2000-02","122.7","17.48","24.93"
"colombia","Cauca","2.45","-76.6","1678.8","2000-03","131.8","17.53","25.33"
"colombia","Cauca","2.45","-76.6","1678.8","2000-04","132.6","18.0","25.26"
"colombia","Cauca","2.45","-76.6","1678.8","2000-05","144.5","18.02","24.28"
"colombia","Cauca","2.45","-76.6","1678.8","2000-06","72.6","17.88","24.67"
"colombia","Cauca","2.45","-76.6","1678.8","2000-07","29.1","17.65","25.09"
"colombia","Cauca","2.45","-76.6","1678.8","2000-08","53.9","18.1","26.8"
"colombia","Cauca","2.45","-76.6","1678.8","2000-09","105.6","17.75","25.43"
"colombia","Cauca","2.45","-76.6","1678.8","2000-10","54.2","18.33","26.8"
"colombia","Cauca","2.45","-76.6","1678.8","2000-11","98.4","17.64","25.77"
"colombia","Cauca","2.45","-76.6","1678.8","2000-12","45.3","18.22","26.36"
"colombia","Cauca","2.45","-76.6","1678.8","2001-01","34.1","18.0","27.3"
"colombia","Cauca","2.45","-76.6","1678.8","2001-02","52.6","18.76","27.83"
"colombia","Cauca","2.45","-76.6","1678.8","2001-03","77.2","18.42","27.91"
"colombia","Cauca","2.45","-76.6","1678.8","2001-04","40.2","19.38","27.79"
"colombia","Cauca","2.45","-76.6","1678.8","2001-05","46.5","19.1","28.26"
"colombia","Cauca","2.45","-76.6","1678.8","2001-06","110.1","18.69","27.48"
"colombia","Cauca","2.45","-76.6","1678.8","2001-07","16.7","18.72","28.44"
"colombia","Cauca","2.45","-76.6","1678.8","2001-08","5.3","19.73","30.05"
"colombia","Cauca","2.45","-76.6","1678.8","2001-09","79.8","18.73","28.51"
"colombia","Cauca","2.45","-76.6","1678.8","2001-10","39.7","19.15","30.36"
"colombia","Cauca","2.45","-76.6","1678.8","2001-11","123.9","18.41","28.38"
"colombia","Cauca","2.45","-76.6","1678.8","2001-12","105.4","18.24","26.41"
"colombia","Cauca","2.45","-76.6","1678.8","2002-01","28.5","18.71","28.19"
"colombia","Cauca","2.45","-76.6","1678.8","2002-02","23.8","19.21","28.39"
"colombia","Cauca","2.45","-76.6","1678.8","2002-03","84.3","19.39","29.26"
"colombia","Cauca","2.45","-76.6","1678.8","2002-04","98.7","18.74","26.98"
"colombia","Cauca","2.45","-76.6","1678.8","2002-05","77.8","19.36","28.69"
"colombia","Cauca","2.45","-76.6","1678.8","2002-06","86.1","18.51","28.0"
"colombia","Cauca","2.45","-76.6","1678.8","2002-07","34.7","19.21","27.89"
"colombia","Cauca","2.45","-76.6","1678.8","2002-08","27.6","19.78","29.21"
"colombia","Cauca","2.45","-76.6","1678.8","2002-09","23.4","19.6","29.43"
"colombia","Cauca","2.45","-76.6","1678.8","2002-10","120.3","19.23","29.52"
"colombia","Cauca","2.45","-76.6","1678.8","2002-11","135.6","18.65","26.9"
"colombia","Cauca","2.45","-76.6","1678.8","2002-12","113.1","18.78","26.96"
"colombia","Cauca","2.45","-76.6","1678.8","2003-01","28.2","19.48","28.53"
"colombia","Cauca","2.45","-76.6","1678.8","2003-02","54.3","19.2","28.12"
"colombia","Cauca","2.45","-76.6","1678.8","2003-03","152.2","18.82","27.89"
"colombia","Cauca","2.45","-76.6","1678.8","2003-04","156.3","18.86","28.7"
"colombia","Cauca","2.45","-76.6","1678.8","2003-05","33.2","18.92","27.52"
"colombia","Cauca","2.45","-76.6","1678.8","2003-06","64.5","18.31","25.74"
"colombia","Cauca","2.45","-76.6","1678.8","2003-07","39.4","18.68","27.93"
"colombia","Cauca","2.45","-76.6","1678.8","2003-08","111.6","18.99","27.51"
"colombia","Cauca","2.45","-76.6","1678.8","2003-09","30.6","18.86","27.7"
"colombia","Cauca","2.45","-76.6","1678.8","2003-10","106.6","18.43","27.99"
"colombia","Cauca","2.45","-76.6","1678.8","2003-11","196.8","18.4","26.26"
"colombia","Cauca","2.45","-76.6","1678.8","2003-12","51.1","18.35","26.81"
"colombia","Cauca","2.45","-76.6","1678.8","2004-01","79.4","18.32","27.09"
"colombia","Cauca","2.45","-76.6","1678.8","2004-02","31.6","18.76","27.4"
"colombia","Cauca","2.45","-76.6","1678.8","2004-03","81.5","19.37","27.86"
"colombia","Cauca","2.45","-76.6","1678.8","2004-04","196.8","18.7","28.31"
"colombia","Cauca","2.45","-76.6","1678.8","2004-05","145.4","18.79","27.92"
"colombia","Cauca","2.45","-76.6","1678.8","2004-06","36.0","18.55","26.21"
"colombia","Cauca","2.45","-76.6","1678.8","2004-07","49.0","18.08","25.9"
"colombia","Cauca","2.45","-76.6","1678.8","2004-08","16.1","19.08","28.38"
"colombia","Cauca","2.45","-76.6","1678.8","2004-09","58.2","18.64","28.74"
"colombia","Cauca","2.45","-76.6","1678.8","2004-10","188.8","18.23","27.45"
"colombia","Cauca","2.45","-76.6","1678.8","2004-11","190.5","18.03","25.94"
"colombia","Cauca","2.45","-76.6","1678.8","2004-12","72.9","17.91","25.37"
"colombia","Cauca","2.45","-76.6","1678.8","2005-01","36.3","18.29","26.52"
"colombia","Cauca","2.45","-76.6","1678.8","2005-02","48.2","18.97","27.52"
"colombia","Cauca","2.45","-76.6","1678.8","2005-03","55.8","18.57","26.63"
"colombia","Cauca","2.45","-76.6","1678.8","2005-04","81.6","19.39","28.1"
"colombia","Cauca","2.45","-76.6","1678.8","2005-05","93.9","18.77","27.77"
"colombia","Cauca","2.45","-76.6","1678.8","2005-06","105.3","18.96","27.46"
"colombia","Cauca","2.45","-76.6","1678.8","2005-07","21.4","19.12","28.25"
"colombia","Cauca","2.45","-76.6","1678.8","2005-08","31.9","19.39","28.78"
"colombia","Cauca","2.45","-76.6","1678.8","2005-09","115.8","19.03","27.94"
"colombia","Cauca","2.45","-76.6","1678.8","2005-10","169.6","18.07","26.32"
"colombia","Cauca","2.45","-76.6","1678.8","2005-11","96.0","17.65","25.52"
"colombia","Cauca","2.45","-76.6","1678.8","2005-12","125.9","17.17","25.59"
"colombia","Cauca","2.45","-76.6","1678.8","2006-01","79.4","17.78","26.12"
"colombia","Cauca","2.45","-76.6","1678.8","2006-02","94.6","18.66","26.98"
"colombia","Cauca","2.45","-76.6","1678.8","2006-03","98.9","18.41","26.43"
"colombia","Cauca","2.45","-76.6","1678.8","2006-04","113.4","18.35","27.46"
"colombia","Cauca","2.45","-76.6","1678.8","2006-05","77.5","18.63","26.32"
"colombia","Cauca","2.45","-76.6","1678.8","2006-06","99.0","18.32","26.81"
"colombia","Cauca","2.45","-76.6","1678.8","2006-07","24.8","18.45","26.52"
"colombia","Cauca","2.45","-76.6","1678.8","2006-08","13.3","19.23","28.28"
"colombia","Cauca","2.45","-76.6","1678.8","2006-09","30.9","19.18","28.25"
"colombia","Cauca","2.45","-76.6","1678.8","2006-10","108.2","18.7","28.89"
"colombia","Cauca","2.45","-76.6","1678.8","2006-11","117.0","18.01","24.85"
"colombia","Cauca","2.45","-76.6","1678.8","2006-12","115.0","18.33","27.09"
"colombia","Cauca","2.45","-76.6","1678.8","2007-01","45.6","19.4","27.76"
"colombia","Cauca","2.45","-76.6","1678.8","2007-02","20.2","18.89","29.22"
"colombia","Cauca","2.45","-76.6","1678.8","2007-03","78.7","18.7","27.93"
"colombia","Cauca","2.45","-76.6","1678.8","2007-04","121.5","18.74","25.94"
"colombia","Cauca","2.45","-76.6","1678.8","2007-05","65.1","18.77","27.64"
"colombia","Cauca","2.45","-76.6","1678.8","2007-06","19.8","18.59","27.16"
"colombia","Cauca","2.45","-76.6","1678.8","2007-07","27.9","19.18","28.6"
"colombia","Cauca","2.45","-76.6","1678.8","2007-08","22.6","18.61","27.38"
"colombia","Cauca","2.45","-76.6","1678.8","2007-09","24.9","19.23","28.75"
"colombia","Cauca","2.45","-76.6","1678.8","2007-10","143.2","17.87","29.22"
"colombia","Cauca","2.45","-76.6","1678.8","2007-11","50.1","18.21","27.76"
"colombia","Cauca","2.45","-76.6","1678.8","2007-12","92.1","17.39","25.68"
"colombia","Cauca","2.45","-76.6","1678.8","2008-01","89.0","17.79","26.26"
"colombia","Cauca","2.45","-76.6","1678.8","2008-02","135.7","17.52","25.41"
"colombia","Cauca","2.45","-76.6","1678.8","2008-03","146.0","17.5","25.55"
"colombia","Cauca","2.45","-76.6","1678.8","2008-04","137.4","18.15","26.56"
"colombia","Cauca","2.45","-76.6","1678.8","2008-05","164.6","17.95","26.69"
"colombia","Cauca","2.45","-76.6","1678.8","2008-06","109.8","17.98","25.42"
"colombia","Cauca","2.45","-76.6","1678.8","2008-07","46.8","17.69","25.34"
"colombia","Cauca","2.45","-76.6","1678.8","2008-08","64.5","18.01","25.39"
"colombia","Cauca","2.45","-76.6","1678.8","2008-09","65.4","18.19","26.7"
"colombia","Cauca","2.45","-76.6","1678.8","2008-10","129.0","18.05","25.8"
"colombia","Cauca","2.45","-76.6","1678.8","2008-11","138.0","17.64","25.15"
"colombia","Cauca","2.45","-76.6","1678.8","2008-12","45.3","17.37","26.08"
"colombia","Cauca","2.45","-76.6","1678.8","2009-01","51.5","17.67","24.23"
"colombia","Cauca","2.45","-76.6","1678.8","2009-02","47.9","18.18","26.74"
"colombia","Cauca","2.45","-76.6","1678.8","2009-03","125.9","18.22","25.73"
"colombia","Cauca","2.45","-76.6","1678.8","2009-04","36.3","18.47","26.75"
"colombia","Cauca","2.45","-76.6","1678.8","2009-05","28.2","18.93","27.41"
"colombia","Cauca","2.45","-76.6","1678.8","2009-06","27.0","18.83","28.05"
"colombia","Cauca","2.45","-76.6","1678.8","2009-07","8.1","19.55","29.25"
"colombia","Cauca","2.45","-76.6","1678.8","2009-08","20.2","19.56","28.57"
"colombia","Cauca","2.45","-76.6","1678.8","2009-09","15.9","20.33","30.51"
"colombia","Cauca","2.45","-76.6","1678.8","2009-10","57.7","19.32","30.3"
"colombia","Cauca","2.45","-76.6","1678.8","2009-11","77.1","19.05","28.91"
"colombia","Cauca","2.45","-76.6","1678.8","2009-12","64.5","18.71","29.23"
"colombia","Cauca","2.45","-76.6","1678.8","2010-01","6.2","19.94","30.31"
"colombia","Cauca","2.45","-76.6","1678.8","2010-02","58.8","19.86","30.01"
"colombia","Cauca","2.45","-76.6","1678.8","2010-03","32.2","20.01","29.41"
"colombia","Cauca","2.45","-76.6","1678.8","2010-04","190.2","19.35","28.75"
"colombia","Cauca","2.45","-76.6","1678.8","2010-05","148.2","19.14","27.12"
"colombia","Cauca","2.45","-76.6","1678.8","2010-06","64.2","18.5","25.87"
"colombia","Cauca","2.45","-76.6","1678.8","2010-07","79.4","18.28","26.18"
"colombia","Cauca","2.45","-76.6","1678.8","2010-08","16.4","18.58","26.86"
"colombia","Cauca","2.45","-76.6","1678.8","2010-09","72.9","18.39","27.61"
"colombia","Cauca","2.45","-76.6","1678.8","2010-10","134.8","18.11","27.77"
"colombia","Cauca","2.45","-76.6","1678.8","2010-11","257.4","16.99","24.74"
"colombia","Cauca","2.45","-76.6","1678.8","2010-12","133.0","17.11","24.1"
"colombia","Cauca","2.45","-76.6","1678.8","2011-01","59.5","17.68","25.48"
"colombia","Cauca","2.45","-76.6","1678.8","2011-02","150.6","17.75","26.1"
"colombia","Cauca","2.45","-76.6","1678.8","2011-03","106.0","17.57","25.17"
"colombia","Cauca","2.45","-76.6","1678.8","2011-04","245.1","17.78","24.59"
"colombia","Cauca","2.45","-76.6","1678.8","2011-05","93.3","18.46","25.8"
"colombia","Cauca","2.45","-76.6","1678.8","2011-06","46.2","18.35","25.46"
"colombia","Cauca","2.45","-76.6","1678.8","2011-07","76.3","18.14","25.72"
"colombia","Cauca","2.45","-76.6","1678.8","2011-08","14.3","18.44","26.65"
"colombia","Cauca","2.45","-76.6","1678.8","2011-09","46.8","18.44","26.62"
"colombia","Cauca","2.45","-76.6","1678.8","2011-10","119.7","17.33","25.08"
"colombia","Cauca","2.45","-76.6","1678.8","2011-11","267.6","17.52","26.06"
"colombia","Cauca","2.45","-76.6","1678.8","2011-12","129.0","17.66","25.51"
"colombia","Cauca","2.45","-76.6","1678.8","2012-01","145.7","17.36","25.02"
"colombia","Cauca","2.45","-76.6","1678.8","2012-02","77.4","17.14","23.36"
"colombia","Cauca","2.45","-76.6","1678.8","2012-03","81.8","18.39","26.04"
"colombia","Cauca","2.45","-76.6","1678.8","2012-04","179.7","17.98","25.34"
"colombia","Cauca","2.45","-76.6","1678.8","2012-05","36.0","18.34","25.64"
"colombia","Cauca","2.45","-76.6","1678.8","2012-06","23.7","18.23","26.2"
"colombia","Cauca","2.45","-76.6","1678.8","2012-07","11.2","18.51","26.68"
"colombia","Cauca","2.45","-76.6","1678.8","2012-08","19.8","18.61","27.16"
"colombia","Cauca","2.45","-76.6","1678.8","2012-09","8.4","19.27","28.6"
"colombia","Cauca","2.45","-76.6","1678.8","2012-10","151.9","18.15","27.51"
"colombia","Cauca","2.45","-76.6","1678.8","2012-11","138.0","18.18","26.65"
"colombia","Cauca","2.45","-76.6","1678.8","2012-12","70.1","17.94","26.56"
"colombia","Cauca","2.45","-76.6","1678.8","2013-01","23.2","18.9","27.27"
"colombia","Cauca","2.45","-76.6","1678.8","2013-02","104.2","18.22","25.89"
"colombia","Cauca","2.45","-76.6","1678.8","2013-03","71.3","19.01","27.16"
"colombia","Cauca","2.45","-76.6","1678.8","2013-04","105.0","18.88","27.01"
"colombia","Cauca","2.45","-76.6","1678.8","2013-05","200.6","18.24","25.17"
"colombia","Cauca","2.45","-76.6","1678.8","2013-06","10.5","18.82","27.13"
"colombia","Cauca","2.45","-76.6","1678.8","2013-07","11.8","18.71","27.28"
"colombia","Cauca","2.45","-76.6","1678.8","2013-08","39.7","18.51","26.78"
"colombia","Cauca","2.45","-76.6","1678.8","2013-09","18.3","19.05","29.18"
"colombia","Cauca","2.45","-76.6","1678.8","2013-10","95.5","18.63","28.99"
"colombia","Cauca","2.45","-76.6","1678.8","2013-11","107.1","17.89","26.55"
"colombia","Cauca","2.45","-76.6","1678.8","2013-12","102.3","18.28","27.59"
"colombia","Cauca","2.45","-76.6","1678.8","2014-01","87.1","18.56","25.98"
"colombia","Cauca","2.45","-76.6","1678.8","2014-02","67.2","18.25","26.28"
"colombia","Cauca","2.45","-76.6","1678.8","2014-03","63.2","18.2","27.88"
"colombia","Cauca","2.45","-76.6","1678.8","2014-04","92.4","19.06","28.02"
"colombia","Cauca","2.45","-76.6","1678.8","2014-05","145.1","18.68","26.14"
"colombia","Cauca","2.45","-76.6","1678.8","2014-06","51.0","19.24","26.78"
"colombia","Cauca","2.45","-76.6","1678.8","2014-07","17.7","19.55","28.29"
"colombia","Cauca","2.45","-76.6","1678.8","2014-08","14.3","18.95","28.98"
"colombia","Cauca","2.45","-76.6","1678.8","2014-09","38.1","19.2","28.15"
"colombia","Cauca","2.45","-76.6","1678.8","2014-10","161.5","18.56","27.94"
"colombia","Cauca","2.45","-76.6","1678.8","2014-11","142.5","18.05","26.46"
"colombia","Cauca","2.45","-76.6","1678.8","2014-12","123.1","18.47","26.59"
"colombia","Cauca","2.45","-76.6","1678.8","2015-01","39.7","18.53","26.89"
"colombia","Cauca","2.45","-76.6","1678.8","2015-02","53.5","18.77","27.48"
"colombia","Cauca","2.45","-76.6","1678.8","2015-03","137.3","18.63","27.61"
"colombia","Cauca","2.45","-76.6","1678.8","2015-04","125.1","19.04","27.52"
"colombia","Cauca","2.45","-76.6","1678.8","2015-05","41.9","19.35","27.41"
"colombia","Cauca","2.45","-76.6","1678.8","2015-06","17.1","19.48","27.36"
"colombia","Cauca","2.45","-76.6","1678.8","2015-07","24.2","19.46","28.23"
"colombia","Cauca","2.45","-76.6","1678.8","2015-08","6.8","19.95","28.78"
"colombia","Cauca","2.45","-76.6","1678.8","2015-09","4.8","20.47","30.7"
"colombia","Cauca","2.45","-76.6","1678.8","2015-10","71.6","19.41","28.35"
"colombia","Cauca","2.45","-76.6","1678.8","2015-11","106.8","18.98","27.96"
"colombia","Cauca","2.45","-76.6","1678.8","2015-12","14.9","20.39","30.23"
"colombia","Cauca","2.45","-76.6","1678.8","2016-01","51.1","19.63","29.53"
"colombia","Cauca","2.45","-76.6","1678.8","2016-02","13.3","20.18","29.11"
"colombia","Cauca","2.45","-76.6","1678.8","2016-03","104.2","19.65","29.73"
"colombia","Cauca","2.45","-76.6","1678.8","2016-04","150.9","19.38","28.19"
"colombia","Cauca","2.45","-76.6","1678.8","2016-05","129.3","19.48","27.65"
"colombia","Cauca","2.45","-76.6","1678.8","2016-06","26.4","18.78","26.62"
"colombia","Cauca","2.45","-76.6","1678.8","2016-07","24.5","18.99","28.07"
"colombia","Cauca","2.45","-76.6","1678.8","2016-08","6.5","19.8","29.43"
"colombia","Cauca","2.45","-76.6","1678.8","2016-09","61.2","19.23","28.61"
"colombia","Cauca","2.45","-76.6","1678.8","2016-10","127.1","18.77","27.13"
"colombia","Cauca","2.45","-76.6","1678.8","2016-11","107.1","18.35","26.17"
"colombia","Cauca","2.45","-76.6","1678.8","2016-12","134.2","18.17","25.08"
"colombia","Cauca","2.45","-76.6","1678.8","2017-01","130.2","17.76","26.75"
"colombia","Cauca","2.45","-76.6","1678.8","2017-02","47.6","18.38","27.18"
"colombia","Cauca","2.45","-76.6","1678.8","2017-03","240.2","18.04","25.41"
"colombia","Cauca","2.45","-76.6","1678.8","2017-04","118.2","18.81","26.35"
"colombia","Cauca","2.45","-76.6","1678.8","2017-05","137.6","18.63","25.7"
"colombia","Cauca","2.45","-76.6","1678.8","2017-06","87.3","18.45","26.0"
"colombia","Cauca","2.45","-76.6","1678.8","2017-07","24.2","18.48","26.0"
"colombia","Cauca","2.45","-76.6","1678.8","2017-08","38.1","18.7","26.72"
"colombia","Cauca","2.45","-76.6","1678.8","2017-09","45.6","18.87","28.01"
"colombia","Cauca","2.45","-76.6","1678.8","2017-10","147.6","18.49","28.15"
"colombia","Cauca","2.45","-76.6","1678.8","2017-11","96.9","18.08","24.77"
"colombia","Cauca","2.45","-76.6","1678.8","2017-12","120.9","18.34","26.03"
"colombia","Cauca","2.45","-76.6","1678.8","2018-01","110.0","17.96","25.75"
"colombia","Cauca","2.45","-76.6","1678.8","2018-02","117.9","18.41","25.69"
"colombia","Cauca","2.45","-76.6","1678.8","2018-03","50.8","18.75","26.8"
"colombia","Cauca","2.45","-76.6","1678.8","2018-04","114.0","18.36","26.39"
"colombia","Cauca","2.45","-76.6","1678.8","2018-05","129.0","18.44","25.25"
"colombia","Cauca","2.45","-76.6","1678.8","2018-06","18.0","18.57","26.14"
"colombia","Cauca","2.45","-76.6","1678.8","2018-07","55.8","18.84","26.93"
"colombia","Cauca","2.45","-76.6","1678.8","2018-08","47.1","18.97","27.42"
"colombia","Cauca","2.45","-76.6","1678.8","2018-09","52.8","19.14","28.12"
"colombia","Cauca","2.45","-76.6","1678.8","2018-10","79.4","18.53","27.38"
"colombia","Cauca","2.45","-76.6","1678.8","2018-11","188.7","18.51","25.48"
"colombia","Cauca","2.45","-76.6","1678.8","2018-12","14.3","18.93","27.56"
"colombia","Cauca","2.45","-76.6","1678.8","2019-01","62.3","19.05","28.44"
"colombia","Cauca","2.45","-76.6","1678.8","2019-02","64.7","19.12","27.44"
"colombia","Cauca","2.45","-76.6","1678.8","2019-03","85.6","19.22","27.43"
"colombia","Cauca","2.45","-76.6","1678.8","2019-04","192.6","18.98","27.09"
"colombia","Cauca","2.45","-76.6","1678.8","2019-05","130.5","18.95","27.8"
"colombia","Cauca","2.45","-76.6","1678.8","2019-06","51.6","19.11","27.12"
"colombia","Cauca","2.45","-76.6","1678.8","2019-07","12.4","19.11","27.23"
"colombia","Cauca","2.45","-76.6","1678.8","2019-08","3.1","19.67","28.18"
"colombia","Cauca","2.45","-76.6","1678.8","2019-09","69.0","19.62","28.93"
"colombia","Cauca","2.45","-76.6","1678.8","2019-10","132.7","18.29","26.48"
"colombia","Cauca","2.45","-76.6","1678.8","2019-11","235.2","18.56","26.72"
"colombia","Cauca","2.45","-76.6","1678.8","2019-12","123.1","18.76","25.64"
"colombia","Cauca","2.45","-76.6","1678.8","2020-01","58.3","19.03","28.01"
"colombia","Cauca","2.45","-76.6","1678.8","2020-02","68.7","19.49","28.58"
"colombia","Cauca","2.45","-76.6","1678.8","2020-03","42.2","18.97","26.01"
"colombia","Cauca","2.45","-76.6","1678.8","2020-04","46.5","19.22","27.47"
"colombia","Cauca","2.45","-76.6","1678.8","2020-05","40.0","19.7","27.62"
"colombia","Cauca","2.45","-76.6","1678.8","2020-06","78.0","19.0","27.24"
"colombia","Cauca","2.45","-76.6","1678.8","2020-07","129.9","18.62","26.82"
"colombia","Cauca","2.45","-76.6","1678.8","2020-08","27.0","19.13","28.59"
"colombia","Cauca","2.45","-76.6","1678.8","2020-09","20.7","19.31","29.06"
"colombia","Cauca","2.45","-76.6","1678.8","2020-10","58.0","19.3","29.99"
"colombia","Cauca","2.45","-76.6","1678.8","2020-11","126.6","18.34","27.88"
"colombia","Cauca","2.45","-76.6","1678.8","2020-12","156.9","18.19","26.32"
"colombia","Cauca","2.45","-76.6","1678.8","2021-01","146.9","18.39","26.74"
"colombia","Cauca","2.45","-76.6","1678.8","2021-02","80.9","18.82","25.97"
"colombia","Cauca","2.45","-76.6","1678.8","2021-03","127.7","18.19","25.41"
"colombia","Cauca","2.45","-76.6","1678.8","2021-04","195.0","18.53","26.32"
"colombia","Cauca","2.45","-76.6","1678.8","2021-05","102.9","18.86","26.47"
"colombia","Cauca","2.45","-76.6","1678.8","2021-06","149.7","18.17","25.11"
"colombia","Cauca","2.45","-76.6","1678.8","2021-07","24.5","18.47","26.78"
"colombia","Cauca","2.45","-76.6","1678.8","2021-08","40.9","18.41","26.54"
"colombia","Cauca","2.45","-76.6","1678.8","2021-09","44.7","18.72","27.31"
"colombia","Cauca","2.45","-76.6","1678.8","2021-10","61.7","18.85","27.37"
"colombia","Cauca","2.45","-76.6","1678.8","2021-11","85.5","18.18","25.66"
"colombia","Cauca","2.45","-76.6","1678.8","2021-12","131.1","18.5","26.79"
"colombia","Cauca","2.45","-76.6","1678.8","2022-01","77.2","18.17","27.03"
"colombia","Cauca","2.45","-76.6","1678.8","2022-02","129.6","18.0","25.78"
"colombia","Cauca","2.45","-76.6","1678.8","2022-03","144.8","18.21","25.01"
"colombia","Cauca","2.45","-76.6","1678.8","2022-04","178.8","18.52","26.19"
"colombia","Cauca","2.45","-76.6","1678.8","2022-05","106.3","18.6","26.75"
"colombia","Cauca","2.45","-76.6","1678.8","2022-06","140.1","17.74","24.56"
"colombia","Cauca","2.45","-76.6","1678.8","2022-07","59.8","18.36","26.06"
"colombia","Cauca","2.45","-76.6","1678.8","2022-08","31.6","18.44","26.28"
"colombia","Cauca","2.45","-76.6","1678.8","2022-09","85.5","18.63","26.62"
"colombia","Cauca","2.45","-76.6","1678.8","2022-10","196.5","18.17","26.26"
"colombia","Cauca","2.45","-76.6","1678.8","2022-11","87.3","17.97","24.61"
"colombia","Cauca","2.45","-76.6","1678.8","2022-12","75.0","17.85","25.39"
"colombia","Cauca","2.45","-76.6","1678.8","2023-01","124.0","17.76","26.83"
"colombia","Cauca","2.45","-76.6","1678.8","2023-02","49.6","18.85","26.09"
"colombia","Cauca","2.45","-76.6","1678.8","2023-03","179.8","18.25","27.0"
"colombia","Cauca","2.45","-76.6","1678.8","2023-04","153.0","18.8","26.24"
"colombia","Cauca","2.45","-76.6","1678.8","2023-05","103.5","19.58","27.74"
"colombia","Cauca","2.45","-76.6","1678.8","2023-06","22.8","19.2","27.31"
"colombia","Cauca","2.45","-76.6","1678.8","2023-07","68.2","19.31","27.09"
"colombia","Cauca","2.45","-76.6","1678.8","2023-08","73.2","19.41","28.35"
"colombia","Cauca","2.45","-76.6","1678.8","2023-09","49.5","20.09","28.42"
"colombia","Cauca","2.45","-76.6","1678.8","2023-10","80.6","19.22","27.48"
"colombia","Cauca","2.45","-76.6","1678.8","2023-11","122.1","19.34","27.27"
"colombia","Cauca","2.45","-76.6","1678.8","2023-12","169.9","19.47","28.34"
"colombia","Cauca","2.45","-76.6","1678.8","2024-01","53.9","20.24","28.48"
"colombia","Cauca","2.45","-76.6","1678.8","2024-02","123.0","19.67","27.13"
"colombia","Cauca","2.45","-76.6","1678.8","2024-03","113.1","19.91","28.37"
"colombia","Cauca","2.45","-76.6","1678.8","2024-04","148.8","19.66","29.1"
"colombia","Cauca","2.45","-76.6","1678.8","2024-05","139.8","19.79","26.97"
"colombia","Cauca","2.45","-76.6","1678.8","2024-06","202.8","19.06","27.46"
"colombia","Cauca","2.45","-76.6","1678.8","2024-07","84.6","19.09","26.81"
"colombia","Cauca","2.45","-76.6","1678.8","2024-08","22.3","19.36","27.95"
"colombia","Cauca","2.45","-76.6","1678.8","2024-09","35.1","19.93","28.12"
"colombia","Cauca","2.45","-76.6","1678.8","2024-10","102.9","19.42","28.29"
"colombia","Cauca","2.45","-76.6","1678.8","2024-11","104.4","18.54","26.73"
"colombia","Cauca","2.45","-76.6","1678.8","2024-12","133.9","18.78","26.49"
"colombia","Cauca","2.45","-76.6","1678.8","2025-01","72.5","18.69","26.9"
"colombia","Cauca","2.45","-76.6","1678.8","2025-02","143.1","18.47","26.16"
"colombia","Cauca","2.45","-76.6","1678.8","2025-03","311.9","18.4","26.55"
"colombia","Cauca","2.45","-76.6","1678.8","2025-04","229.5","18.85","26.88"
"colombia","Cauca","2.45","-76.6","1678.8","2025-05","146.3","18.81","25.69"
"colombia","Cauca","2.45","-76.6","1678.8","2025-06","243.3","18.52","25.19"
"colombia","Cauca","2.45","-76.6","1678.8","2025-07","78.1","18.46","25.2"
"colombia","Cauca","2.45","-76.6","1678.8","2025-08","78.1","18.65","25.97"
"colombia","Cauca","2.45","-76.6","1678.8","2025-09","72.3","18.74","26.67"
"colombia","Cauca","2.45","-76.6","1678.8","2025-10","186.6","18.19","25.39"
"colombia","Cauca","2.45","-76.6","1678.8","2025-11","131.1","18.46","25.74"
"colombia","Cauca","2.45","-76.6","1678.8","2025-12","46.2","18.3","26.23"
"ethiopia","Jimma","7.67","36.83","1934.5","1981-01","0.3","18.64","28.68"
"ethiopia","Jimma","7.67","36.83","1934.5","1981-02","24.1","20.08","30.29"
"ethiopia","Jimma","7.67","36.83","1934.5","1981-03","441.1","18.69","29.78"
"ethiopia","Jimma","7.67","36.83","1934.5","1981-04","433.5","17.58","24.24"
"ethiopia","Jimma","7.67","36.83","1934.5","1981-05","325.2","17.69","23.35"
"ethiopia","Jimma","7.67","36.83","1934.5","1981-06","129.6","17.03","22.74"
"ethiopia","Jimma","7.67","36.83","1934.5","1981-07","284.6","15.87","21.61"
"ethiopia","Jimma","7.67","36.83","1934.5","1981-08","397.1","16.5","22.11"
"ethiopia","Jimma","7.67","36.83","1934.5","1981-09","315.0","16.43","21.8"
"ethiopia","Jimma","7.67","36.83","1934.5","1981-10","155.6","16.44","22.0"
"ethiopia","Jimma","7.67","36.83","1934.5","1981-11","66.3","16.32","22.42"
"ethiopia","Jimma","7.67","36.83","1934.5","1981-12","23.9","16.36","23.85"
"ethiopia","Jimma","7.67","36.83","1934.5","1982-01","132.7","17.34","25.02"
"ethiopia","Jimma","7.67","36.83","1934.5","1982-02","118.2","17.88","25.38"
"ethiopia","Jimma","7.67","36.83","1934.5","1982-03","107.6","19.2","29.76"
"ethiopia","Jimma","7.67","36.83","1934.5","1982-04","387.6","17.93","24.0"
"ethiopia","Jimma","7.67","36.83","1934.5","1982-05","390.0","17.67","25.19"
"ethiopia","Jimma","7.67","36.83","1934.5","1982-06","256.8","16.74","23.0"
"ethiopia","Jimma","7.67","36.83","1934.5","1982-07","171.1","16.07","21.8"
"ethiopia","Jimma","7.67","36.83","1934.5","1982-08","315.3","16.06","22.08"
"ethiopia","Jimma","7.67","36.83","1934.5","1982-09","356.4","16.5","21.83"
"ethiopia","Jimma","7.67","36.83","1934.5","1982-10","318.7","16.56","22.59"
"ethiopia","Jimma","7.67","36.83","1934.5","1982-11","129.0","16.73","22.84"
"ethiopia","Jimma","7.67","36.83","1934.5","1982-12","66.3","16.63","22.79"
"ethiopia","Jimma","7.67","36.83","1934.5","1983-01","25.4","16.81","23.66"
"ethiopia","Jimma","7.67","36.83","1934.5","1983-02","65.2","18.29","25.82"
"ethiopia","Jimma","7.67","36.83","1934.5","1983-03","149.1","19.75","28.44"
"ethiopia","Jimma","7.67","36.83","1934.5","1983-04","391.8","18.14","24.04"
"ethiopia","Jimma","7.67","36.83","1934.5","1983-05","452.3","17.53","23.83"
"ethiopia","Jimma","7.67","36.83","1934.5","1983-06","252.0","17.03","22.8"
"ethiopia","Jimma","7.67","36.83","1934.5","1983-07","285.8","16.51","21.8"
"ethiopia","Jimma","7.67","36.83","1934.5","1983-08","463.4","16.27","22.12"
"ethiopia","Jimma","7.67","36.83","1934.5","1983-09","257.1","16.36","21.93"
"ethiopia","Jimma","7.67","36.83","1934.5","1983-10","307.2","16.21","21.76"
"ethiopia","Jimma","7.67","36.83","1934.5","1983-11","90.6","16.25","22.25"
"ethiopia","Jimma","7.67","36.83","1934.5","1983-12","10.2","15.92","22.32"
"ethiopia","Jimma","7.67","36.83","1934.5","1984-01","6.5","16.6","26.0"
"ethiopia","Jimma","7.67","36.83","1934.5","1984-02","13.6","19.2","29.55"
"ethiopia","Jimma","7.67","36.83","1934.5","1984-03","47.4","21.06","31.53"
"ethiopia","Jimma","7.67","36.83","1934.5","1984-04","216.6","19.42","28.69"
"ethiopia","Jimma","7.67","36.83","1934.5","1984-05","369.2","17.12","26.14"
"ethiopia","Jimma","7.67","36.83","1934.5","1984-06","168.9","15.9","22.0"
"ethiopia","Jimma","7.67","36.83","1934.5","1984-07","239.9","15.85","21.76"
"ethiopia","Jimma","7.67","36.83","1934.5","1984-08","368.6","16.35","21.84"
"ethiopia","Jimma","7.67","36.83","1934.5","1984-09","295.5","16.12","21.51"
"ethiopia","Jimma","7.67","36.83","1934.5","1984-10","75.6","16.65","22.49"
"ethiopia","Jimma","7.67","36.83","1934.5","1984-11","61.5","17.02","22.77"
"ethiopia","Jimma","7.67","36.83","1934.5","1984-12","24.5","16.66","24.86"
"ethiopia","Jimma","7.67","36.83","1934.5","1985-01","55.5","18.43","28.48"
"ethiopia","Jimma","7.67","36.83","1934.5","1985-02","25.2","18.72","29.26"
"ethiopia","Jimma","7.67","36.83","1934.5","1985-03","162.4","19.83","30.97"
"ethiopia","Jimma","7.67","36.83","1934.5","1985-04","421.8","17.2","23.8"
"ethiopia","Jimma","7.67","36.83","1934.5","1985-05","382.2","16.77","22.46"
"ethiopia","Jimma","7.67","36.83","1934.5","1985-06","184.2","16.18","22.3"
"ethiopia","Jimma","7.67","36.83","1934.5","1985-07","287.4","15.48","21.4"
"ethiopia","Jimma","7.67","36.83","1934.5","1985-08","396.5","15.57","21.59"
"ethiopia","Jimma","7.67","36.83","1934.5","1985-09","375.9","16.03","21.74"
"ethiopia","Jimma","7.67","36.83","1934.5","1985-10","116.9","16.33","22.08"
"ethiopia","Jimma","7.67","36.83","1934.5","1985-11","51.0","16.57","22.59"
"ethiopia","Jimma","7.67","36.83","1934.5","1985-12","10.2","16.54","23.9"
"ethiopia","Jimma","7.67","36.83","1934.5","1986-01","0.6","17.86","27.97"
"ethiopia","Jimma","7.67","36.83","1934.5","1986-02","86.0","18.84","28.42"
"ethiopia","Jimma","7.67","36.83","1934.5","1986-03","186.9","19.48","29.19"
"ethiopia","Jimma","7.67","36.83","1934.5","1986-04","405.6","17.49","24.99"
"ethiopia","Jimma","7.67","36.83","1934.5","1986-05","211.1","17.67","23.92"
"ethiopia","Jimma","7.67","36.83","1934.5","1986-06","330.3","16.54","22.45"
"ethiopia","Jimma","7.67","36.83","1934.5","1986-07","315.3","15.77","22.09"
"ethiopia","Jimma","7.67","36.83","1934.5","1986-08","347.5","15.94","22.13"
"ethiopia","Jimma","7.67","36.83","1934.5","1986-09","294.9","16.05","21.84"
"ethiopia","Jimma","7.67","36.83","1934.5","1986-10","173.9","16.51","22.18"
"ethiopia","Jimma","7.67","36.83","1934.5","1986-11","68.7","16.54","22.91"
"ethiopia","Jimma","7.67","36.83","1934.5","1986-12","34.7","16.59","23.27"
"ethiopia","Jimma","7.67","36.83","1934.5","1987-01","17.4","17.26","26.17"
"ethiopia","Jimma","7.67","36.83","1934.5","1987-02","142.5","18.4","28.38"
"ethiopia","Jimma","7.67","36.83","1934.5","1987-03","348.1","18.02","24.48"
"ethiopia","Jimma","7.67","36.83","1934.5","1987-04","350.4","18.03","24.03"
"ethiopia","Jimma","7.67","36.83","1934.5","1987-05","576.0","17.21","23.91"
"ethiopia","Jimma","7.67","36.83","1934.5","1987-06","418.2","16.75","22.32"
"ethiopia","Jimma","7.67","36.83","1934.5","1987-07","285.8","16.47","22.76"
"ethiopia","Jimma","7.67","36.83","1934.5","1987-08","261.9","16.37","22.42"
"ethiopia","Jimma","7.67","36.83","1934.5","1987-09","288.9","16.93","22.38"
"ethiopia","Jimma","7.67","36.83","1934.5","1987-10","223.2","16.92","22.96"
"ethiopia","Jimma","7.67","36.83","1934.5","1987-11","45.6","16.57","22.43"
"ethiopia","Jimma","7.67","36.83","1934.5","1987-12","27.9","16.6","23.5"
"ethiopia","Jimma","7.67","36.83","1934.5","1988-01","32.2","17.99","26.91"
"ethiopia","Jimma","7.67","36.83","1934.5","1988-02","141.8","18.47","26.09"
"ethiopia","Jimma","7.67","36.83","1934.5","1988-03","52.7","20.57","30.45"
"ethiopia","Jimma","7.67","36.83","1934.5","1988-04","269.4","19.44","31.78"
"ethiopia","Jimma","7.67","36.83","1934.5","1988-05","273.7","17.87","24.11"
"ethiopia","Jimma","7.67","36.83","1934.5","1988-06","215.7","16.64","22.74"
"ethiopia","Jimma","7.67","36.83","1934.5","1988-07","292.6","15.92","21.94"
"ethiopia","Jimma","7.67","36.83","1934.5","1988-08","383.5","16.21","22.06"
"ethiopia","Jimma","7.67","36.83","1934.5","1988-09","413.1","16.28","21.51"
"ethiopia","Jimma","7.67","36.83","1934.5","1988-10","381.3","16.52","22.41"
"ethiopia","Jimma","7.67","36.83","1934.5","1988-11","33.6","16.08","22.32"
"ethiopia","Jimma","7.67","36.83","1934.5","1988-12","23.9","15.87","23.41"
"ethiopia","Jimma","7.67","36.83","1934.5","1989-01","47.4","16.59","26.4"
"ethiopia","Jimma","7.67","36.83","1934.5","1989-02","101.1","17.62","28.24"
"ethiopia","Jimma","7.67","36.83","1934.5","1989-03","230.6","18.23","28.01"
"ethiopia","Jimma","7.67","36.83","1934.5","1989-04","260.4","17.74","23.76"
"ethiopia","Jimma","7.67","36.83","1934.5","1989-05","179.5","17.48","23.97"
"ethiopia","Jimma","7.67","36.83","1934.5","1989-06","321.3","16.31","22.62"
"ethiopia","Jimma","7.67","36.83","1934.5","1989-07","457.9","16.26","21.82"
"ethiopia","Jimma","7.67","36.83","1934.5","1989-08","289.5","16.1","21.96"
"ethiopia","Jimma","7.67","36.83","1934.5","1989-09","268.8","16.17","22.04"
"ethiopia","Jimma","7.67","36.83","1934.5","1989-10","193.1","16.56","22.57"
"ethiopia","Jimma","7.67","36.83","1934.5","1989-11","79.8","16.99","22.74"
"ethiopia","Jimma","7.67","36.83","1934.5","1989-12","165.5","16.97","22.48"
"ethiopia","Jimma","7.67","36.83","1934.5","1990-01","36.6","16.72","24.49"
"ethiopia","Jimma","7.67","36.83","1934.5","1990-02","166.0","17.74","23.99"
"ethiopia","Jimma","7.67","36.83","1934.5","1990-03","131.4","17.78","24.24"
"ethiopia","Jimma","7.67","36.83","1934.5","1990-04","237.6","18.13","24.75"
"ethiopia","Jimma","7.67","36.83","1934.5","1990-05","151.6","18.17","24.87"
"ethiopia","Jimma","7.67","36.83","1934.5","1990-06","223.8","16.54","21.9"
"ethiopia","Jimma","7.67","36.83","1934.5","1990-07","307.5","16.02","21.56"
"ethiopia","Jimma","7.67","36.83","1934.5","1990-08","411.1","16.2","22.03"
"ethiopia","Jimma","7.67","36.83","1934.5","1990-09","268.5","16.53","21.91"
"ethiopia","Jimma","7.67","36.83","1934.5","1990-10","164.9","16.58","22.77"
"ethiopia","Jimma","7.67","36.83","1934.5","1990-11","48.6","16.59","22.71"
"ethiopia","Jimma","7.67","36.83","1934.5","1990-12","26.3","16.75","24.58"
"ethiopia","Jimma","7.67","36.83","1934.5","1991-01","44.9","18.25","27.45"
"ethiopia","Jimma","7.67","36.83","1934.5","1991-02","84.8","18.96","28.41"
"ethiopia","Jimma","7.67","36.83","1934.5","1991-03","140.4","19.05","27.79"
"ethiopia","Jimma","7.67","36.83","1934.5","1991-04","222.3","18.49","25.42"
"ethiopia","Jimma","7.67","36.83","1934.5","1991-05","329.2","18.22","25.43"
"ethiopia","Jimma","7.67","36.83","1934.5","1991-06","237.3","17.34","23.47"
"ethiopia","Jimma","7.67","36.83","1934.5","1991-07","310.9","16.04","22.81"
"ethiopia","Jimma","7.67","36.83","1934.5","1991-08","234.4","16.18","22.15"
"ethiopia","Jimma","7.67","36.83","1934.5","1991-09","206.1","16.42","22.18"
"ethiopia","Jimma","7.67","36.83","1934.5","1991-10","103.9","16.41","22.8"
"ethiopia","Jimma","7.67","36.83","1934.5","1991-11","26.1","16.32","22.61"
"ethiopia","Jimma","7.67","36.83","1934.5","1991-12","65.4","16.41","23.6"
"ethiopia","Jimma","7.67","36.83","1934.5","1992-01","45.6","17.44","25.64"
"ethiopia","Jimma","7.67","36.83","1934.5","1992-02","116.0","17.89","25.4"
"ethiopia","Jimma","7.67","36.83","1934.5","1992-03","99.2","19.63","28.95"
"ethiopia","Jimma","7.67","36.83","1934.5","1992-04","193.5","19.44","28.92"
"ethiopia","Jimma","7.67","36.83","1934.5","1992-05","322.7","17.87","24.64"
"ethiopia","Jimma","7.67","36.83","1934.5","1992-06","345.6","16.75","22.28"
"ethiopia","Jimma","7.67","36.83","1934.5","1992-07","246.8","16.01","21.6"
"ethiopia","Jimma","7.67","36.83","1934.5","1992-08","352.5","15.8","22.19"
"ethiopia","Jimma","7.67","36.83","1934.5","1992-09","185.1","16.11","21.88"
"ethiopia","Jimma","7.67","36.83","1934.5","1992-10","215.8","16.28","21.67"
"ethiopia","Jimma","7.67","36.83","1934.5","1992-11","98.4","16.06","21.93"
"ethiopia","Jimma","7.67","36.83","1934.5","1992-12","54.6","16.87","23.21"
"ethiopia","Jimma","7.67","36.83","1934.5","1993-01","81.5","16.58","23.64"
"ethiopia","Jimma","7.67","36.83","1934.5","1993-02","66.9","17.51","26.08"
"ethiopia","Jimma","7.67","36.83","1934.5","1993-03","91.5","18.7","26.67"
"ethiopia","Jimma","7.67","36.83","1934.5","1993-04","293.7","17.88","24.79"
"ethiopia","Jimma","7.67","36.83","1934.5","1993-05","400.2","17.48","23.94"
"ethiopia","Jimma","7.67","36.83","1934.5","1993-06","424.5","16.44","22.06"
"ethiopia","Jimma","7.67","36.83","1934.5","1993-07","335.4","15.78","21.77"
"ethiopia","Jimma","7.67","36.83","1934.5","1993-08","328.3","16.03","21.97"
"ethiopia","Jimma","7.67","36.83","1934.5","1993-09","163.2","16.28","21.95"
"ethiopia","Jimma","7.67","36.83","1934.5","1993-10","271.9","16.54","22.05"
"ethiopia","Jimma","7.67","36.83","1934.5","1993-11","44.4","16.74","22.76"
"ethiopia","Jimma","7.67","36.83","1934.5","1993-12","7.8","16.56","23.39"
"ethiopia","Jimma","7.67","36.83","1934.5","1994-01","0.9","18.05","29.11"
"ethiopia","Jimma","7.67","36.83","1934.5","1994-02","29.1","19.72","29.54"
"ethiopia","Jimma","7.67","36.83","1934.5","1994-03","146.6","19.49","29.5"
"ethiopia","Jimma","7.67","36.83","1934.5","1994-04","300.3","18.97","27.17"
"ethiopia","Jimma","7.67","36.83","1934.5","1994-05","358.4","17.69","23.81"
"ethiopia","Jimma","7.67","36.83","1934.5","1994-06","291.9","16.29","22.11"
"ethiopia","Jimma","7.67","36.83","1934.5","1994-07","347.2","15.65","21.51"
"ethiopia","Jimma","7.67","36.83","1934.5","1994-08","288.9","16.01","22.24"
"ethiopia","Jimma","7.67","36.83","1934.5","1994-09","279.0","16.52","22.46"
"ethiopia","Jimma","7.67","36.83","1934.5","1994-10","139.5","16.61","22.7"
"ethiopia","Jimma","7.67","36.83","1934.5","1994-11","93.9","16.64","22.8"
"ethiopia","Jimma","7.67","36.83","1934.5","1994-12","9.6","16.63","24.13"
"ethiopia","Jimma","7.67","36.83","1934.5","1995-01","7.8","17.86","27.24"
"ethiopia","Jimma","7.67","36.83","1934.5","1995-02","66.6","18.81","29.06"
"ethiopia","Jimma","7.67","36.83","1934.5","1995-03","155.0","19.18","27.62"
"ethiopia","Jimma","7.67","36.83","1934.5","1995-04","322.8","18.79","28.19"
"ethiopia","Jimma","7.67","36.83","1934.5","1995-05","288.6","17.64","24.14"
"ethiopia","Jimma","7.67","36.83","1934.5","1995-06","330.9","17.33","23.56"
"ethiopia","Jimma","7.67","36.83","1934.5","1995-07","241.5","15.9","21.86"
"ethiopia","Jimma","7.67","36.83","1934.5","1995-08","270.9","16.26","22.67"
"ethiopia","Jimma","7.67","36.83","1934.5","1995-09","303.0","16.53","22.39"
"ethiopia","Jimma","7.67","36.83","1934.5","1995-10","190.7","16.65","22.49"
"ethiopia","Jimma","7.67","36.83","1934.5","1995-11","64.8","16.52","22.68"
"ethiopia","Jimma","7.67","36.83","1934.5","1995-12","109.1","16.7","22.41"
"ethiopia","Jimma","7.67","36.83","1934.5","1996-01","76.9","16.87","23.06"
"ethiopia","Jimma","7.67","36.83","1934.5","1996-02","41.2","18.41","26.61"
"ethiopia","Jimma","7.67","36.83","1934.5","1996-03","304.7","18.78","26.98"
"ethiopia","Jimma","7.67","36.83","1934.5","1996-04","291.9","18.06","24.57"
"ethiopia","Jimma","7.67","36.83","1934.5","1996-05","421.6","17.44","24.32"
"ethiopia","Jimma","7.67","36.83","1934.5","1996-06","382.8","16.64","21.97"
"ethiopia","Jimma","7.67","36.83","1934.5","1996-07","429.7","15.94","21.74"
"ethiopia","Jimma","7.67","36.83","1934.5","1996-08","402.4","16.18","22.02"
"ethiopia","Jimma","7.67","36.83","1934.5","1996-09","382.2","16.55","21.96"
"ethiopia","Jimma","7.67","36.83","1934.5","1996-10","196.5","16.6","22.34"
"ethiopia","Jimma","7.67","36.83","1934.5","1996-11","84.3","16.15","22.51"
"ethiopia","Jimma","7.67","36.83","1934.5","1996-12","11.8","15.9","22.54"
"ethiopia","Jimma","7.67","36.83","1934.5","1997-01","38.1","17.54","25.57"
"ethiopia","Jimma","7.67","36.83","1934.5","1997-02","3.6","19.38","30.16"
"ethiopia","Jimma","7.67","36.83","1934.5","1997-03","97.6","20.83","30.86"
"ethiopia","Jimma","7.67","36.83","1934.5","1997-04","401.4","17.97","24.83"
"ethiopia","Jimma","7.67","36.83","1934.5","1997-05","337.9","17.3","24.19"
"ethiopia","Jimma","7.67","36.83","1934.5","1997-06","368.7","16.89","22.57"
"ethiopia","Jimma","7.67","36.83","1934.5","1997-07","213.3","16.31","23.09"
"ethiopia","Jimma","7.67","36.83","1934.5","1997-08","241.2","16.47","22.58"
"ethiopia","Jimma","7.67","36.83","1934.5","1997-09","232.5","16.8","22.35"
"ethiopia","Jimma","7.67","36.83","1934.5","1997-10","514.3","16.7","22.68"
"ethiopia","Jimma","7.67","36.83","1934.5","1997-11","191.7","17.31","23.26"
"ethiopia","Jimma","7.67","36.83","1934.5","1997-12","61.4","17.58","23.38"
"ethiopia","Jimma","7.67","36.83","1934.5","1998-01","109.7","17.7","25.42"
"ethiopia","Jimma","7.67","36.83","1934.5","1998-02","90.2","18.17","25.12"
"ethiopia","Jimma","7.67","36.83","1934.5","1998-03","76.9","19.31","26.3"
"ethiopia","Jimma","7.67","36.83","1934.5","1998-04","114.6","20.07","27.46"
"ethiopia","Jimma","7.67","36.83","1934.5","1998-05","284.0","18.48","25.3"
"ethiopia","Jimma","7.67","36.83","1934.5","1998-06","407.4","17.12","24.08"
"ethiopia","Jimma","7.67","36.83","1934.5","1998-07","364.9","16.06","21.87"
"ethiopia","Jimma","7.67","36.83","1934.5","1998-08","253.6","16.45","22.68"
"ethiopia","Jimma","7.67","36.83","1934.5","1998-09","266.4","16.6","22.08"
"ethiopia","Jimma","7.67","36.83","1934.5","1998-10","383.5","16.78","22.47"
"ethiopia","Jimma","7.67","36.83","1934.5","1998-11","113.7","16.19","22.6"
"ethiopia","Jimma","7.67","36.83","1934.5","1998-12","2.5","15.81","23.0"
"ethiopia","Jimma","7.67","36.83","1934.5","1999-01","33.8","17.38","26.98"
"ethiopia","Jimma","7.67","36.83","1934.5","1999-02","6.2","20.4","30.35"
"ethiopia","Jimma","7.67","36.83","1934.5","1999-03","83.1","20.01","29.92"
"ethiopia","Jimma","7.67","36.83","1934.5","1999-04","150.3","19.47","28.62"
"ethiopia","Jimma","7.67","36.83","1934.5","1999-05","293.3","17.12","23.02"
"ethiopia","Jimma","7.67","36.83","1934.5","1999-06","227.7","16.35","22.17"
"ethiopia","Jimma","7.67","36.83","1934.5","1999-07","247.4","15.52","21.15"
"ethiopia","Jimma","7.67","36.83","1934.5","1999-08","181.3","16.12","21.77"
"ethiopia","Jimma","7.67","36.83","1934.5","1999-09","153.6","16.43","23.22"
"ethiopia","Jimma","7.67","36.83","1934.5","1999-10","293.6","16.22","22.19"
"ethiopia","Jimma","7.67","36.83","1934.5","1999-11","13.8","15.85","22.53"
"ethiopia","Jimma","7.67","36.83","1934.5","1999-12","9.6","16.44","23.89"
"ethiopia","Jimma","7.67","36.83","1934.5","2000-01","1.2","18.19","28.57"
"ethiopia","Jimma","7.67","36.83","1934.5","2000-02","2.6","20.67","31.29"
"ethiopia","Jimma","7.67","36.83","1934.5","2000-03","16.1","22.39","32.72"
"ethiopia","Jimma","7.67","36.83","1934.5","2000-04","199.5","18.73","30.66"
"ethiopia","Jimma","7.67","36.83","1934.5","2000-05","204.6","17.5","23.32"
"ethiopia","Jimma","7.67","36.83","1934.5","2000-06","223.5","16.53","22.2"
"ethiopia","Jimma","7.67","36.83","1934.5","2000-07","121.5","16.07","21.91"
"ethiopia","Jimma","7.67","36.83","1934.5","2000-08","169.6","16.21","22.43"
"ethiopia","Jimma","7.67","36.83","1934.5","2000-09","170.7","16.59","22.63"
"ethiopia","Jimma","7.67","36.83","1934.5","2000-10","186.6","16.81","22.68"
"ethiopia","Jimma","7.67","36.83","1934.5","2000-11","46.2","16.55","22.73"
"ethiopia","Jimma","7.67","36.83","1934.5","2000-12","34.4","16.46","24.33"
"ethiopia","Jimma","7.67","36.83","1934.5","2001-01","30.1","17.53","26.35"
"ethiopia","Jimma","7.67","36.83","1934.5","2001-02","23.8","20.0","30.96"
"ethiopia","Jimma","7.67","36.83","1934.5","2001-03","144.5","19.22","30.71"
"ethiopia","Jimma","7.67","36.83","1934.5","2001-04","171.9","18.98","26.63"
"ethiopia","Jimma","7.67","36.83","1934.5","2001-05","235.0","17.92","25.11"
"ethiopia","Jimma","7.67","36.83","1934.5","2001-06","259.5","16.25","21.74"
"ethiopia","Jimma","7.67","36.83","1934.5","2001-07","143.8","16.35","22.88"
"ethiopia","Jimma","7.67","36.83","1934.5","2001-08","129.3","16.29","23.26"
"ethiopia","Jimma","7.67","36.83","1934.5","2001-09","122.4","16.86","23.25"
"ethiopia","Jimma","7.67","36.83","1934.5","2001-10","146.0","17.06","22.69"
"ethiopia","Jimma","7.67","36.83","1934.5","2001-11","41.7","16.34","22.68"
"ethiopia","Jimma","7.67","36.83","1934.5","2001-12","9.6","17.87","25.83"
"ethiopia","Jimma","7.67","36.83","1934.5","2002-01","70.1","17.93","27.0"
"ethiopia","Jimma","7.67","36.83","1934.5","2002-02","10.6","20.86","31.27"
"ethiopia","Jimma","7.67","36.83","1934.5","2002-03","160.9","19.54","29.13"
"ethiopia","Jimma","7.67","36.83","1934.5","2002-04","168.9","18.99","27.39"
"ethiopia","Jimma","7.67","36.83","1934.5","2002-05","150.3","18.71","25.92"
"ethiopia","Jimma","7.67","36.83","1934.5","2002-06","242.1","16.89","23.84"
"ethiopia","Jimma","7.67","36.83","1934.5","2002-07","123.7","16.96","22.8"
"ethiopia","Jimma","7.67","36.83","1934.5","2002-08","107.3","16.65","22.86"
"ethiopia","Jimma","7.67","36.83","1934.5","2002-09","158.7","17.16","23.58"
"ethiopia","Jimma","7.67","36.83","1934.5","2002-10","109.7","17.44","23.76"
"ethiopia","Jimma","7.67","36.83","1934.5","2002-11","23.1","18.2","27.3"
"ethiopia","Jimma","7.67","36.83","1934.5","2002-12","72.9","18.63","27.66"
"ethiopia","Jimma","7.67","36.83","1934.5","2003-01","12.4","18.99","29.0"
"ethiopia","Jimma","7.67","36.83","1934.5","2003-02","24.6","21.79","32.55"
"ethiopia","Jimma","7.67","36.83","1934.5","2003-03","146.3","20.7","31.95"
"ethiopia","Jimma","7.67","36.83","1934.5","2003-04","102.6","19.77","30.96"
"ethiopia","Jimma","7.67","36.83","1934.5","2003-05","79.4","20.63","31.06"
"ethiopia","Jimma","7.67","36.83","1934.5","2003-06","161.4","17.38","24.75"
"ethiopia","Jimma","7.67","36.83","1934.5","2003-07","95.8","16.78","23.49"
"ethiopia","Jimma","7.67","36.83","1934.5","2003-08","164.0","16.43","22.95"
"ethiopia","Jimma","7.67","36.83","1934.5","2003-09","110.1","17.14","23.26"
"ethiopia","Jimma","7.67","36.83","1934.5","2003-10","38.8","18.53","27.65"
"ethiopia","Jimma","7.67","36.83","1934.5","2003-11","54.0","19.43","28.43"
"ethiopia","Jimma","7.67","36.83","1934.5","2003-12","69.1","18.37","28.2"
"ethiopia","Jimma","7.67","36.83","1934.5","2004-01","23.2","20.12","30.41"
"ethiopia","Jimma","7.67","36.83","1934.5","2004-02","22.0","20.71","31.7"
"ethiopia","Jimma","7.67","36.83","1934.5","2004-03","33.2","22.23","32.79"
"ethiopia","Jimma","7.67","36.83","1934.5","2004-04","208.8","18.78","26.74"
"ethiopia","Jimma","7.67","36.83","1934.5","2004-05","86.8","18.99","29.11"
"ethiopia","Jimma","7.67","36.83","1934.5","2004-06","99.3","16.99","22.95"
"ethiopia","Jimma","7.67","36.83","1934.5","2004-07","118.1","16.61","24.21"
"ethiopia","Jimma","7.67","36.83","1934.5","2004-08","123.4","16.96","23.49"
"ethiopia","Jimma","7.67","36.83","1934.5","2004-09","157.8","17.16","22.92"
"ethiopia","Jimma","7.67","36.83","1934.5","2004-10","99.8","17.09","25.65"
"ethiopia","Jimma","7.67","36.83","1934.5","2004-11","101.7","18.16","26.47"
"ethiopia","Jimma","7.67","36.83","1934.5","2004-12","67.3","18.83","27.68"
"ethiopia","Jimma","7.67","36.83","1934.5","2005-01","34.1","18.74","29.66"
"ethiopia","Jimma","7.67","36.83","1934.5","2005-02","21.0","22.16","33.16"
"ethiopia","Jimma","7.67","36.83","1934.5","2005-03","141.0","20.13","32.1"
"ethiopia","Jimma","7.67","36.83","1934.5","2005-04","232.8","20.33","31.47"
"ethiopia","Jimma","7.67","36.83","1934.5","2005-05","276.2","18.02","23.77"
"ethiopia","Jimma","7.67","36.83","1934.5","2005-06","106.2","17.06","23.32"
"ethiopia","Jimma","7.67","36.83","1934.5","2005-07","164.3","16.23","22.02"
"ethiopia","Jimma","7.67","36.83","1934.5","2005-08","113.8","16.96","23.25"
"ethiopia","Jimma","7.67","36.83","1934.5","2005-09","148.5","16.96","22.62"
"ethiopia","Jimma","7.67","36.83","1934.5","2005-10","97.6","17.24","23.03"
"ethiopia","Jimma","7.67","36.83","1934.5","2005-11","30.9","16.77","24.4"
"ethiopia","Jimma","7.67","36.83","1934.5","2005-12","0.3","17.89","28.4"
"ethiopia","Jimma","7.67","36.83","1934.5","2006-01","19.5","20.3","31.09"
"ethiopia","Jimma","7.67","36.83","1934.5","2006-02","58.2","20.66","31.15"
"ethiopia","Jimma","7.67","36.83","1934.5","2006-03","204.6","19.4","30.57"
"ethiopia","Jimma","7.67","36.83","1934.5","2006-04","199.2","18.28","25.52"
"ethiopia","Jimma","7.67","36.83","1934.5","2006-05","322.4","18.03","23.99"
"ethiopia","Jimma","7.67","36.83","1934.5","2006-06","230.4","16.8","22.94"
"ethiopia","Jimma","7.67","36.83","1934.5","2006-07","329.5","16.27","22.09"
"ethiopia","Jimma","7.67","36.83","1934.5","2006-08","263.8","16.25","22.07"
"ethiopia","Jimma","7.67","36.83","1934.5","2006-09","266.4","16.47","22.33"
"ethiopia","Jimma","7.67","36.83","1934.5","2006-10","279.9","17.02","22.36"
"ethiopia","Jimma","7.67","36.83","1934.5","2006-11","85.8","16.65","22.86"
"ethiopia","Jimma","7.67","36.83","1934.5","2006-12","73.8","16.8","22.88"
"ethiopia","Jimma","7.67","36.83","1934.5","2007-01","56.1","17.01","24.19"
"ethiopia","Jimma","7.67","36.83","1934.5","2007-02","79.2","18.45","25.95"
"ethiopia","Jimma","7.67","36.83","1934.5","2007-03","128.3","19.47","29.78"
"ethiopia","Jimma","7.67","36.83","1934.5","2007-04","231.0","18.65","26.01"
"ethiopia","Jimma","7.67","36.83","1934.5","2007-05","349.1","18.1","24.62"
"ethiopia","Jimma","7.67","36.83","1934.5","2007-06","229.2","16.89","22.71"
"ethiopia","Jimma","7.67","36.83","1934.5","2007-07","305.3","16.24","22.3"
"ethiopia","Jimma","7.67","36.83","1934.5","2007-08","292.9","16.16","21.98"
"ethiopia","Jimma","7.67","36.83","1934.5","2007-09","298.2","16.57","22.13"
"ethiopia","Jimma","7.67","36.83","1934.5","2007-10","128.0","16.58","22.48"
"ethiopia","Jimma","7.67","36.83","1934.5","2007-11","71.7","16.21","22.68"
"ethiopia","Jimma","7.67","36.83","1934.5","2007-12","4.3","15.91","24.54"
"ethiopia","Jimma","7.67","36.83","1934.5","2008-01","30.7","18.43","27.93"
"ethiopia","Jimma","7.67","36.83","1934.5","2008-02","15.7","19.81","29.78"
"ethiopia","Jimma","7.67","36.83","1934.5","2008-03","54.6","21.7","31.62"
"ethiopia","Jimma","7.67","36.83","1934.5","2008-04","317.1","18.08","26.06"
"ethiopia","Jimma","7.67","36.83","1934.5","2008-05","204.0","17.52","23.33"
"ethiopia","Jimma","7.67","36.83","1934.5","2008-06","172.2","16.37","22.21"
"ethiopia","Jimma","7.67","36.83","1934.5","2008-07","219.2","16.07","21.93"
"ethiopia","Jimma","7.67","36.83","1934.5","2008-08","220.1","16.3","22.33"
"ethiopia","Jimma","7.67","36.83","1934.5","2008-09","211.5","16.68","22.48"
"ethiopia","Jimma","7.67","36.83","1934.5","2008-10","224.4","16.82","22.68"
"ethiopia","Jimma","7.67","36.83","1934.5","2008-11","142.2","16.22","22.72"
"ethiopia","Jimma","7.67","36.83","1934.5","2008-12","15.2","16.37","22.84"
"ethiopia","Jimma","7.67","36.83","1934.5","2009-01","49.3","17.02","24.64"
"ethiopia","Jimma","7.67","36.83","1934.5","2009-02","28.6","19.6","29.95"
"ethiopia","Jimma","7.67","36.83","1934.5","2009-03","104.8","20.61","29.77"
"ethiopia","Jimma","7.67","36.83","1934.5","2009-04","257.4","18.76","25.59"
"ethiopia","Jimma","7.67","36.83","1934.5","2009-05","148.8","18.51","25.98"
"ethiopia","Jimma","7.67","36.83","1934.5","2009-06","138.0","17.51","23.17"
"ethiopia","Jimma","7.67","36.83","1934.5","2009-07","177.3","16.34","22.46"
"ethiopia","Jimma","7.67","36.83","1934.5","2009-08","220.7","16.6","22.61"
"ethiopia","Jimma","7.67","36.83","1934.5","2009-09","243.6","17.28","22.99"
"ethiopia","Jimma","7.67","36.83","1934.5","2009-10","285.5","17.03","22.94"
"ethiopia","Jimma","7.67","36.83","1934.5","2009-11","30.0","16.48","22.95"
"ethiopia","Jimma","7.67","36.83","1934.5","2009-12","104.2","16.88","23.24"
"ethiopia","Jimma","7.67","36.83","1934.5","2010-01","25.7","17.47","25.95"
"ethiopia","Jimma","7.67","36.83","1934.5","2010-02","70.8","18.72","26.53"
"ethiopia","Jimma","7.67","36.83","1934.5","2010-03","131.4","19.28","29.07"
"ethiopia","Jimma","7.67","36.83","1934.5","2010-04","225.0","18.95","25.38"
"ethiopia","Jimma","7.67","36.83","1934.5","2010-05","399.9","18.08","23.82"
"ethiopia","Jimma","7.67","36.83","1934.5","2010-06","353.7","17.19","22.8"
"ethiopia","Jimma","7.67","36.83","1934.5","2010-07","264.7","16.31","21.79"
"ethiopia","Jimma","7.67","36.83","1934.5","2010-08","228.2","16.48","22.28"
"ethiopia","Jimma","7.67","36.83","1934.5","2010-09","261.6","16.54","22.3"
"ethiopia","Jimma","7.67","36.83","1934.5","2010-10","162.4","17.19","23.22"
"ethiopia","Jimma","7.67","36.83","1934.5","2010-11","80.4","16.33","22.74"
"ethiopia","Jimma","7.67","36.83","1934.5","2010-12","31.3","15.91","22.79"
"ethiopia","Jimma","7.67","36.83","1934.5","2011-01","29.8","17.01","26.5"
"ethiopia","Jimma","7.67","36.83","1934.5","2011-02","12.6","19.79","30.47"
"ethiopia","Jimma","7.67","36.83","1934.5","2011-03","78.7","20.04","30.87"
"ethiopia","Jimma","7.67","36.83","1934.5","2011-04","198.9","19.27","30.59"
"ethiopia","Jimma","7.67","36.83","1934.5","2011-05","283.0","17.89","25.21"
"ethiopia","Jimma","7.67","36.83","1934.5","2011-06","193.8","16.74","22.64"
"ethiopia","Jimma","7.67","36.83","1934.5","2011-07","125.5","16.58","22.66"
"ethiopia","Jimma","7.67","36.83","1934.5","2011-08","114.1","16.36","23.02"
"ethiopia","Jimma","7.67","36.83","1934.5","2011-09","134.1","16.78","22.33"
"ethiopia","Jimma","7.67","36.83","1934.5","2011-10","103.5","17.04","23.49"
"ethiopia","Jimma","7.67","36.83","1934.5","2011-11","143.1","16.84","23.14"
"ethiopia","Jimma","7.67","36.83","1934.5","2011-12","9.3","16.93","25.4"
"ethiopia","Jimma","7.67","36.83","1934.5","2012-01","1.6","19.03","28.73"
"ethiopia","Jimma","7.67","36.83","1934.5","2012-02","4.3","20.9","31.25"
"ethiopia","Jimma","7.67","36.83","1934.5","2012-03","39.1","21.64","32.13"
"ethiopia","Jimma","7.67","36.83","1934.5","2012-04","242.4","18.78","27.85"
"ethiopia","Jimma","7.67","36.83","1934.5","2012-05","223.8","18.2","24.34"
"ethiopia","Jimma","7.67","36.83","1934.5","2012-06","132.6","16.89","22.96"
"ethiopia","Jimma","7.67","36.83","1934.5","2012-07","208.3","16.4","22.47"
"ethiopia","Jimma","7.67","36.83","1934.5","2012-08","315.6","16.39","22.16"
"ethiopia","Jimma","7.67","36.83","1934.5","2012-09","279.3","16.51","21.88"
"ethiopia","Jimma","7.67","36.83","1934.5","2012-10","140.7","17.01","23.21"
"ethiopia","Jimma","7.67","36.83","1934.5","2012-11","74.7","16.88","23.04"
"ethiopia","Jimma","7.67","36.83","1934.5","2012-12","51.8","16.8","23.32"
"ethiopia","Jimma","7.67","36.83","1934.5","2013-01","31.6","17.96","27.28"
"ethiopia","Jimma","7.67","36.83","1934.5","2013-02","16.2","20.18","31.14"
"ethiopia","Jimma","7.67","36.83","1934.5","2013-03","160.3","20.08","31.3"
"ethiopia","Jimma","7.67","36.83","1934.5","2013-04","304.8","18.67","26.83"
"ethiopia","Jimma","7.67","36.83","1934.5","2013-05","509.3","17.46","22.7"
"ethiopia","Jimma","7.67","36.83","1934.5","2013-06","318.0","16.59","21.89"
"ethiopia","Jimma","7.67","36.83","1934.5","2013-07","271.2","16.14","21.56"
"ethiopia","Jimma","7.67","36.83","1934.5","2013-08","261.3","15.95","22.2"
"ethiopia","Jimma","7.67","36.83","1934.5","2013-09","204.0","16.64","22.3"
"ethiopia","Jimma","7.67","36.83","1934.5","2013-10","225.1","16.72","22.44"
"ethiopia","Jimma","7.67","36.83","1934.5","2013-11","157.8","16.86","22.78"
"ethiopia","Jimma","7.67","36.83","1934.5","2013-12","7.4","16.15","22.83"
"ethiopia","Jimma","7.67","36.83","1934.5","2014-01","7.1","17.59","26.74"
"ethiopia","Jimma","7.67","36.83","1934.5","2014-02","50.7","18.96","27.21"
"ethiopia","Jimma","7.67","36.83","1934.5","2014-03","152.5","19.91","28.92"
"ethiopia","Jimma","7.67","36.83","1934.5","2014-04","372.9","18.15","24.27"
"ethiopia","Jimma","7.67","36.83","1934.5","2014-05","548.1","17.72","23.29"
"ethiopia","Jimma","7.67","36.83","1934.5","2014-06","262.5","17.24","23.72"
"ethiopia","Jimma","7.67","36.83","1934.5","2014-07","226.6","16.55","21.94"
"ethiopia","Jimma","7.67","36.83","1934.5","2014-08","280.2","16.26","21.8"
"ethiopia","Jimma","7.67","36.83","1934.5","2014-09","369.3","16.39","21.66"
"ethiopia","Jimma","7.67","36.83","1934.5","2014-10","292.6","16.81","22.67"
"ethiopia","Jimma","7.67","36.83","1934.5","2014-11","105.6","16.98","22.75"
"ethiopia","Jimma","7.67","36.83","1934.5","2014-12","49.6","16.03","22.57"
"ethiopia","Jimma","7.67","36.83","1934.5","2015-01","1.6","16.73","26.73"
"ethiopia","Jimma","7.67","36.83","1934.5","2015-02","12.3","19.98","29.53"
"ethiopia","Jimma","7.67","36.83","1934.5","2015-03","47.4","21.32","31.82"
"ethiopia","Jimma","7.67","36.83","1934.5","2015-04","63.0","20.83","31.05"
"ethiopia","Jimma","7.67","36.83","1934.5","2015-05","206.8","18.5","30.0"
"ethiopia","Jimma","7.67","36.83","1934.5","2015-06","272.1","17.41","25.64"
"ethiopia","Jimma","7.67","36.83","1934.5","2015-07","222.0","16.85","22.54"
"ethiopia","Jimma","7.67","36.83","1934.5","2015-08","163.1","16.99","22.92"
"ethiopia","Jimma","7.67","36.83","1934.5","2015-09","90.3","17.58","22.68"
"ethiopia","Jimma","7.67","36.83","1934.5","2015-10","120.6","17.91","23.52"
"ethiopia","Jimma","7.67","36.83","1934.5","2015-11","36.6","17.3","24.15"
"ethiopia","Jimma","7.67","36.83","1934.5","2015-12","37.5","17.98","27.09"
"ethiopia","Jimma","7.67","36.83","1934.5","2016-01","20.8","19.24","27.7"
"ethiopia","Jimma","7.67","36.83","1934.5","2016-02","22.6","20.84","31.8"
"ethiopia","Jimma","7.67","36.83","1934.5","2016-03","87.4","21.97","32.2"
"ethiopia","Jimma","7.67","36.83","1934.5","2016-04","246.3","19.01","27.76"
"ethiopia","Jimma","7.67","36.83","1934.5","2016-05","322.1","17.79","23.88"
"ethiopia","Jimma","7.67","36.83","1934.5","2016-06","168.9","17.14","23.39"
"ethiopia","Jimma","7.67","36.83","1934.5","2016-07","219.2","16.44","22.37"
"ethiopia","Jimma","7.67","36.83","1934.5","2016-08","348.8","16.38","22.07"
"ethiopia","Jimma","7.67","36.83","1934.5","2016-09","213.3","16.78","22.68"
"ethiopia","Jimma","7.67","36.83","1934.5","2016-10","90.2","17.17","23.08"
"ethiopia","Jimma","7.67","36.83","1934.5","2016-11","31.8","16.72","23.33"
"ethiopia","Jimma","7.67","36.83","1934.5","2016-12","14.6","16.54","25.21"
"ethiopia","Jimma","7.67","36.83","1934.5","2017-01","0.3","17.91","28.98"
"ethiopia","Jimma","7.67","36.83","1934.5","2017-02","98.3","19.56","30.27"
"ethiopia","Jimma","7.67","36.83","1934.5","2017-03","82.1","20.42","31.13"
"ethiopia","Jimma","7.67","36.83","1934.5","2017-04","114.3","21.3","31.74"
"ethiopia","Jimma","7.67","36.83","1934.5","2017-05","263.2","18.08","24.48"
"ethiopia","Jimma","7.67","36.83","1934.5","2017-06","173.4","17.37","23.14"
"ethiopia","Jimma","7.67","36.83","1934.5","2017-07","235.6","16.55","22.21"
"ethiopia","Jimma","7.67","36.83","1934.5","2017-08","185.7","16.69","22.49"
"ethiopia","Jimma","7.67","36.83","1934.5","2017-09","252.9","16.85","23.13"
"ethiopia","Jimma","7.67","36.83","1934.5","2017-10","93.3","17.63","23.49"
"ethiopia","Jimma","7.67","36.83","1934.5","2017-11","22.5","16.72","23.17"
"ethiopia","Jimma","7.67","36.83","1934.5","2017-12","0.3","16.51","25.84"
"ethiopia","Jimma","7.67","36.83","1934.5","2018-01","13.0","18.28","28.52"
"ethiopia","Jimma","7.67","36.83","1934.5","2018-02","111.2","19.73","29.95"
"ethiopia","Jimma","7.67","36.83","1934.5","2018-03","57.7","19.99","30.14"
"ethiopia","Jimma","7.67","36.83","1934.5","2018-04","200.4","18.63","27.4"
"ethiopia","Jimma","7.67","36.83","1934.5","2018-05","229.1","18.13","27.34"
"ethiopia","Jimma","7.67","36.83","1934.5","2018-06","222.6","16.57","22.12"
"ethiopia","Jimma","7.67","36.83","1934.5","2018-07","105.4","16.39","21.97"
"ethiopia","Jimma","7.67","36.83","1934.5","2018-08","157.5","16.5","22.61"
"ethiopia","Jimma","7.67","36.83","1934.5","2018-09","71.4","17.5","23.38"
"ethiopia","Jimma","7.67","36.83","1934.5","2018-10","88.0","17.56","23.51"
"ethiopia","Jimma","7.67","36.83","1934.5","2018-11","70.8","17.51","25.08"
"ethiopia","Jimma","7.67","36.83","1934.5","2018-12","5.0","19.3","27.84"
"ethiopia","Jimma","7.67","36.83","1934.5","2019-01","0.0","20.15","31.34"
"ethiopia","Jimma","7.67","36.83","1934.5","2019-02","13.4","21.89","32.13"
"ethiopia","Jimma","7.67","36.83","1934.5","2019-03","90.2","21.66","32.71"
"ethiopia","Jimma","7.67","36.83","1934.5","2019-04","216.0","19.53","28.87"
"ethiopia","Jimma","7.67","36.83","1934.5","2019-05","136.1","19.3","28.45"
"ethiopia","Jimma","7.67","36.83","1934.5","2019-06","218.1","17.27","23.85"
"ethiopia","Jimma","7.67","36.83","1934.5","2019-07","170.5","16.73","22.76"
"ethiopia","Jimma","7.67","36.83","1934.5","2019-08","284.0","16.74","22.74"
"ethiopia","Jimma","7.67","36.83","1934.5","2019-09","305.4","16.96","22.45"
"ethiopia","Jimma","7.67","36.83","1934.5","2019-10","173.9","17.31","23.24"
"ethiopia","Jimma","7.67","36.83","1934.5","2019-11","79.2","17.4","23.29"
"ethiopia","Jimma","7.67","36.83","1934.5","2019-12","22.9","17.56","24.42"
"ethiopia","Jimma","7.67","36.83","1934.5","2020-01","19.2","18.13","26.29"
"ethiopia","Jimma","7.67","36.83","1934.5","2020-02","33.3","19.77","31.09"
"ethiopia","Jimma","7.67","36.83","1934.5","2020-03","184.8","19.76","31.58"
"ethiopia","Jimma","7.67","36.83","1934.5","2020-04","302.1","19.34","29.82"
"ethiopia","Jimma","7.67","36.83","1934.5","2020-05","238.1","18.31","24.85"
"ethiopia","Jimma","7.67","36.83","1934.5","2020-06","300.6","16.83","22.55"
"ethiopia","Jimma","7.67","36.83","1934.5","2020-07","242.7","16.28","22.16"
"ethiopia","Jimma","7.67","36.83","1934.5","2020-08","328.6","16.44","22.36"
"ethiopia","Jimma","7.67","36.83","1934.5","2020-09","257.4","16.8","22.42"
"ethiopia","Jimma","7.67","36.83","1934.5","2020-10","73.8","17.31","23.06"
"ethiopia","Jimma","7.67","36.83","1934.5","2020-11","30.3","16.91","23.32"
"ethiopia","Jimma","7.67","36.83","1934.5","2020-12","21.7","17.04","25.86"
"ethiopia","Jimma","7.67","36.83","1934.5","2021-01","53.6","17.81","27.7"
"ethiopia","Jimma","7.67","36.83","1934.5","2021-02","35.0","19.15","28.97"
"ethiopia","Jimma","7.67","36.83","1934.5","2021-03","22.6","21.89","32.18"
"ethiopia","Jimma","7.67","36.83","1934.5","2021-04","94.2","20.27","32.42"
"ethiopia","Jimma","7.67","36.83","1934.5","2021-05","217.0","18.12","25.97"
"ethiopia","Jimma","7.67","36.83","1934.5","2021-06","82.8","17.71","25.04"
"ethiopia","Jimma","7.67","36.83","1934.5","2021-07","250.5","16.32","22.81"
"ethiopia","Jimma","7.67","36.83","1934.5","2021-08","368.0","16.83","22.92"
"ethiopia","Jimma","7.67","36.83","1934.5","2021-09","183.3","16.75","22.66"
"ethiopia","Jimma","7.67","36.83","1934.5","2021-10","153.8","17.05","22.93"
"ethiopia","Jimma","7.67","36.83","1934.5","2021-11","28.8","17.15","23.09"
"ethiopia","Jimma","7.67","36.83","1934.5","2021-12","37.5","17.64","25.44"
"ethiopia","Jimma","7.67","36.83","1934.5","2022-01","46.5","18.49","27.39"
"ethiopia","Jimma","7.67","36.83","1934.5","2022-02","24.9","20.28","29.6"
"ethiopia","Jimma","7.67","36.83","1934.5","2022-03","25.7","21.65","32.08"
"ethiopia","Jimma","7.67","36.83","1934.5","2022-04","195.6","20.28","32.83"
"ethiopia","Jimma","7.67","36.83","1934.5","2022-05","94.2","19.77","29.94"
"ethiopia","Jimma","7.67","36.83","1934.5","2022-06","174.9","17.01","22.96"
"ethiopia","Jimma","7.67","36.83","1934.5","2022-07","269.7","15.97","22.04"
"ethiopia","Jimma","7.67","36.83","1934.5","2022-08","185.4","16.36","22.34"
"ethiopia","Jimma","7.67","36.83","1934.5","2022-09","188.4","16.83","22.84"
"ethiopia","Jimma","7.67","36.83","1934.5","2022-10","89.9","17.19","23.02"
"ethiopia","Jimma","7.67","36.83","1934.5","2022-11","10.8","17.12","23.38"
"ethiopia","Jimma","7.67","36.83","1934.5","2022-12","24.2","17.38","24.96"
"ethiopia","Jimma","7.67","36.83","1934.5","2023-01","3.4","18.87","29.19"
"ethiopia","Jimma","7.67","36.83","1934.5","2023-02","12.3","20.64","31.59"
"ethiopia","Jimma","7.67","36.83","1934.5","2023-03","201.5","19.29","30.63"
"ethiopia","Jimma","7.67","36.83","1934.5","2023-04","205.8","18.8","26.18"
"ethiopia","Jimma","7.67","36.83","1934.5","2023-05","293.3","18.19","24.43"
"ethiopia","Jimma","7.67","36.83","1934.5","2023-06","309.6","17.61","23.14"
"ethiopia","Jimma","7.67","36.83","1934.5","2023-07","232.8","17.02","22.92"
"ethiopia","Jimma","7.67","36.83","1934.5","2023-08","202.1","17.43","23.51"
"ethiopia","Jimma","7.67","36.83","1934.5","2023-09","186.9","17.72","23.39"
"ethiopia","Jimma","7.67","36.83","1934.5","2023-10","215.5","17.86","23.51"
"ethiopia","Jimma","7.67","36.83","1934.5","2023-11","222.9","17.31","23.7"
"ethiopia","Jimma","7.67","36.83","1934.5","2023-12","5.3","17.53","23.62"
"ethiopia","Jimma","7.67","36.83","1934.5","2024-01","20.5","17.84","25.33"
"ethiopia","Jimma","7.67","36.83","1934.5","2024-02","290.6","18.94","25.75"
"ethiopia","Jimma","7.67","36.83","1934.5","2024-03","105.1","19.55","26.31"
"ethiopia","Jimma","7.67","36.83","1934.5","2024-04","167.7","19.36","26.54"
"ethiopia","Jimma","7.67","36.83","1934.5","2024-05","97.3","19.3","26.34"
"ethiopia","Jimma","7.67","36.83","1934.5","2024-06","312.3","18.11","24.91"
"ethiopia","Jimma","7.67","36.83","1934.5","2024-07","339.1","17.14","22.88"
"ethiopia","Jimma","7.67","36.83","1934.5","2024-08","264.1","17.07","22.49"
"ethiopia","Jimma","7.67","36.83","1934.5","2024-09","157.5","17.33","23.09"
"ethiopia","Jimma","7.67","36.83","1934.5","2024-10","176.4","17.73","23.47"
"ethiopia","Jimma","7.67","36.83","1934.5","2024-11","36.0","17.29","23.06"
"ethiopia","Jimma","7.67","36.83","1934.5","2024-12","0.6","16.8","24.2"
"ethiopia","Jimma","7.67","36.83","1934.5","2025-01","1.2","18.47","28.21"
"ethiopia","Jimma","7.67","36.83","1934.5","2025-02","4.8","21.48","31.94"
"ethiopia","Jimma","7.67","36.83","1934.5","2025-03","310.9","20.09","32.28"
"ethiopia","Jimma","7.67","36.83","1934.5","2025-04","85.2","19.21","26.82"
"ethiopia","Jimma","7.67","36.83","1934.5","2025-05","186.6","18.46","25.35"
"ethiopia","Jimma","7.67","36.83","1934.5","2025-06","285.9","17.45","23.99"
"ethiopia","Jimma","7.67","36.83","1934.5","2025-07","248.0","16.99","22.31"
"ethiopia","Jimma","7.67","36.83","1934.5","2025-08","401.1","16.74","22.21"
"ethiopia","Jimma","7.67","36.83","1934.5","2025-09","322.2","17.19","22.86"
"ethiopia","Jimma","7.67","36.83","1934.5","2025-10","138.3","17.17","23.09"
"ethiopia","Jimma","7.67","36.83","1934.5","2025-11","6.3","16.75","22.91"
"ethiopia","Jimma","7.67","36.83","1934.5","2025-12","54.9","17.27","24.54"
"ethiopia","Sidama","6.8","38.4","1735.2","1981-01","0.0","21.09","33.26"
"ethiopia","Sidama","6.8","38.4","1735.2","1981-02","33.3","21.95","33.3"
"ethiopia","Sidama","6.8","38.4","1735.2","1981-03","286.4","21.09","33.51"
"ethiopia","Sidama","6.8","38.4","1735.2","1981-04","263.7","19.26","27.24"
"ethiopia","Sidama","6.8","38.4","1735.2","1981-05","99.2","19.62","27.16"
"ethiopia","Sidama","6.8","38.4","1735.2","1981-06","109.8","18.97","26.26"
"ethiopia","Sidama","6.8","38.4","1735.2","1981-07","225.7","17.63","24.78"
"ethiopia","Sidama","6.8","38.4","1735.2","1981-08","314.0","17.92","24.08"
"ethiopia","Sidama","6.8","38.4","1735.2","1981-09","285.3","18.11","24.45"
"ethiopia","Sidama","6.8","38.4","1735.2","1981-10","44.0","18.59","24.96"
"ethiopia","Sidama","6.8","38.4","1735.2","1981-11","16.5","18.32","26.07"
"ethiopia","Sidama","6.8","38.4","1735.2","1981-12","7.4","19.11","29.25"
"ethiopia","Sidama","6.8","38.4","1735.2","1982-01","99.5","20.16","29.88"
"ethiopia","Sidama","6.8","38.4","1735.2","1982-02","109.8","20.78","30.03"
"ethiopia","Sidama","6.8","38.4","1735.2","1982-03","55.8","21.88","34.58"
"ethiopia","Sidama","6.8","38.4","1735.2","1982-04","155.4","20.66","30.26"
"ethiopia","Sidama","6.8","38.4","1735.2","1982-05","290.5","19.86","30.55"
"ethiopia","Sidama","6.8","38.4","1735.2","1982-06","153.3","18.47","25.55"
"ethiopia","Sidama","6.8","38.4","1735.2","1982-07","133.9","17.49","23.43"
"ethiopia","Sidama","6.8","38.4","1735.2","1982-08","231.3","17.52","23.7"
"ethiopia","Sidama","6.8","38.4","1735.2","1982-09","211.5","18.55","25.02"
"ethiopia","Sidama","6.8","38.4","1735.2","1982-10","94.5","18.44","25.28"
"ethiopia","Sidama","6.8","38.4","1735.2","1982-11","114.0","18.76","25.85"
"ethiopia","Sidama","6.8","38.4","1735.2","1982-12","19.5","18.81","27.46"
"ethiopia","Sidama","6.8","38.4","1735.2","1983-01","24.2","19.94","30.66"
"ethiopia","Sidama","6.8","38.4","1735.2","1983-02","65.0","21.28","30.91"
"ethiopia","Sidama","6.8","38.4","1735.2","1983-03","124.6","22.97","33.4"
"ethiopia","Sidama","6.8","38.4","1735.2","1983-04","281.1","20.73","29.7"
"ethiopia","Sidama","6.8","38.4","1735.2","1983-05","314.0","19.77","27.08"
"ethiopia","Sidama","6.8","38.4","1735.2","1983-06","124.8","18.9","25.31"
"ethiopia","Sidama","6.8","38.4","1735.2","1983-07","230.3","17.87","24.48"
"ethiopia","Sidama","6.8","38.4","1735.2","1983-08","355.3","17.46","23.26"
"ethiopia","Sidama","6.8","38.4","1735.2","1983-09","306.6","17.85","23.66"
"ethiopia","Sidama","6.8","38.4","1735.2","1983-10","201.5","17.9","24.7"
"ethiopia","Sidama","6.8","38.4","1735.2","1983-11","46.5","17.91","24.87"
"ethiopia","Sidama","6.8","38.4","1735.2","1983-12","9.0","17.7","25.34"
"ethiopia","Sidama","6.8","38.4","1735.2","1984-01","12.7","18.41","29.89"
"ethiopia","Sidama","6.8","38.4","1735.2","1984-02","7.2","20.0","32.3"
"ethiopia","Sidama","6.8","38.4","1735.2","1984-03","34.7","22.91","34.05"
"ethiopia","Sidama","6.8","38.4","1735.2","1984-04","72.3","23.15","34.19"
"ethiopia","Sidama","6.8","38.4","1735.2","1984-05","273.4","20.0","33.7"
"ethiopia","Sidama","6.8","38.4","1735.2","1984-06","139.5","17.71","23.98"
"ethiopia","Sidama","6.8","38.4","1735.2","1984-07","233.4","17.64","23.75"
"ethiopia","Sidama","6.8","38.4","1735.2","1984-08","273.4","18.0","24.18"
"ethiopia","Sidama","6.8","38.4","1735.2","1984-09","199.5","18.07","24.49"
"ethiopia","Sidama","6.8","38.4","1735.2","1984-10","72.5","18.26","25.19"
"ethiopia","Sidama","6.8","38.4","1735.2","1984-11","19.8","18.97","27.73"
"ethiopia","Sidama","6.8","38.4","1735.2","1984-12","12.4","19.03","29.59"
"ethiopia","Sidama","6.8","38.4","1735.2","1985-01","51.8","20.63","32.62"
"ethiopia","Sidama","6.8","38.4","1735.2","1985-02","10.6","21.2","33.12"
"ethiopia","Sidama","6.8","38.4","1735.2","1985-03","83.4","22.97","35.45"
"ethiopia","Sidama","6.8","38.4","1735.2","1985-04","316.8","19.48","29.76"
"ethiopia","Sidama","6.8","38.4","1735.2","1985-05","185.4","18.48","25.41"
"ethiopia","Sidama","6.8","38.4","1735.2","1985-06","211.8","17.55","24.58"
"ethiopia","Sidama","6.8","38.4","1735.2","1985-07","192.2","16.77","22.55"
"ethiopia","Sidama","6.8","38.4","1735.2","1985-08","256.7","16.96","22.32"
"ethiopia","Sidama","6.8","38.4","1735.2","1985-09","231.9","17.77","24.11"
"ethiopia","Sidama","6.8","38.4","1735.2","1985-10","73.5","18.1","25.18"
"ethiopia","Sidama","6.8","38.4","1735.2","1985-11","23.7","18.76","25.76"
"ethiopia","Sidama","6.8","38.4","1735.2","1985-12","5.6","18.87","29.21"
"ethiopia","Sidama","6.8","38.4","1735.2","1986-01","0.0","19.84","31.25"
"ethiopia","Sidama","6.8","38.4","1735.2","1986-02","49.0","22.9","32.98"
"ethiopia","Sidama","6.8","38.4","1735.2","1986-03","37.8","22.72","34.99"
"ethiopia","Sidama","6.8","38.4","1735.2","1986-04","312.6","20.4","32.95"
"ethiopia","Sidama","6.8","38.4","1735.2","1986-05","187.2","19.43","26.82"
"ethiopia","Sidama","6.8","38.4","1735.2","1986-06","329.4","17.74","24.65"
"ethiopia","Sidama","6.8","38.4","1735.2","1986-07","179.2","16.97","23.14"
"ethiopia","Sidama","6.8","38.4","1735.2","1986-08","281.5","17.19","23.63"
"ethiopia","Sidama","6.8","38.4","1735.2","1986-09","278.4","17.68","24.33"
"ethiopia","Sidama","6.8","38.4","1735.2","1986-10","98.0","18.08","25.24"
"ethiopia","Sidama","6.8","38.4","1735.2","1986-11","28.2","18.02","25.83"
"ethiopia","Sidama","6.8","38.4","1735.2","1986-12","15.8","18.6","28.27"
"ethiopia","Sidama","6.8","38.4","1735.2","1987-01","16.4","19.68","30.91"
"ethiopia","Sidama","6.8","38.4","1735.2","1987-02","109.2","21.07","32.07"
"ethiopia","Sidama","6.8","38.4","1735.2","1987-03","304.7","20.48","28.85"
"ethiopia","Sidama","6.8","38.4","1735.2","1987-04","148.5","20.5","28.97"
"ethiopia","Sidama","6.8","38.4","1735.2","1987-05","452.9","18.93","27.74"
"ethiopia","Sidama","6.8","38.4","1735.2","1987-06","290.1","18.05","23.73"
"ethiopia","Sidama","6.8","38.4","1735.2","1987-07","200.6","17.77","23.44"
"ethiopia","Sidama","6.8","38.4","1735.2","1987-08","229.4","17.84","24.07"
"ethiopia","Sidama","6.8","38.4","1735.2","1987-09","160.2","19.15","25.26"
"ethiopia","Sidama","6.8","38.4","1735.2","1987-10","124.9","19.01","25.3"
"ethiopia","Sidama","6.8","38.4","1735.2","1987-11","35.4","18.16","25.64"
"ethiopia","Sidama","6.8","38.4","1735.2","1987-12","8.7","19.01","28.81"
"ethiopia","Sidama","6.8","38.4","1735.2","1988-01","14.3","21.25","31.53"
"ethiopia","Sidama","6.8","38.4","1735.2","1988-02","85.3","21.96","31.91"
"ethiopia","Sidama","6.8","38.4","1735.2","1988-03","73.8","22.68","33.54"
"ethiopia","Sidama","6.8","38.4","1735.2","1988-04","340.8","21.25","34.13"
"ethiopia","Sidama","6.8","38.4","1735.2","1988-05","94.2","19.78","27.5"
"ethiopia","Sidama","6.8","38.4","1735.2","1988-06","130.8","18.44","25.11"
"ethiopia","Sidama","6.8","38.4","1735.2","1988-07","175.5","17.35","23.26"
"ethiopia","Sidama","6.8","38.4","1735.2","1988-08","300.1","17.64","23.63"
"ethiopia","Sidama","6.8","38.4","1735.2","1988-09","372.3","17.87","24.07"
"ethiopia","Sidama","6.8","38.4","1735.2","1988-10","198.7","18.32","24.56"
"ethiopia","Sidama","6.8","38.4","1735.2","1988-11","6.0","17.46","24.61"
"ethiopia","Sidama","6.8","38.4","1735.2","1988-12","11.8","17.29","27.09"
"ethiopia","Sidama","6.8","38.4","1735.2","1989-01","40.6","18.68","29.98"
"ethiopia","Sidama","6.8","38.4","1735.2","1989-02","98.6","19.87","30.86"
"ethiopia","Sidama","6.8","38.4","1735.2","1989-03","157.2","21.23","31.7"
"ethiopia","Sidama","6.8","38.4","1735.2","1989-04","240.6","19.57","28.51"
"ethiopia","Sidama","6.8","38.4","1735.2","1989-05","59.2","19.65","28.28"
"ethiopia","Sidama","6.8","38.4","1735.2","1989-06","185.1","18.36","28.27"
"ethiopia","Sidama","6.8","38.4","1735.2","1989-07","257.0","17.44","23.43"
"ethiopia","Sidama","6.8","38.4","1735.2","1989-08","207.4","17.5","23.75"
"ethiopia","Sidama","6.8","38.4","1735.2","1989-09","205.8","17.89","23.96"
"ethiopia","Sidama","6.8","38.4","1735.2","1989-10","134.5","18.16","24.89"
"ethiopia","Sidama","6.8","38.4","1735.2","1989-11","57.3","18.75","25.49"
"ethiopia","Sidama","6.8","38.4","1735.2","1989-12","71.6","19.28","26.38"
"ethiopia","Sidama","6.8","38.4","1735.2","1990-01","23.6","19.54","29.36"
"ethiopia","Sidama","6.8","38.4","1735.2","1990-02","156.2","20.94","29.74"
"ethiopia","Sidama","6.8","38.4","1735.2","1990-03","86.2","20.96","30.9"
"ethiopia","Sidama","6.8","38.4","1735.2","1990-04","263.4","19.82","27.36"
"ethiopia","Sidama","6.8","38.4","1735.2","1990-05","99.2","19.92","28.16"
"ethiopia","Sidama","6.8","38.4","1735.2","1990-06","105.3","18.34","24.47"
"ethiopia","Sidama","6.8","38.4","1735.2","1990-07","154.7","17.61","24.1"
"ethiopia","Sidama","6.8","38.4","1735.2","1990-08","232.8","17.69","23.46"
"ethiopia","Sidama","6.8","38.4","1735.2","1990-09","155.4","18.55","25.17"
"ethiopia","Sidama","6.8","38.4","1735.2","1990-10","73.2","18.54","26.15"
"ethiopia","Sidama","6.8","38.4","1735.2","1990-11","18.0","19.53","28.36"
"ethiopia","Sidama","6.8","38.4","1735.2","1990-12","9.3","19.84","29.88"
"ethiopia","Sidama","6.8","38.4","1735.2","1991-01","37.5","21.7","32.16"
"ethiopia","Sidama","6.8","38.4","1735.2","1991-02","78.4","21.92","32.49"
"ethiopia","Sidama","6.8","38.4","1735.2","1991-03","105.7","21.79","32.12"
"ethiopia","Sidama","6.8","38.4","1735.2","1991-04","82.5","21.92","31.97"
"ethiopia","Sidama","6.8","38.4","1735.2","1991-05","141.4","21.27","32.27"
"ethiopia","Sidama","6.8","38.4","1735.2","1991-06","100.2","20.05","29.88"
"ethiopia","Sidama","6.8","38.4","1735.2","1991-07","221.0","17.64","25.1"
"ethiopia","Sidama","6.8","38.4","1735.2","1991-08","238.4","17.64","23.48"
"ethiopia","Sidama","6.8","38.4","1735.2","1991-09","195.3","18.28","24.9"
"ethiopia","Sidama","6.8","38.4","1735.2","1991-10","31.0","18.53","25.39"
"ethiopia","Sidama","6.8","38.4","1735.2","1991-11","12.3","19.34","27.83"
"ethiopia","Sidama","6.8","38.4","1735.2","1991-12","43.1","19.15","29.5"
"ethiopia","Sidama","6.8","38.4","1735.2","1992-01","32.6","21.07","31.13"
"ethiopia","Sidama","6.8","38.4","1735.2","1992-02","119.8","21.37","29.99"
"ethiopia","Sidama","6.8","38.4","1735.2","1992-03","62.6","22.8","33.6"
"ethiopia","Sidama","6.8","38.4","1735.2","1992-04","192.3","21.89","32.65"
"ethiopia","Sidama","6.8","38.4","1735.2","1992-05","116.6","20.2","29.42"
"ethiopia","Sidama","6.8","38.4","1735.2","1992-06","180.6","18.71","26.18"
"ethiopia","Sidama","6.8","38.4","1735.2","1992-07","197.8","17.47","23.56"
"ethiopia","Sidama","6.8","38.4","1735.2","1992-08","197.2","17.05","23.42"
"ethiopia","Sidama","6.8","38.4","1735.2","1992-09","85.8","18.01","24.86"
"ethiopia","Sidama","6.8","38.4","1735.2","1992-10","108.5","18.37","25.05"
"ethiopia","Sidama","6.8","38.4","1735.2","1992-11","25.5","18.7","27.82"
"ethiopia","Sidama","6.8","38.4","1735.2","1992-12","23.2","20.5","29.93"
"ethiopia","Sidama","6.8","38.4","1735.2","1993-01","97.0","20.15","30.55"
"ethiopia","Sidama","6.8","38.4","1735.2","1993-02","53.8","20.92","31.17"
"ethiopia","Sidama","6.8","38.4","1735.2","1993-03","53.9","22.2","32.97"
"ethiopia","Sidama","6.8","38.4","1735.2","1993-04","150.0","21.79","32.72"
"ethiopia","Sidama","6.8","38.4","1735.2","1993-05","229.7","19.51","27.92"
"ethiopia","Sidama","6.8","38.4","1735.2","1993-06","204.3","17.99","23.88"
"ethiopia","Sidama","6.8","38.4","1735.2","1993-07","169.3","16.95","23.27"
"ethiopia","Sidama","6.8","38.4","1735.2","1993-08","286.1","17.54","24.97"
"ethiopia","Sidama","6.8","38.4","1735.2","1993-09","116.1","18.07","24.45"
"ethiopia","Sidama","6.8","38.4","1735.2","1993-10","150.0","18.63","25.35"
"ethiopia","Sidama","6.8","38.4","1735.2","1993-11","10.5","18.64","26.85"
"ethiopia","Sidama","6.8","38.4","1735.2","1993-12","5.3","19.6","29.3"
"ethiopia","Sidama","6.8","38.4","1735.2","1994-01","0.3","20.84","32.78"
"ethiopia","Sidama","6.8","38.4","1735.2","1994-02","7.0","22.8","33.84"
"ethiopia","Sidama","6.8","38.4","1735.2","1994-03","94.2","23.11","33.83"
"ethiopia","Sidama","6.8","38.4","1735.2","1994-04","168.9","21.78","32.67"
"ethiopia","Sidama","6.8","38.4","1735.2","1994-05","143.5","20.08","28.87"
"ethiopia","Sidama","6.8","38.4","1735.2","1994-06","184.2","17.83","24.74"
"ethiopia","Sidama","6.8","38.4","1735.2","1994-07","232.2","17.13","23.07"
"ethiopia","Sidama","6.8","38.4","1735.2","1994-08","250.8","17.2","23.62"
"ethiopia","Sidama","6.8","38.4","1735.2","1994-09","138.0","18.59","25.36"
"ethiopia","Sidama","6.8","38.4","1735.2","1994-10","67.9","18.52","25.47"
"ethiopia","Sidama","6.8","38.4","1735.2","1994-11","40.5","19.1","27.9"
"ethiopia","Sidama","6.8","38.4","1735.2","1994-12","6.2","19.77","30.19"
"ethiopia","Sidama","6.8","38.4","1735.2","1995-01","2.2","20.96","32.49"
"ethiopia","Sidama","6.8","38.4","1735.2","1995-02","70.0","21.96","32.65"
"ethiopia","Sidama","6.8","38.4","1735.2","1995-03","115.6","21.75","32.97"
"ethiopia","Sidama","6.8","38.4","1735.2","1995-04","230.4","20.96","32.53"
"ethiopia","Sidama","6.8","38.4","1735.2","1995-05","94.9","20.19","28.53"
"ethiopia","Sidama","6.8","38.4","1735.2","1995-06","139.5","19.77","28.4"
"ethiopia","Sidama","6.8","38.4","1735.2","1995-07","215.8","17.28","23.47"
"ethiopia","Sidama","6.8","38.4","1735.2","1995-08","189.4","17.76","24.18"
"ethiopia","Sidama","6.8","38.4","1735.2","1995-09","181.2","18.38","25.03"
"ethiopia","Sidama","6.8","38.4","1735.2","1995-10","78.7","18.6","25.16"
"ethiopia","Sidama","6.8","38.4","1735.2","1995-11","13.8","19.13","27.78"
"ethiopia","Sidama","6.8","38.4","1735.2","1995-12","66.3","20.23","29.22"
"ethiopia","Sidama","6.8","38.4","1735.2","1996-01","40.3","20.93","30.46"
"ethiopia","Sidama","6.8","38.4","1735.2","1996-02","17.7","22.67","33.86"
"ethiopia","Sidama","6.8","38.4","1735.2","1996-03","206.2","22.17","33.66"
"ethiopia","Sidama","6.8","38.4","1735.2","1996-04","216.6","20.68","30.73"
"ethiopia","Sidama","6.8","38.4","1735.2","1996-05","188.8","19.03","27.74"
"ethiopia","Sidama","6.8","38.4","1735.2","1996-06","346.5","17.7","23.47"
"ethiopia","Sidama","6.8","38.4","1735.2","1996-07","228.8","17.04","23.75"
"ethiopia","Sidama","6.8","38.4","1735.2","1996-08","276.8","17.29","22.87"
"ethiopia","Sidama","6.8","38.4","1735.2","1996-09","283.5","18.17","24.44"
"ethiopia","Sidama","6.8","38.4","1735.2","1996-10","102.6","18.44","24.62"
"ethiopia","Sidama","6.8","38.4","1735.2","1996-11","47.7","18.2","25.19"
"ethiopia","Sidama","6.8","38.4","1735.2","1996-12","3.7","17.8","27.05"
"ethiopia","Sidama","6.8","38.4","1735.2","1997-01","29.4","20.38","30.24"
"ethiopia","Sidama","6.8","38.4","1735.2","1997-02","1.4","21.17","33.38"
"ethiopia","Sidama","6.8","38.4","1735.2","1997-03","53.0","23.72","34.75"
"ethiopia","Sidama","6.8","38.4","1735.2","1997-04","324.9","19.78","28.63"
"ethiopia","Sidama","6.8","38.4","1735.2","1997-05","126.5","19.4","26.47"
"ethiopia","Sidama","6.8","38.4","1735.2","1997-06","140.4","18.69","26.08"
"ethiopia","Sidama","6.8","38.4","1735.2","1997-07","154.4","17.73","24.87"
"ethiopia","Sidama","6.8","38.4","1735.2","1997-08","167.7","18.2","24.78"
"ethiopia","Sidama","6.8","38.4","1735.2","1997-09","111.3","19.22","26.08"
"ethiopia","Sidama","6.8","38.4","1735.2","1997-10","348.8","18.74","26.12"
"ethiopia","Sidama","6.8","38.4","1735.2","1997-11","153.6","18.84","25.54"
"ethiopia","Sidama","6.8","38.4","1735.2","1997-12","26.7","19.14","25.87"
"ethiopia","Sidama","6.8","38.4","1735.2","1998-01","74.1","19.9","30.07"
"ethiopia","Sidama","6.8","38.4","1735.2","1998-02","133.8","20.55","29.11"
"ethiopia","Sidama","6.8","38.4","1735.2","1998-03","31.0","22.54","32.82"
"ethiopia","Sidama","6.8","38.4","1735.2","1998-04","157.2","22.86","34.0"
"ethiopia","Sidama","6.8","38.4","1735.2","1998-05","204.0","20.05","29.6"
"ethiopia","Sidama","6.8","38.4","1735.2","1998-06","185.4","18.7","27.24"
"ethiopia","Sidama","6.8","38.4","1735.2","1998-07","234.0","17.36","23.48"
"ethiopia","Sidama","6.8","38.4","1735.2","1998-08","229.4","17.37","24.16"
"ethiopia","Sidama","6.8","38.4","1735.2","1998-09","174.9","18.3","24.26"
"ethiopia","Sidama","6.8","38.4","1735.2","1998-10","262.3","18.2","25.08"
"ethiopia","Sidama","6.8","38.4","1735.2","1998-11","53.7","17.4","24.77"
"ethiopia","Sidama","6.8","38.4","1735.2","1998-12","2.8","17.34","26.65"
"ethiopia","Sidama","6.8","38.4","1735.2","1999-01","26.3","19.53","30.3"
"ethiopia","Sidama","6.8","38.4","1735.2","1999-02","7.3","22.05","33.87"
"ethiopia","Sidama","6.8","38.4","1735.2","1999-03","127.1","21.1","31.88"
"ethiopia","Sidama","6.8","38.4","1735.2","1999-04","91.8","21.61","32.32"
"ethiopia","Sidama","6.8","38.4","1735.2","1999-05","128.3","19.94","28.88"
"ethiopia","Sidama","6.8","38.4","1735.2","1999-06","120.3","19.02","27.01"
"ethiopia","Sidama","6.8","38.4","1735.2","1999-07","182.0","17.12","24.9"
"ethiopia","Sidama","6.8","38.4","1735.2","1999-08","175.2","17.97","23.94"
"ethiopia","Sidama","6.8","38.4","1735.2","1999-09","143.4","18.56","26.06"
"ethiopia","Sidama","6.8","38.4","1735.2","1999-10","233.4","17.89","24.42"
"ethiopia","Sidama","6.8","38.4","1735.2","1999-11","12.9","17.51","25.96"
"ethiopia","Sidama","6.8","38.4","1735.2","1999-12","5.6","18.88","28.65"
"ethiopia","Sidama","6.8","38.4","1735.2","2000-01","0.6","20.16","32.34"
"ethiopia","Sidama","6.8","38.4","1735.2","2000-02","0.6","22.45","33.64"
"ethiopia","Sidama","6.8","38.4","1735.2","2000-03","8.7","23.9","35.28"
"ethiopia","Sidama","6.8","38.4","1735.2","2000-04","97.2","21.52","33.82"
"ethiopia","Sidama","6.8","38.4","1735.2","2000-05","102.3","20.41","29.18"
"ethiopia","Sidama","6.8","38.4","1735.2","2000-06","50.1","19.71","27.79"
"ethiopia","Sidama","6.8","38.4","1735.2","2000-07","71.9","18.78","26.46"
"ethiopia","Sidama","6.8","38.4","1735.2","2000-08","105.1","18.76","27.59"
"ethiopia","Sidama","6.8","38.4","1735.2","2000-09","83.1","19.62","27.83"
"ethiopia","Sidama","6.8","38.4","1735.2","2000-10","129.6","18.85","27.21"
"ethiopia","Sidama","6.8","38.4","1735.2","2000-11","21.9","20.09","30.24"
"ethiopia","Sidama","6.8","38.4","1735.2","2000-12","23.9","20.44","30.34"
"ethiopia","Sidama","6.8","38.4","1735.2","2001-01","19.5","21.19","31.29"
"ethiopia","Sidama","6.8","38.4","1735.2","2001-02","21.3","22.86","35.0"
"ethiopia","Sidama","6.8","38.4","1735.2","2001-03","175.8","21.67","35.04"
"ethiopia","Sidama","6.8","38.4","1735.2","2001-04","102.0","21.36","31.08"
"ethiopia","Sidama","6.8","38.4","1735.2","2001-05","174.5","19.82","28.81"
"ethiopia","Sidama","6.8","38.4","1735.2","2001-06","72.3","18.08","24.93"
"ethiopia","Sidama","6.8","38.4","1735.2","2001-07","61.4","18.34","25.65"
"ethiopia","Sidama","6.8","38.4","1735.2","2001-08","90.2","18.43","26.61"
"ethiopia","Sidama","6.8","38.4","1735.2","2001-09","59.1","19.82","28.36"
"ethiopia","Sidama","6.8","38.4","1735.2","2001-10","78.1","20.59","30.14"
"ethiopia","Sidama","6.8","38.4","1735.2","2001-11","33.0","20.32","30.37"
"ethiopia","Sidama","6.8","38.4","1735.2","2001-12","5.9","21.97","32.35"
"ethiopia","Sidama","6.8","38.4","1735.2","2002-01","32.9","21.29","31.41"
"ethiopia","Sidama","6.8","38.4","1735.2","2002-02","3.9","23.04","35.49"
"ethiopia","Sidama","6.8","38.4","1735.2","2002-03","138.6","22.34","32.37"
"ethiopia","Sidama","6.8","38.4","1735.2","2002-04","88.2","22.0","31.77"
"ethiopia","Sidama","6.8","38.4","1735.2","2002-05","101.7","20.87","29.42"
"ethiopia","Sidama","6.8","38.4","1735.2","2002-06","77.7","19.56","28.25"
"ethiopia","Sidama","6.8","38.4","1735.2","2002-07","66.6","20.05","27.94"
"ethiopia","Sidama","6.8","38.4","1735.2","2002-08","109.4","19.12","27.12"
"ethiopia","Sidama","6.8","38.4","1735.2","2002-09","100.2","19.73","28.95"
"ethiopia","Sidama","6.8","38.4","1735.2","2002-10","54.6","20.37","30.08"
"ethiopia","Sidama","6.8","38.4","1735.2","2002-11","13.5","21.1","31.54"
"ethiopia","Sidama","6.8","38.4","1735.2","2002-12","54.6","21.11","32.19"
"ethiopia","Sidama","6.8","38.4","1735.2","2003-01","9.9","21.37","33.56"
"ethiopia","Sidama","6.8","38.4","1735.2","2003-02","10.4","24.01","35.39"
"ethiopia","Sidama","6.8","38.4","1735.2","2003-03","84.3","23.21","34.53"
"ethiopia","Sidama","6.8","38.4","1735.2","2003-04","145.8","21.25","33.83"
"ethiopia","Sidama","6.8","38.4","1735.2","2003-05","50.5","22.2","32.75"
"ethiopia","Sidama","6.8","38.4","1735.2","2003-06","92.1","19.88","30.85"
"ethiopia","Sidama","6.8","38.4","1735.2","2003-07","78.1","18.64","25.82"
"ethiopia","Sidama","6.8","38.4","1735.2","2003-08","119.7","18.65","26.64"
"ethiopia","Sidama","6.8","38.4","1735.2","2003-09","68.4","19.79","27.98"
"ethiopia","Sidama","6.8","38.4","1735.2","2003-10","22.0","21.86","31.86"
"ethiopia","Sidama","6.8","38.4","1735.2","2003-11","62.4","21.07","31.59"
"ethiopia","Sidama","6.8","38.4","1735.2","2003-12","63.5","19.47","30.95"
"ethiopia","Sidama","6.8","38.4","1735.2","2004-01","19.5","22.08","32.96"
"ethiopia","Sidama","6.8","38.4","1735.2","2004-02","40.6","21.87","33.19"
"ethiopia","Sidama","6.8","38.4","1735.2","2004-03","22.3","23.35","35.32"
"ethiopia","Sidama","6.8","38.4","1735.2","2004-04","111.9","21.25","31.98"
"ethiopia","Sidama","6.8","38.4","1735.2","2004-05","36.9","22.24","33.88"
"ethiopia","Sidama","6.8","38.4","1735.2","2004-06","44.1","19.69","28.21"
"ethiopia","Sidama","6.8","38.4","1735.2","2004-07","92.7","19.05","27.41"
"ethiopia","Sidama","6.8","38.4","1735.2","2004-08","67.9","19.53","27.78"
"ethiopia","Sidama","6.8","38.4","1735.2","2004-09","81.9","19.97","28.32"
"ethiopia","Sidama","6.8","38.4","1735.2","2004-10","54.2","20.02","30.73"
"ethiopia","Sidama","6.8","38.4","1735.2","2004-11","62.7","21.2","31.08"
"ethiopia","Sidama","6.8","38.4","1735.2","2004-12","31.3","21.18","31.46"
"ethiopia","Sidama","6.8","38.4","1735.2","2005-01","33.2","20.98","33.03"
"ethiopia","Sidama","6.8","38.4","1735.2","2005-02","14.0","23.09","36.01"
"ethiopia","Sidama","6.8","38.4","1735.2","2005-03","82.1","22.34","33.81"
"ethiopia","Sidama","6.8","38.4","1735.2","2005-04","168.6","22.45","35.12"
"ethiopia","Sidama","6.8","38.4","1735.2","2005-05","300.7","19.42","26.73"
"ethiopia","Sidama","6.8","38.4","1735.2","2005-06","27.3","18.66","25.56"
"ethiopia","Sidama","6.8","38.4","1735.2","2005-07","77.5","18.02","24.74"
"ethiopia","Sidama","6.8","38.4","1735.2","2005-08","78.4","19.31","26.44"
"ethiopia","Sidama","6.8","38.4","1735.2","2005-09","67.5","19.62","28.83"
"ethiopia","Sidama","6.8","38.4","1735.2","2005-10","53.9","20.4","29.86"
"ethiopia","Sidama","6.8","38.4","1735.2","2005-11","29.1","20.12","30.56"
"ethiopia","Sidama","6.8","38.4","1735.2","2005-12","0.6","20.25","32.22"
"ethiopia","Sidama","6.8","38.4","1735.2","2006-01","36.3","22.45","33.55"
"ethiopia","Sidama","6.8","38.4","1735.2","2006-02","101.1","21.59","32.66"
"ethiopia","Sidama","6.8","38.4","1735.2","2006-03","175.2","21.08","30.58"
"ethiopia","Sidama","6.8","38.4","1735.2","2006-04","236.4","19.81","27.93"
"ethiopia","Sidama","6.8","38.4","1735.2","2006-05","167.1","19.87","27.14"
"ethiopia","Sidama","6.8","38.4","1735.2","2006-06","143.4","18.31","25.04"
"ethiopia","Sidama","6.8","38.4","1735.2","2006-07","242.4","17.6","23.46"
"ethiopia","Sidama","6.8","38.4","1735.2","2006-08","158.1","17.54","23.77"
"ethiopia","Sidama","6.8","38.4","1735.2","2006-09","171.0","18.27","24.67"
"ethiopia","Sidama","6.8","38.4","1735.2","2006-10","145.1","18.7","25.16"
"ethiopia","Sidama","6.8","38.4","1735.2","2006-11","42.6","18.29","25.39"
"ethiopia","Sidama","6.8","38.4","1735.2","2006-12","48.7","19.4","27.38"
"ethiopia","Sidama","6.8","38.4","1735.2","2007-01","51.1","20.31","29.92"
"ethiopia","Sidama","6.8","38.4","1735.2","2007-02","70.6","21.59","30.7"
"ethiopia","Sidama","6.8","38.4","1735.2","2007-03","82.1","22.44","34.0"
"ethiopia","Sidama","6.8","38.4","1735.2","2007-04","171.3","21.14","32.47"
"ethiopia","Sidama","6.8","38.4","1735.2","2007-05","231.3","20.22","28.93"
"ethiopia","Sidama","6.8","38.4","1735.2","2007-06","103.5","18.31","25.25"
"ethiopia","Sidama","6.8","38.4","1735.2","2007-07","165.8","17.88","24.35"
"ethiopia","Sidama","6.8","38.4","1735.2","2007-08","250.5","17.79","23.56"
"ethiopia","Sidama","6.8","38.4","1735.2","2007-09","235.5","18.04","24.33"
"ethiopia","Sidama","6.8","38.4","1735.2","2007-10","70.7","18.59","25.45"
"ethiopia","Sidama","6.8","38.4","1735.2","2007-11","44.4","18.0","26.83"
"ethiopia","Sidama","6.8","38.4","1735.2","2007-12","0.3","18.28","29.28"
"ethiopia","Sidama","6.8","38.4","1735.2","2008-01","9.9","20.75","32.2"
"ethiopia","Sidama","6.8","38.4","1735.2","2008-02","12.2","21.85","33.29"
"ethiopia","Sidama","6.8","38.4","1735.2","2008-03","37.2","23.09","34.41"
"ethiopia","Sidama","6.8","38.4","1735.2","2008-04","187.8","21.02","33.34"
"ethiopia","Sidama","6.8","38.4","1735.2","2008-05","64.2","20.23","30.77"
"ethiopia","Sidama","6.8","38.4","1735.2","2008-06","77.1","19.01","27.29"
"ethiopia","Sidama","6.8","38.4","1735.2","2008-07","177.0","18.26","26.74"
"ethiopia","Sidama","6.8","38.4","1735.2","2008-08","201.8","18.11","24.48"
"ethiopia","Sidama","6.8","38.4","1735.2","2008-09","218.7","18.68","25.36"
"ethiopia","Sidama","6.8","38.4","1735.2","2008-10","212.0","18.55","25.03"
"ethiopia","Sidama","6.8","38.4","1735.2","2008-11","147.0","16.73","24.6"
"ethiopia","Sidama","6.8","38.4","1735.2","2008-12","3.1","17.64","27.56"
"ethiopia","Sidama","6.8","38.4","1735.2","2009-01","41.5","19.19","28.97"
"ethiopia","Sidama","6.8","38.4","1735.2","2009-02","5.9","21.95","33.47"
"ethiopia","Sidama","6.8","38.4","1735.2","2009-03","44.6","24.24","34.34"
"ethiopia","Sidama","6.8","38.4","1735.2","2009-04","156.9","21.53","32.07"
"ethiopia","Sidama","6.8","38.4","1735.2","2009-05","152.8","20.84","32.38"
"ethiopia","Sidama","6.8","38.4","1735.2","2009-06","93.9","20.02","27.91"
"ethiopia","Sidama","6.8","38.4","1735.2","2009-07","184.5","18.44","25.34"
"ethiopia","Sidama","6.8","38.4","1735.2","2009-08","129.6","18.63","25.47"
"ethiopia","Sidama","6.8","38.4","1735.2","2009-09","148.5","19.39","26.63"
"ethiopia","Sidama","6.8","38.4","1735.2","2009-10","164.6","18.96","26.28"
"ethiopia","Sidama","6.8","38.4","1735.2","2009-11","19.2","19.07","28.77"
"ethiopia","Sidama","6.8","38.4","1735.2","2009-12","72.2","20.41","29.58"
"ethiopia","Sidama","6.8","38.4","1735.2","2010-01","10.8","20.9","32.49"
"ethiopia","Sidama","6.8","38.4","1735.2","2010-02","113.1","21.61","33.15"
"ethiopia","Sidama","6.8","38.4","1735.2","2010-03","123.7","21.05","31.83"
"ethiopia","Sidama","6.8","38.4","1735.2","2010-04","253.2","20.79","31.26"
"ethiopia","Sidama","6.8","38.4","1735.2","2010-05","276.8","19.8","27.45"
"ethiopia","Sidama","6.8","38.4","1735.2","2010-06","201.6","18.61","25.08"
"ethiopia","Sidama","6.8","38.4","1735.2","2010-07","169.6","17.46","23.44"
"ethiopia","Sidama","6.8","38.4","1735.2","2010-08","186.6","17.76","23.58"
"ethiopia","Sidama","6.8","38.4","1735.2","2010-09","167.7","18.39","24.64"
"ethiopia","Sidama","6.8","38.4","1735.2","2010-10","77.8","19.37","26.2"
"ethiopia","Sidama","6.8","38.4","1735.2","2010-11","21.3","18.67","26.42"
"ethiopia","Sidama","6.8","38.4","1735.2","2010-12","11.8","19.09","28.8"
"ethiopia","Sidama","6.8","38.4","1735.2","2011-01","5.6","20.93","33.02"
"ethiopia","Sidama","6.8","38.4","1735.2","2011-02","11.8","22.24","34.59"
"ethiopia","Sidama","6.8","38.4","1735.2","2011-03","55.8","22.56","34.5"
"ethiopia","Sidama","6.8","38.4","1735.2","2011-04","100.2","23.01","33.77"
"ethiopia","Sidama","6.8","38.4","1735.2","2011-05","236.8","20.33","29.3"
"ethiopia","Sidama","6.8","38.4","1735.2","2011-06","101.7","18.57","25.13"
"ethiopia","Sidama","6.8","38.4","1735.2","2011-07","101.4","18.26","25.41"
"ethiopia","Sidama","6.8","38.4","1735.2","2011-08","49.0","18.62","26.27"
"ethiopia","Sidama","6.8","38.4","1735.2","2011-09","88.2","19.05","26.73"
"ethiopia","Sidama","6.8","38.4","1735.2","2011-10","76.9","19.78","29.59"
"ethiopia","Sidama","6.8","38.4","1735.2","2011-11","166.8","19.02","29.15"
"ethiopia","Sidama","6.8","38.4","1735.2","2011-12","5.9","18.9","29.51"
"ethiopia","Sidama","6.8","38.4","1735.2","2012-01","0.0","21.01","32.52"
"ethiopia","Sidama","6.8","38.4","1735.2","2012-02","2.9","22.68","34.39"
"ethiopia","Sidama","6.8","38.4","1735.2","2012-03","11.8","23.73","34.73"
"ethiopia","Sidama","6.8","38.4","1735.2","2012-04","298.5","20.41","29.52"
"ethiopia","Sidama","6.8","38.4","1735.2","2012-05","151.9","20.1","27.94"
"ethiopia","Sidama","6.8","38.4","1735.2","2012-06","72.3","18.51","25.26"
"ethiopia","Sidama","6.8","38.4","1735.2","2012-07","159.7","17.82","23.87"
"ethiopia","Sidama","6.8","38.4","1735.2","2012-08","517.4","17.67","23.52"
"ethiopia","Sidama","6.8","38.4","1735.2","2012-09","235.5","18.09","24.27"
"ethiopia","Sidama","6.8","38.4","1735.2","2012-10","86.2","18.7","25.43"
"ethiopia","Sidama","6.8","38.4","1735.2","2012-11","57.3","18.92","26.34"
"ethiopia","Sidama","6.8","38.4","1735.2","2012-12","23.6","19.04","27.12"
"ethiopia","Sidama","6.8","38.4","1735.2","2013-01","14.6","20.56","31.72"
"ethiopia","Sidama","6.8","38.4","1735.2","2013-02","3.6","23.05","35.17"
"ethiopia","Sidama","6.8","38.4","1735.2","2013-03","153.8","22.3","34.11"
"ethiopia","Sidama","6.8","38.4","1735.2","2013-04","325.5","20.08","28.06"
"ethiopia","Sidama","6.8","38.4","1735.2","2013-05","225.4","19.08","26.32"
"ethiopia","Sidama","6.8","38.4","1735.2","2013-06","221.1","17.91","24.4"
"ethiopia","Sidama","6.8","38.4","1735.2","2013-07","221.0","17.02","22.74"
"ethiopia","Sidama","6.8","38.4","1735.2","2013-08","184.5","17.1","23.18"
"ethiopia","Sidama","6.8","38.4","1735.2","2013-09","146.7","18.44","25.58"
"ethiopia","Sidama","6.8","38.4","1735.2","2013-10","260.4","18.37","24.56"
"ethiopia","Sidama","6.8","38.4","1735.2","2013-11","102.6","18.15","24.83"
"ethiopia","Sidama","6.8","38.4","1735.2","2013-12","2.5","17.38","25.36"
"ethiopia","Sidama","6.8","38.4","1735.2","2014-01","4.6","19.68","30.81"
"ethiopia","Sidama","6.8","38.4","1735.2","2014-02","56.6","21.35","31.53"
"ethiopia","Sidama","6.8","38.4","1735.2","2014-03","100.1","22.54","33.75"
"ethiopia","Sidama","6.8","38.4","1735.2","2014-04","182.4","20.93","30.19"
"ethiopia","Sidama","6.8","38.4","1735.2","2014-05","315.9","19.74","26.63"
"ethiopia","Sidama","6.8","38.4","1735.2","2014-06","122.1","18.98","27.51"
"ethiopia","Sidama","6.8","38.4","1735.2","2014-07","188.5","17.99","23.57"
"ethiopia","Sidama","6.8","38.4","1735.2","2014-08","177.6","17.95","24.07"
"ethiopia","Sidama","6.8","38.4","1735.2","2014-09","195.0","18.26","24.71"
"ethiopia","Sidama","6.8","38.4","1735.2","2014-10","178.6","18.47","25.01"
"ethiopia","Sidama","6.8","38.4","1735.2","2014-11","64.8","18.71","25.34"
"ethiopia","Sidama","6.8","38.4","1735.2","2014-12","34.1","17.87","26.18"
"ethiopia","Sidama","6.8","38.4","1735.2","2015-01","5.3","19.16","31.13"
"ethiopia","Sidama","6.8","38.4","1735.2","2015-02","13.7","22.67","33.41"
"ethiopia","Sidama","6.8","38.4","1735.2","2015-03","44.9","23.56","35.16"
"ethiopia","Sidama","6.8","38.4","1735.2","2015-04","88.8","22.55","34.36"
"ethiopia","Sidama","6.8","38.4","1735.2","2015-05","179.8","20.62","31.24"
"ethiopia","Sidama","6.8","38.4","1735.2","2015-06","165.0","19.18","29.11"
"ethiopia","Sidama","6.8","38.4","1735.2","2015-07","116.6","18.82","25.21"
"ethiopia","Sidama","6.8","38.4","1735.2","2015-08","123.1","18.78","25.42"
"ethiopia","Sidama","6.8","38.4","1735.2","2015-09","68.4","19.98","27.57"
"ethiopia","Sidama","6.8","38.4","1735.2","2015-10","174.8","19.97","28.48"
"ethiopia","Sidama","6.8","38.4","1735.2","2015-11","151.5","19.14","27.09"
"ethiopia","Sidama","6.8","38.4","1735.2","2015-12","87.1","19.37","27.84"
"ethiopia","Sidama","6.8","38.4","1735.2","2016-01","16.7","21.14","29.85"
"ethiopia","Sidama","6.8","38.4","1735.2","2016-02","16.5","22.63","34.01"
"ethiopia","Sidama","6.8","38.4","1735.2","2016-03","48.4","24.3","35.58"
"ethiopia","Sidama","6.8","38.4","1735.2","2016-04","296.4","20.99","34.19"
"ethiopia","Sidama","6.8","38.4","1735.2","2016-05","248.3","19.5","26.89"
"ethiopia","Sidama","6.8","38.4","1735.2","2016-06","84.3","18.58","26.54"
"ethiopia","Sidama","6.8","38.4","1735.2","2016-07","104.2","18.08","23.87"
"ethiopia","Sidama","6.8","38.4","1735.2","2016-08","168.0","17.88","24.13"
"ethiopia","Sidama","6.8","38.4","1735.2","2016-09","109.5","18.79","25.89"
"ethiopia","Sidama","6.8","38.4","1735.2","2016-10","160.0","19.22","27.06"
"ethiopia","Sidama","6.8","38.4","1735.2","2016-11","99.9","18.64","27.98"
"ethiopia","Sidama","6.8","38.4","1735.2","2016-12","44.6","17.96","28.31"
"ethiopia","Sidama","6.8","38.4","1735.2","2017-01","0.0","19.07","32.14"
"ethiopia","Sidama","6.8","38.4","1735.2","2017-02","61.9","21.99","32.99"
"ethiopia","Sidama","6.8","38.4","1735.2","2017-03","106.0","22.84","34.83"
"ethiopia","Sidama","6.8","38.4","1735.2","2017-04","102.3","22.46","33.66"
"ethiopia","Sidama","6.8","38.4","1735.2","2017-05","392.2","20.01","28.57"
"ethiopia","Sidama","6.8","38.4","1735.2","2017-06","80.1","19.0","25.45"
"ethiopia","Sidama","6.8","38.4","1735.2","2017-07","148.5","18.25","23.86"
"ethiopia","Sidama","6.8","38.4","1735.2","2017-08","210.2","18.28","24.49"
"ethiopia","Sidama","6.8","38.4","1735.2","2017-09","237.9","18.64","25.69"
"ethiopia","Sidama","6.8","38.4","1735.2","2017-10","170.8","19.3","25.7"
"ethiopia","Sidama","6.8","38.4","1735.2","2017-11","99.3","18.04","25.27"
"ethiopia","Sidama","6.8","38.4","1735.2","2017-12","1.9","17.02","26.51"
"ethiopia","Sidama","6.8","38.4","1735.2","2018-01","7.8","18.92","29.96"
"ethiopia","Sidama","6.8","38.4","1735.2","2018-02","80.1","21.4","32.98"
"ethiopia","Sidama","6.8","38.4","1735.2","2018-03","93.9","20.82","31.04"
"ethiopia","Sidama","6.8","38.4","1735.2","2018-04","311.7","19.98","28.36"
"ethiopia","Sidama","6.8","38.4","1735.2","2018-05","165.8","19.68","29.08"
"ethiopia","Sidama","6.8","38.4","1735.2","2018-06","92.7","18.19","24.04"
"ethiopia","Sidama","6.8","38.4","1735.2","2018-07","40.3","17.84","24.47"
"ethiopia","Sidama","6.8","38.4","1735.2","2018-08","140.4","18.09","25.46"
"ethiopia","Sidama","6.8","38.4","1735.2","2018-09","76.5","19.57","28.51"
"ethiopia","Sidama","6.8","38.4","1735.2","2018-10","133.3","19.96","28.46"
"ethiopia","Sidama","6.8","38.4","1735.2","2018-11","138.6","19.54","28.59"
"ethiopia","Sidama","6.8","38.4","1735.2","2018-12","18.6","20.16","29.88"
"ethiopia","Sidama","6.8","38.4","1735.2","2019-01","0.0","20.84","33.55"
"ethiopia","Sidama","6.8","38.4","1735.2","2019-02","8.7","24.31","34.78"
"ethiopia","Sidama","6.8","38.4","1735.2","2019-03","42.2","24.93","35.89"
"ethiopia","Sidama","6.8","38.4","1735.2","2019-04","187.5","22.19","32.98"
"ethiopia","Sidama","6.8","38.4","1735.2","2019-05","150.3","21.17","32.88"
"ethiopia","Sidama","6.8","38.4","1735.2","2019-06","120.6","18.87","25.6"
"ethiopia","Sidama","6.8","38.4","1735.2","2019-07","75.0","18.71","25.78"
"ethiopia","Sidama","6.8","38.4","1735.2","2019-08","190.3","18.6","25.75"
"ethiopia","Sidama","6.8","38.4","1735.2","2019-09","372.0","18.72","25.5"
"ethiopia","Sidama","6.8","38.4","1735.2","2019-10","299.5","18.48","25.24"
"ethiopia","Sidama","6.8","38.4","1735.2","2019-11","169.8","18.74","25.61"
"ethiopia","Sidama","6.8","38.4","1735.2","2019-12","63.9","18.54","26.44"
"ethiopia","Sidama","6.8","38.4","1735.2","2020-01","40.9","19.32","27.32"
"ethiopia","Sidama","6.8","38.4","1735.2","2020-02","51.6","21.05","30.97"
"ethiopia","Sidama","6.8","38.4","1735.2","2020-03","161.5","21.96","32.65"
"ethiopia","Sidama","6.8","38.4","1735.2","2020-04","494.7","21.0","31.68"
"ethiopia","Sidama","6.8","38.4","1735.2","2020-05","436.2","19.67","26.41"
"ethiopia","Sidama","6.8","38.4","1735.2","2020-06","196.5","18.24","24.9"
"ethiopia","Sidama","6.8","38.4","1735.2","2020-07","128.0","17.27","22.86"
"ethiopia","Sidama","6.8","38.4","1735.2","2020-08","212.7","17.73","23.84"
"ethiopia","Sidama","6.8","38.4","1735.2","2020-09","318.6","18.41","24.93"
"ethiopia","Sidama","6.8","38.4","1735.2","2020-10","163.7","18.67","25.02"
"ethiopia","Sidama","6.8","38.4","1735.2","2020-11","69.6","18.38","25.73"
"ethiopia","Sidama","6.8","38.4","1735.2","2020-12","71.9","17.89","26.92"
"ethiopia","Sidama","6.8","38.4","1735.2","2021-01","128.3","18.08","27.41"
"ethiopia","Sidama","6.8","38.4","1735.2","2021-02","32.8","20.25","29.81"
"ethiopia","Sidama","6.8","38.4","1735.2","2021-03","41.9","22.06","33.38"
"ethiopia","Sidama","6.8","38.4","1735.2","2021-04","183.0","21.55","33.75"
"ethiopia","Sidama","6.8","38.4","1735.2","2021-05","153.8","19.62","28.56"
"ethiopia","Sidama","6.8","38.4","1735.2","2021-06","29.4","19.75","27.91"
"ethiopia","Sidama","6.8","38.4","1735.2","2021-07","101.1","18.17","26.18"
"ethiopia","Sidama","6.8","38.4","1735.2","2021-08","331.4","18.47","25.12"
"ethiopia","Sidama","6.8","38.4","1735.2","2021-09","236.1","18.45","24.39"
"ethiopia","Sidama","6.8","38.4","1735.2","2021-10","271.6","18.66","25.24"
"ethiopia","Sidama","6.8","38.4","1735.2","2021-11","89.1","18.7","25.88"
"ethiopia","Sidama","6.8","38.4","1735.2","2021-12","84.9","18.44","27.55"
"ethiopia","Sidama","6.8","38.4","1735.2","2022-01","84.9","19.13","27.72"
"ethiopia","Sidama","6.8","38.4","1735.2","2022-02","28.8","21.21","32.12"
"ethiopia","Sidama","6.8","38.4","1735.2","2022-03","43.1","22.65","33.86"
"ethiopia","Sidama","6.8","38.4","1735.2","2022-04","369.3","21.22","34.06"
"ethiopia","Sidama","6.8","38.4","1735.2","2022-05","61.4","20.53","29.13"
"ethiopia","Sidama","6.8","38.4","1735.2","2022-06","135.3","18.75","27.06"
"ethiopia","Sidama","6.8","38.4","1735.2","2022-07","133.3","17.58","24.06"
"ethiopia","Sidama","6.8","38.4","1735.2","2022-08","100.1","18.04","24.41"
"ethiopia","Sidama","6.8","38.4","1735.2","2022-09","142.2","18.83","25.32"
"ethiopia","Sidama","6.8","38.4","1735.2","2022-10","183.5","18.89","25.75"
"ethiopia","Sidama","6.8","38.4","1735.2","2022-11","40.5","19.58","27.8"
"ethiopia","Sidama","6.8","38.4","1735.2","2022-12","58.6","20.22","29.41"
"ethiopia","Sidama","6.8","38.4","1735.2","2023-01","5.0","20.19","31.58"
"ethiopia","Sidama","6.8","38.4","1735.2","2023-02","13.4","22.27","34.38"
"ethiopia","Sidama","6.8","38.4","1735.2","2023-03","254.5","21.23","32.85"
"ethiopia","Sidama","6.8","38.4","1735.2","2023-04","241.5","20.42","28.72"
"ethiopia","Sidama","6.8","38.4","1735.2","2023-05","244.3","19.85","26.77"
"ethiopia","Sidama","6.8","38.4","1735.2","2023-06","120.9","19.17","25.19"
"ethiopia","Sidama","6.8","38.4","1735.2","2023-07","149.1","18.47","24.29"
"ethiopia","Sidama","6.8","38.4","1735.2","2023-08","116.6","18.94","25.76"
"ethiopia","Sidama","6.8","38.4","1735.2","2023-09","152.1","19.67","26.76"
"ethiopia","Sidama","6.8","38.4","1735.2","2023-10","359.9","19.89","27.16"
"ethiopia","Sidama","6.8","38.4","1735.2","2023-11","354.3","18.49","25.53"
"ethiopia","Sidama","6.8","38.4","1735.2","2023-12","8.4","18.84","26.16"
"ethiopia","Sidama","6.8","38.4","1735.2","2024-01","18.9","20.02","28.24"
"ethiopia","Sidama","6.8","38.4","1735.2","2024-02","214.6","21.21","28.9"
"ethiopia","Sidama","6.8","38.4","1735.2","2024-03","122.5","21.65","30.28"
"ethiopia","Sidama","6.8","38.4","1735.2","2024-04","287.7","20.97","28.6"
"ethiopia","Sidama","6.8","38.4","1735.2","2024-05","186.6","20.6","27.87"
"ethiopia","Sidama","6.8","38.4","1735.2","2024-06","179.4","19.42","27.19"
"ethiopia","Sidama","6.8","38.4","1735.2","2024-07","206.5","18.39","24.12"
"ethiopia","Sidama","6.8","38.4","1735.2","2024-08","149.4","18.15","23.91"
"ethiopia","Sidama","6.8","38.4","1735.2","2024-09","135.0","19.04","25.13"
"ethiopia","Sidama","6.8","38.4","1735.2","2024-10","339.8","19.16","26.22"
"ethiopia","Sidama","6.8","38.4","1735.2","2024-11","72.6","18.51","25.33"
"ethiopia","Sidama","6.8","38.4","1735.2","2024-12","8.7","17.87","26.56"
"ethiopia","Sidama","6.8","38.4","1735.2","2025-01","0.6","19.66","29.22"
"ethiopia","Sidama","6.8","38.4","1735.2","2025-02","13.7","22.28","33.79"
"ethiopia","Sidama","6.8","38.4","1735.2","2025-03","329.8","22.07","34.75"
"ethiopia","Sidama","6.8","38.4","1735.2","2025-04","162.3","20.68","29.12"
"ethiopia","Sidama","6.8","38.4","1735.2","2025-05","135.2","19.98","28.02"
"ethiopia","Sidama","6.8","38.4","1735.2","2025-06","71.1","19.51","27.02"
"ethiopia","Sidama","6.8","38.4","1735.2","2025-07","107.6","18.7","24.89"
"ethiopia","Sidama","6.8","38.4","1735.2","2025-08","194.7","18.09","24.77"
"ethiopia","Sidama","6.8","38.4","1735.2","2025-09","304.8","18.64","24.87"
"ethiopia","Sidama","6.8","38.4","1735.2","2025-10","247.7","18.5","25.49"
"ethiopia","Sidama","6.8","38.4","1735.2","2025-11","55.8","18.35","25.23"
"ethiopia","Sidama","6.8","38.4","1735.2","2025-12","59.2","19.07","26.62"
"vietnam","Dak Lak","12.67","108.05","630.6","1981-01","0.3","20.93","30.76"
"vietnam","Dak Lak","12.67","108.05","630.6","1981-02","0.3","24.29","36.52"
"vietnam","Dak Lak","12.67","108.05","630.6","1981-03","0.0","26.57","37.99"
"vietnam","Dak Lak","12.67","108.05","630.6","1981-04","35.1","27.46","38.32"
"vietnam","Dak Lak","12.67","108.05","630.6","1981-05","61.4","26.13","36.27"
"vietnam","Dak Lak","12.67","108.05","630.6","1981-06","120.6","24.29","32.69"
"vietnam","Dak Lak","12.67","108.05","630.6","1981-07","84.6","24.63","32.26"
"vietnam","Dak Lak","12.67","108.05","630.6","1981-08","71.6","23.91","33.26"
"vietnam","Dak Lak","12.67","108.05","630.6","1981-09","69.0","24.9","35.45"
"vietnam","Dak Lak","12.67","108.05","630.6","1981-10","107.9","23.89","32.45"
"vietnam","Dak Lak","12.67","108.05","630.6","1981-11","99.6","22.9","31.61"
"vietnam","Dak Lak","12.67","108.05","630.6","1981-12","2.2","20.97","31.75"
"vietnam","Dak Lak","12.67","108.05","630.6","1982-01","17.4","20.47","30.34"
"vietnam","Dak Lak","12.67","108.05","630.6","1982-02","5.3","23.58","35.84"
"vietnam","Dak Lak","12.67","108.05","630.6","1982-03","0.0","25.97","36.66"
"vietnam","Dak Lak","12.67","108.05","630.6","1982-04","0.3","26.75","37.7"
"vietnam","Dak Lak","12.67","108.05","630.6","1982-05","1.6","28.33","38.33"
"vietnam","Dak Lak","12.67","108.05","630.6","1982-06","1.8","26.02","36.65"
"vietnam","Dak Lak","12.67","108.05","630.6","1982-07","8.7","26.27","33.88"
"vietnam","Dak Lak","12.67","108.05","630.6","1982-08","0.6","26.51","35.2"
"vietnam","Dak Lak","12.67","108.05","630.6","1982-09","72.6","24.47","34.45"
"vietnam","Dak Lak","12.67","108.05","630.6","1982-10","21.1","25.19","35.09"
"vietnam","Dak Lak","12.67","108.05","630.6","1982-11","26.7","24.58","33.67"
"vietnam","Dak Lak","12.67","108.05","630.6","1982-12","0.0","21.98","34.11"
"vietnam","Dak Lak","12.67","108.05","630.6","1983-01","0.0","22.98","34.52"
"vietnam","Dak Lak","12.67","108.05","630.6","1983-02","0.0","25.39","36.06"
"vietnam","Dak Lak","12.67","108.05","630.6","1983-03","0.0","27.67","39.07"
"vietnam","Dak Lak","12.67","108.05","630.6","1983-04","10.8","29.1","39.54"
"vietnam","Dak Lak","12.67","108.05","630.6","1983-05","8.4","28.23","38.15"
"vietnam","Dak Lak","12.67","108.05","630.6","1983-06","84.3","26.46","36.95"
"vietnam","Dak Lak","12.67","108.05","630.6","1983-07","11.8","25.95","35.82"
"vietnam","Dak Lak","12.67","108.05","630.6","1983-08","112.2","24.91","35.17"
"vietnam","Dak Lak","12.67","108.05","630.6","1983-09","121.8","25.35","33.71"
"vietnam","Dak Lak","12.67","108.05","630.6","1983-10","118.1","23.05","31.13"
"vietnam","Dak Lak","12.67","108.05","630.6","1983-11","3.6","22.04","31.53"
"vietnam","Dak Lak","12.67","108.05","630.6","1983-12","0.0","21.45","31.38"
"vietnam","Dak Lak","12.67","108.05","630.6","1984-01","5.0","21.19","31.86"
"vietnam","Dak Lak","12.67","108.05","630.6","1984-02","0.0","23.17","35.46"
"vietnam","Dak Lak","12.67","108.05","630.6","1984-03","5.3","26.03","37.58"
"vietnam","Dak Lak","12.67","108.05","630.6","1984-04","3.3","28.14","38.17"
"vietnam","Dak Lak","12.67","108.05","630.6","1984-05","17.7","26.68","35.6"
"vietnam","Dak Lak","12.67","108.05","630.6","1984-06","32.1","25.61","34.1"
"vietnam","Dak Lak","12.67","108.05","630.6","1984-07","49.6","25.24","34.92"
"vietnam","Dak Lak","12.67","108.05","630.6","1984-08","37.8","24.71","32.92"
"vietnam","Dak Lak","12.67","108.05","630.6","1984-09","63.9","25.03","35.29"
"vietnam","Dak Lak","12.67","108.05","630.6","1984-10","142.0","23.47","33.47"
"vietnam","Dak Lak","12.67","108.05","630.6","1984-11","25.8","23.16","32.9"
"vietnam","Dak Lak","12.67","108.05","630.6","1984-12","0.6","21.94","31.1"
"vietnam","Dak Lak","12.67","108.05","630.6","1985-01","3.4","21.98","32.17"
"vietnam","Dak Lak","12.67","108.05","630.6","1985-02","4.5","25.53","36.26"
"vietnam","Dak Lak","12.67","108.05","630.6","1985-03","0.0","25.24","36.37"
"vietnam","Dak Lak","12.67","108.05","630.6","1985-04","26.7","26.58","38.42"
"vietnam","Dak Lak","12.67","108.05","630.6","1985-05","18.3","26.53","35.86"
"vietnam","Dak Lak","12.67","108.05","630.6","1985-06","47.4","25.46","34.55"
"vietnam","Dak Lak","12.67","108.05","630.6","1985-07","6.5","25.31","35.29"
"vietnam","Dak Lak","12.67","108.05","630.6","1985-08","44.6","25.16","33.43"
"vietnam","Dak Lak","12.67","108.05","630.6","1985-09","89.1","24.31","33.75"
"vietnam","Dak Lak","12.67","108.05","630.6","1985-10","33.8","24.69","34.78"
"vietnam","Dak Lak","12.67","108.05","630.6","1985-11","45.0","23.92","32.9"
"vietnam","Dak Lak","12.67","108.05","630.6","1985-12","25.4","21.61","32.51"
"vietnam","Dak Lak","12.67","108.05","630.6","1986-01","5.0","20.55","32.41"
"vietnam","Dak Lak","12.67","108.05","630.6","1986-02","0.0","23.65","35.78"
"vietnam","Dak Lak","12.67","108.05","630.6","1986-03","1.9","25.8","38.89"
"vietnam","Dak Lak","12.67","108.05","630.6","1986-04","0.0","27.7","37.5"
"vietnam","Dak Lak","12.67","108.05","630.6","1986-05","44.0","26.85","37.46"
"vietnam","Dak Lak","12.67","108.05","630.6","1986-06","54.3","25.79","35.46"
"vietnam","Dak Lak","12.67","108.05","630.6","1986-07","62.6","24.93","33.25"
"vietnam","Dak Lak","12.67","108.05","630.6","1986-08","75.6","24.31","32.35"
"vietnam","Dak Lak","12.67","108.05","630.6","1986-09","116.7","24.06","33.05"
"vietnam","Dak Lak","12.67","108.05","630.6","1986-10","59.5","24.09","31.95"
"vietnam","Dak Lak","12.67","108.05","630.6","1986-11","57.0","22.56","32.27"
"vietnam","Dak Lak","12.67","108.05","630.6","1986-12","27.6","21.77","30.42"
"vietnam","Dak Lak","12.67","108.05","630.6","1987-01","0.0","21.61","32.12"
"vietnam","Dak Lak","12.67","108.05","630.6","1987-02","0.0","23.03","35.05"
"vietnam","Dak Lak","12.67","108.05","630.6","1987-03","0.0","27.05","38.26"
"vietnam","Dak Lak","12.67","108.05","630.6","1987-04","0.0","27.97","37.96"
"vietnam","Dak Lak","12.67","108.05","630.6","1987-05","5.3","28.12","38.05"
"vietnam","Dak Lak","12.67","108.05","630.6","1987-06","24.0","26.45","35.62"
"vietnam","Dak Lak","12.67","108.05","630.6","1987-07","29.4","25.78","35.32"
"vietnam","Dak Lak","12.67","108.05","630.6","1987-08","26.7","26.38","36.94"
"vietnam","Dak Lak","12.67","108.05","630.6","1987-09","51.0","25.34","35.01"
"vietnam","Dak Lak","12.67","108.05","630.6","1987-10","22.9","26.24","36.31"
"vietnam","Dak Lak","12.67","108.05","630.6","1987-11","21.3","24.81","35.05"
"vietnam","Dak Lak","12.67","108.05","630.6","1987-12","0.0","21.66","33.07"
"vietnam","Dak Lak","12.67","108.05","630.6","1988-01","3.7","23.54","33.74"
"vietnam","Dak Lak","12.67","108.05","630.6","1988-02","2.6","24.28","35.95"
"vietnam","Dak Lak","12.67","108.05","630.6","1988-03","0.6","26.8","38.98"
"vietnam","Dak Lak","12.67","108.05","630.6","1988-04","2.7","27.77","37.62"
"vietnam","Dak Lak","12.67","108.05","630.6","1988-05","7.4","28.16","38.84"
"vietnam","Dak Lak","12.67","108.05","630.6","1988-06","14.1","26.67","34.33"
"vietnam","Dak Lak","12.67","108.05","630.6","1988-07","5.3","27.14","35.7"
"vietnam","Dak Lak","12.67","108.05","630.6","1988-08","10.2","26.98","35.01"
"vietnam","Dak Lak","12.67","108.05","630.6","1988-09","42.0","25.92","36.73"
"vietnam","Dak Lak","12.67","108.05","630.6","1988-10","100.1","24.21","33.85"
"vietnam","Dak Lak","12.67","108.05","630.6","1988-11","82.8","22.56","31.08"
"vietnam","Dak Lak","12.67","108.05","630.6","1988-12","6.8","20.79","29.83"
"vietnam","Dak Lak","12.67","108.05","630.6","1989-01","1.9","22.8","34.19"
"vietnam","Dak Lak","12.67","108.05","630.6","1989-02","3.1","22.25","34.42"
"vietnam","Dak Lak","12.67","108.05","630.6","1989-03","43.1","24.06","34.73"
"vietnam","Dak Lak","12.67","108.05","630.6","1989-04","13.5","28.09","38.15"
"vietnam","Dak Lak","12.67","108.05","630.6","1989-05","32.9","26.87","37.3"
"vietnam","Dak Lak","12.67","108.05","630.6","1989-06","71.1","25.61","35.97"
"vietnam","Dak Lak","12.67","108.05","630.6","1989-07","57.7","25.18","34.12"
"vietnam","Dak Lak","12.67","108.05","630.6","1989-08","50.8","24.68","32.37"
"vietnam","Dak Lak","12.67","108.05","630.6","1989-09","76.8","24.69","34.67"
"vietnam","Dak Lak","12.67","108.05","630.6","1989-10","145.1","23.48","31.52"
"vietnam","Dak Lak","12.67","108.05","630.6","1989-11","57.6","22.8","32.5"
"vietnam","Dak Lak","12.67","108.05","630.6","1989-12","6.2","21.38","31.78"
"vietnam","Dak Lak","12.67","108.05","630.6","1990-01","0.0","22.59","32.89"
"vietnam","Dak Lak","12.67","108.05","630.6","1990-02","0.3","24.55","36.0"
"vietnam","Dak Lak","12.67","108.05","630.6","1990-03","0.9","25.9","37.74"
"vietnam","Dak Lak","12.67","108.05","630.6","1990-04","9.9","27.93","39.11"
"vietnam","Dak Lak","12.67","108.05","630.6","1990-05","43.4","27.37","38.54"
"vietnam","Dak Lak","12.67","108.05","630.6","1990-06","145.5","24.34","32.5"
"vietnam","Dak Lak","12.67","108.05","630.6","1990-07","86.5","24.74","32.08"
"vietnam","Dak Lak","12.67","108.05","630.6","1990-08","166.5","23.76","31.37"
"vietnam","Dak Lak","12.67","108.05","630.6","1990-09","195.0","23.82","30.96"
"vietnam","Dak Lak","12.67","108.05","630.6","1990-10","239.6","22.83","29.9"
"vietnam","Dak Lak","12.67","108.05","630.6","1990-11","135.3","21.86","30.18"
"vietnam","Dak Lak","12.67","108.05","630.6","1990-12","45.3","20.77","28.68"
"vietnam","Dak Lak","12.67","108.05","630.6","1991-01","9.3","21.47","30.18"
"vietnam","Dak Lak","12.67","108.05","630.6","1991-02","12.0","22.27","34.11"
"vietnam","Dak Lak","12.67","108.05","630.6","1991-03","55.8","24.4","35.21"
"vietnam","Dak Lak","12.67","108.05","630.6","1991-04","84.6","25.98","37.28"
"vietnam","Dak Lak","12.67","108.05","630.6","1991-05","60.1","27.06","36.73"
"vietnam","Dak Lak","12.67","108.05","630.6","1991-06","141.3","24.45","33.87"
"vietnam","Dak Lak","12.67","108.05","630.6","1991-07","172.0","23.83","31.5"
"vietnam","Dak Lak","12.67","108.05","630.6","1991-08","88.0","23.98","30.69"
"vietnam","Dak Lak","12.67","108.05","630.6","1991-09","207.9","23.47","30.55"
"vietnam","Dak Lak","12.67","108.05","630.6","1991-10","243.3","22.41","29.49"
"vietnam","Dak Lak","12.67","108.05","630.6","1991-11","52.8","20.69","27.43"
"vietnam","Dak Lak","12.67","108.05","630.6","1991-12","22.3","20.65","29.75"
"vietnam","Dak Lak","12.67","108.05","630.6","1992-01","44.6","19.37","29.82"
"vietnam","Dak Lak","12.67","108.05","630.6","1992-02","9.0","23.55","34.1"
"vietnam","Dak Lak","12.67","108.05","630.6","1992-03","4.0","25.65","35.84"
"vietnam","Dak Lak","12.67","108.05","630.6","1992-04","9.6","27.31","37.82"
"vietnam","Dak Lak","12.67","108.05","630.6","1992-05","123.7","26.46","36.91"
"vietnam","Dak Lak","12.67","108.05","630.6","1992-06","264.6","24.45","34.47"
"vietnam","Dak Lak","12.67","108.05","630.6","1992-07","136.7","23.66","31.4"
"vietnam","Dak Lak","12.67","108.05","630.6","1992-08","415.4","23.57","30.81"
"vietnam","Dak Lak","12.67","108.05","630.6","1992-09","162.6","23.13","28.93"
"vietnam","Dak Lak","12.67","108.05","630.6","1992-10","379.1","22.14","28.8"
"vietnam","Dak Lak","12.67","108.05","630.6","1992-11","71.7","20.33","27.15"
"vietnam","Dak Lak","12.67","108.05","630.6","1992-12","13.3","20.45","27.34"
"vietnam","Dak Lak","12.67","108.05","630.6","1993-01","3.4","19.07","27.89"
"vietnam","Dak Lak","12.67","108.05","630.6","1993-02","1.4","20.32","31.28"
"vietnam","Dak Lak","12.67","108.05","630.6","1993-03","24.5","23.55","35.12"
"vietnam","Dak Lak","12.67","108.05","630.6","1993-04","12.0","26.45","37.35"
"vietnam","Dak Lak","12.67","108.05","630.6","1993-05","101.1","26.32","37.17"
"vietnam","Dak Lak","12.67","108.05","630.6","1993-06","134.4","24.73","33.8"
"vietnam","Dak Lak","12.67","108.05","630.6","1993-07","90.8","24.2","31.05"
"vietnam","Dak Lak","12.67","108.05","630.6","1993-08","157.2","23.58","30.8"
"vietnam","Dak Lak","12.67","108.05","630.6","1993-09","188.4","23.13","30.54"
"vietnam","Dak Lak","12.67","108.05","630.6","1993-10","317.1","22.22","29.18"
"vietnam","Dak Lak","12.67","108.05","630.6","1993-11","165.3","21.67","29.04"
"vietnam","Dak Lak","12.67","108.05","630.6","1993-12","134.8","20.07","27.41"
"vietnam","Dak Lak","12.67","108.05","630.6","1994-01","7.8","19.68","28.23"
"vietnam","Dak Lak","12.67","108.05","630.6","1994-02","4.2","23.23","32.49"
"vietnam","Dak Lak","12.67","108.05","630.6","1994-03","12.4","23.66","33.96"
"vietnam","Dak Lak","12.67","108.05","630.6","1994-04","16.8","26.7","37.5"
"vietnam","Dak Lak","12.67","108.05","630.6","1994-05","134.2","25.55","36.5"
"vietnam","Dak Lak","12.67","108.05","630.6","1994-06","343.5","23.93","30.06"
"vietnam","Dak Lak","12.67","108.05","630.6","1994-07","133.3","23.47","28.64"
"vietnam","Dak Lak","12.67","108.05","630.6","1994-08","91.1","23.94","31.18"
"vietnam","Dak Lak","12.67","108.05","630.6","1994-09","231.3","23.13","29.03"
"vietnam","Dak Lak","12.67","108.05","630.6","1994-10","255.1","22.33","30.51"
"vietnam","Dak Lak","12.67","108.05","630.6","1994-11","57.9","21.46","28.27"
"vietnam","Dak Lak","12.67","108.05","630.6","1994-12","99.5","20.82","28.72"
"vietnam","Dak Lak","12.67","108.05","630.6","1995-01","24.8","20.26","29.77"
"vietnam","Dak Lak","12.67","108.05","630.6","1995-02","2.5","21.42","32.01"
"vietnam","Dak Lak","12.67","108.05","630.6","1995-03","19.5","23.96","35.09"
"vietnam","Dak Lak","12.67","108.05","630.6","1995-04","24.9","26.71","37.73"
"vietnam","Dak Lak","12.67","108.05","630.6","1995-05","131.4","25.27","35.28"
"vietnam","Dak Lak","12.67","108.05","630.6","1995-06","66.6","25.61","32.44"
"vietnam","Dak Lak","12.67","108.05","630.6","1995-07","224.4","23.77","29.94"
"vietnam","Dak Lak","12.67","108.05","630.6","1995-08","136.7","24.15","31.22"
"vietnam","Dak Lak","12.67","108.05","630.6","1995-09","242.4","23.51","29.98"
"vietnam","Dak Lak","12.67","108.05","630.6","1995-10","293.3","23.16","29.44"
"vietnam","Dak Lak","12.67","108.05","630.6","1995-11","123.9","21.44","28.54"
"vietnam","Dak Lak","12.67","108.05","630.6","1995-12","67.6","19.67","27.28"
"vietnam","Dak Lak","12.67","108.05","630.6","1996-01","29.8","19.52","27.96"
"vietnam","Dak Lak","12.67","108.05","630.6","1996-02","10.7","20.98","32.65"
"vietnam","Dak Lak","12.67","108.05","630.6","1996-03","1.9","24.66","36.07"
"vietnam","Dak Lak","12.67","108.05","630.6","1996-04","48.9","25.76","35.97"
"vietnam","Dak Lak","12.67","108.05","630.6","1996-05","282.4","24.42","34.75"
"vietnam","Dak Lak","12.67","108.05","630.6","1996-06","170.1","24.12","32.46"
"vietnam","Dak Lak","12.67","108.05","630.6","1996-07","90.5","23.96","30.99"
"vietnam","Dak Lak","12.67","108.05","630.6","1996-08","119.4","23.89","31.15"
"vietnam","Dak Lak","12.67","108.05","630.6","1996-09","321.9","23.32","29.23"
"vietnam","Dak Lak","12.67","108.05","630.6","1996-10","248.0","22.89","29.7"
"vietnam","Dak Lak","12.67","108.05","630.6","1996-11","405.6","21.89","28.36"
"vietnam","Dak Lak","12.67","108.05","630.6","1996-12","158.7","19.94","25.63"
"vietnam","Dak Lak","12.67","108.05","630.6","1997-01","8.4","18.38","27.26"
"vietnam","Dak Lak","12.67","108.05","630.6","1997-02","14.3","21.5","29.07"
"vietnam","Dak Lak","12.67","108.05","630.6","1997-03","0.3","22.9","32.69"
"vietnam","Dak Lak","12.67","108.05","630.6","1997-04","55.2","24.86","33.38"
"vietnam","Dak Lak","12.67","108.05","630.6","1997-05","112.8","25.09","34.45"
"vietnam","Dak Lak","12.67","108.05","630.6","1997-06","97.2","24.69","33.19"
"vietnam","Dak Lak","12.67","108.05","630.6","1997-07","153.1","23.67","29.46"
"vietnam","Dak Lak","12.67","108.05","630.6","1997-08","71.3","23.91","29.8"
"vietnam","Dak Lak","12.67","108.05","630.6","1997-09","105.6","24.46","33.86"
"vietnam","Dak Lak","12.67","108.05","630.6","1997-10","91.1","23.79","32.5"
"vietnam","Dak Lak","12.67","108.05","630.6","1997-11","45.0","23.45","32.51"
"vietnam","Dak Lak","12.67","108.05","630.6","1997-12","12.4","22.41","30.91"
"vietnam","Dak Lak","12.67","108.05","630.6","1998-01","6.8","23.43","34.91"
"vietnam","Dak Lak","12.67","108.05","630.6","1998-02","0.8","25.36","36.57"
"vietnam","Dak Lak","12.67","108.05","630.6","1998-03","3.1","26.82","38.53"
"vietnam","Dak Lak","12.67","108.05","630.6","1998-04","6.0","28.51","39.05"
"vietnam","Dak Lak","12.67","108.05","630.6","1998-05","210.2","26.95","38.34"
"vietnam","Dak Lak","12.67","108.05","630.6","1998-06","210.9","25.05","30.87"
"vietnam","Dak Lak","12.67","108.05","630.6","1998-07","312.2","24.31","30.75"
"vietnam","Dak Lak","12.67","108.05","630.6","1998-08","456.9","24.07","29.66"
"vietnam","Dak Lak","12.67","108.05","630.6","1998-09","342.9","23.65","28.91"
"vietnam","Dak Lak","12.67","108.05","630.6","1998-10","253.9","23.25","30.45"
"vietnam","Dak Lak","12.67","108.05","630.6","1998-11","423.0","22.15","27.65"
"vietnam","Dak Lak","12.67","108.05","630.6","1998-12","155.9","20.87","26.97"
"vietnam","Dak Lak","12.67","108.05","630.6","1999-01","33.8","20.53","27.25"
"vietnam","Dak Lak","12.67","108.05","630.6","1999-02","6.2","20.32","28.44"
"vietnam","Dak Lak","12.67","108.05","630.6","1999-03","16.1","23.75","31.73"
"vietnam","Dak Lak","12.67","108.05","630.6","1999-04","160.2","24.14","33.24"
"vietnam","Dak Lak","12.67","108.05","630.6","1999-05","293.9","23.88","29.65"
"vietnam","Dak Lak","12.67","108.05","630.6","1999-06","241.2","23.27","28.59"
"vietnam","Dak Lak","12.67","108.05","630.6","1999-07","219.8","23.26","28.23"
"vietnam","Dak Lak","12.67","108.05","630.6","1999-08","241.8","23.24","29.57"
"vietnam","Dak Lak","12.67","108.05","630.6","1999-09","37.5","23.39","29.15"
"vietnam","Dak Lak","12.67","108.05","630.6","1999-10","124.6","22.99","29.5"
"vietnam","Dak Lak","12.67","108.05","630.6","1999-11","144.9","22.18","28.7"
"vietnam","Dak Lak","12.67","108.05","630.6","1999-12","112.5","19.72","26.16"
"vietnam","Dak Lak","12.67","108.05","630.6","2000-01","23.9","20.71","27.76"
"vietnam","Dak Lak","12.67","108.05","630.6","2000-02","7.0","21.27","30.81"
"vietnam","Dak Lak","12.67","108.05","630.6","2000-03","8.4","23.42","33.48"
"vietnam","Dak Lak","12.67","108.05","630.6","2000-04","19.8","25.66","34.76"
"vietnam","Dak Lak","12.67","108.05","630.6","2000-05","102.3","25.43","34.29"
"vietnam","Dak Lak","12.67","108.05","630.6","2000-06","47.4","24.77","31.87"
"vietnam","Dak Lak","12.67","108.05","630.6","2000-07","49.0","24.6","33.43"
"vietnam","Dak Lak","12.67","108.05","630.6","2000-08","89.3","24.89","33.42"
"vietnam","Dak Lak","12.67","108.05","630.6","2000-09","173.4","23.89","30.9"
"vietnam","Dak Lak","12.67","108.05","630.6","2000-10","301.3","22.98","30.46"
"vietnam","Dak Lak","12.67","108.05","630.6","2000-11","120.0","21.81","28.28"
"vietnam","Dak Lak","12.67","108.05","630.6","2000-12","73.8","21.35","28.05"
"vietnam","Dak Lak","12.67","108.05","630.6","2001-01","14.0","21.86","32.13"
"vietnam","Dak Lak","12.67","108.05","630.6","2001-02","0.6","22.1","31.94"
"vietnam","Dak Lak","12.67","108.05","630.6","2001-03","33.8","24.42","33.62"
"vietnam","Dak Lak","12.67","108.05","630.6","2001-04","13.2","27.34","37.51"
"vietnam","Dak Lak","12.67","108.05","630.6","2001-05","49.0","26.4","36.55"
"vietnam","Dak Lak","12.67","108.05","630.6","2001-06","28.8","25.25","33.42"
"vietnam","Dak Lak","12.67","108.05","630.6","2001-07","25.4","25.85","33.67"
"vietnam","Dak Lak","12.67","108.05","630.6","2001-08","146.0","24.36","31.64"
"vietnam","Dak Lak","12.67","108.05","630.6","2001-09","291.9","24.09","31.09"
"vietnam","Dak Lak","12.67","108.05","630.6","2001-10","105.4","23.27","30.23"
"vietnam","Dak Lak","12.67","108.05","630.6","2001-11","33.3","21.93","30.72"
"vietnam","Dak Lak","12.67","108.05","630.6","2001-12","14.9","21.55","29.77"
"vietnam","Dak Lak","12.67","108.05","630.6","2002-01","1.2","21.33","31.56"
"vietnam","Dak Lak","12.67","108.05","630.6","2002-02","3.1","22.09","33.62"
"vietnam","Dak Lak","12.67","108.05","630.6","2002-03","0.0","25.61","37.73"
"vietnam","Dak Lak","12.67","108.05","630.6","2002-04","11.4","27.2","37.83"
"vietnam","Dak Lak","12.67","108.05","630.6","2002-05","23.6","27.55","37.68"
"vietnam","Dak Lak","12.67","108.05","630.6","2002-06","63.3","26.06","34.43"
"vietnam","Dak Lak","12.67","108.05","630.6","2002-07","20.8","26.43","34.73"
"vietnam","Dak Lak","12.67","108.05","630.6","2002-08","60.1","24.71","32.87"
"vietnam","Dak Lak","12.67","108.05","630.6","2002-09","107.7","24.33","33.23"
"vietnam","Dak Lak","12.67","108.05","630.6","2002-10","67.9","24.56","33.9"
"vietnam","Dak Lak","12.67","108.05","630.6","2002-11","106.2","23.37","32.95"
"vietnam","Dak Lak","12.67","108.05","630.6","2002-12","38.8","23.51","33.01"
"vietnam","Dak Lak","12.67","108.05","630.6","2003-01","4.0","21.41","32.79"
"vietnam","Dak Lak","12.67","108.05","630.6","2003-02","0.8","23.61","33.84"
"vietnam","Dak Lak","12.67","108.05","630.6","2003-03","1.6","25.97","36.3"
"vietnam","Dak Lak","12.67","108.05","630.6","2003-04","1.8","28.34","38.59"
"vietnam","Dak Lak","12.67","108.05","630.6","2003-05","87.7","25.93","35.08"
"vietnam","Dak Lak","12.67","108.05","630.6","2003-06","41.4","26.13","34.77"
"vietnam","Dak Lak","12.67","108.05","630.6","2003-07","44.6","25.9","35.14"
"vietnam","Dak Lak","12.67","108.05","630.6","2003-08","37.8","25.89","34.89"
"vietnam","Dak Lak","12.67","108.05","630.6","2003-09","43.8","25.45","35.16"
"vietnam","Dak Lak","12.67","108.05","630.6","2003-10","158.7","23.74","33.27"
"vietnam","Dak Lak","12.67","108.05","630.6","2003-11","119.7","23.29","33.14"
"vietnam","Dak Lak","12.67","108.05","630.6","2003-12","18.3","20.99","29.02"
"vietnam","Dak Lak","12.67","108.05","630.6","2004-01","3.4","22.16","32.24"
"vietnam","Dak Lak","12.67","108.05","630.6","2004-02","0.0","22.92","35.79"
"vietnam","Dak Lak","12.67","108.05","630.6","2004-03","0.3","25.93","37.46"
"vietnam","Dak Lak","12.67","108.05","630.6","2004-04","3.9","28.08","38.58"
"vietnam","Dak Lak","12.67","108.05","630.6","2004-05","80.0","26.71","37.07"
"vietnam","Dak Lak","12.67","108.05","630.6","2004-06","110.1","25.22","34.45"
"vietnam","Dak Lak","12.67","108.05","630.6","2004-07","67.6","25.53","34.36"
"vietnam","Dak Lak","12.67","108.05","630.6","2004-08","66.3","24.51","32.96"
"vietnam","Dak Lak","12.67","108.05","630.6","2004-09","41.4","25.06","33.96"
"vietnam","Dak Lak","12.67","108.05","630.6","2004-10","67.0","23.44","31.62"
"vietnam","Dak Lak","12.67","108.05","630.6","2004-11","25.2","23.69","32.85"
"vietnam","Dak Lak","12.67","108.05","630.6","2004-12","7.1","21.71","30.64"
"vietnam","Dak Lak","12.67","108.05","630.6","2005-01","0.6","21.8","34.71"
"vietnam","Dak Lak","12.67","108.05","630.6","2005-02","0.3","25.2","37.43"
"vietnam","Dak Lak","12.67","108.05","630.6","2005-03","10.8","25.09","37.48"
"vietnam","Dak Lak","12.67","108.05","630.6","2005-04","0.9","27.74","38.21"
"vietnam","Dak Lak","12.67","108.05","630.6","2005-05","30.1","28.04","39.34"
"vietnam","Dak Lak","12.67","108.05","630.6","2005-06","29.4","26.58","34.29"
"vietnam","Dak Lak","12.67","108.05","630.6","2005-07","40.3","25.77","35.57"
"vietnam","Dak Lak","12.67","108.05","630.6","2005-08","31.6","25.8","35.38"
"vietnam","Dak Lak","12.67","108.05","630.6","2005-09","78.0","24.97","33.88"
"vietnam","Dak Lak","12.67","108.05","630.6","2005-10","146.9","24.36","33.99"
"vietnam","Dak Lak","12.67","108.05","630.6","2005-11","68.4","23.76","33.22"
"vietnam","Dak Lak","12.67","108.05","630.6","2005-12","103.9","21.31","28.27"
"vietnam","Dak Lak","12.67","108.05","630.6","2006-01","3.1","22.19","32.26"
"vietnam","Dak Lak","12.67","108.05","630.6","2006-02","8.4","23.2","33.83"
"vietnam","Dak Lak","12.67","108.05","630.6","2006-03","26.0","25.41","36.65"
"vietnam","Dak Lak","12.67","108.05","630.6","2006-04","20.4","27.11","37.06"
"vietnam","Dak Lak","12.67","108.05","630.6","2006-05","39.1","27.08","37.49"
"vietnam","Dak Lak","12.67","108.05","630.6","2006-06","36.6","25.82","33.24"
"vietnam","Dak Lak","12.67","108.05","630.6","2006-07","47.7","25.23","33.35"
"vietnam","Dak Lak","12.67","108.05","630.6","2006-08","59.2","25.16","33.24"
"vietnam","Dak Lak","12.67","108.05","630.6","2006-09","56.4","25.16","34.79"
"vietnam","Dak Lak","12.67","108.05","630.6","2006-10","57.4","24.58","33.11"
"vietnam","Dak Lak","12.67","108.05","630.6","2006-11","24.0","24.77","34.7"
"vietnam","Dak Lak","12.67","108.05","630.6","2006-12","36.3","22.49","32.72"
"vietnam","Dak Lak","12.67","108.05","630.6","2007-01","5.0","22.03","31.68"
"vietnam","Dak Lak","12.67","108.05","630.6","2007-02","0.3","24.03","36.29"
"vietnam","Dak Lak","12.67","108.05","630.6","2007-03","12.4","26.24","39.04"
"vietnam","Dak Lak","12.67","108.05","630.6","2007-04","5.4","27.58","39.27"
"vietnam","Dak Lak","12.67","108.05","630.6","2007-05","68.8","26.41","36.11"
"vietnam","Dak Lak","12.67","108.05","630.6","2007-06","37.5","26.7","34.81"
"vietnam","Dak Lak","12.67","108.05","630.6","2007-07","36.6","25.94","35.69"
"vietnam","Dak Lak","12.67","108.05","630.6","2007-08","141.0","24.56","31.95"
"vietnam","Dak Lak","12.67","108.05","630.6","2007-09","83.7","24.98","33.64"
"vietnam","Dak Lak","12.67","108.05","630.6","2007-10","137.3","23.7","29.89"
"vietnam","Dak Lak","12.67","108.05","630.6","2007-11","144.3","21.4","28.96"
"vietnam","Dak Lak","12.67","108.05","630.6","2007-12","0.9","22.07","30.92"
"vietnam","Dak Lak","12.67","108.05","630.6","2008-01","23.6","21.88","31.69"
"vietnam","Dak Lak","12.67","108.05","630.6","2008-02","5.5","21.04","31.37"
"vietnam","Dak Lak","12.67","108.05","630.6","2008-03","9.9","24.33","36.37"
"vietnam","Dak Lak","12.67","108.05","630.6","2008-04","24.6","26.85","37.15"
"vietnam","Dak Lak","12.67","108.05","630.6","2008-05","76.9","25.33","34.16"
"vietnam","Dak Lak","12.67","108.05","630.6","2008-06","33.6","26.03","35.6"
"vietnam","Dak Lak","12.67","108.05","630.6","2008-07","39.4","25.57","34.83"
"vietnam","Dak Lak","12.67","108.05","630.6","2008-08","52.7","25.39","34.64"
"vietnam","Dak Lak","12.67","108.05","630.6","2008-09","128.7","24.48","34.71"
"vietnam","Dak Lak","12.67","108.05","630.6","2008-10","69.4","24.51","32.24"
"vietnam","Dak Lak","12.67","108.05","630.6","2008-11","154.5","22.68","30.49"
"vietnam","Dak Lak","12.67","108.05","630.6","2008-12","81.2","21.28","29.92"
"vietnam","Dak Lak","12.67","108.05","630.6","2009-01","9.6","19.7","29.37"
"vietnam","Dak Lak","12.67","108.05","630.6","2009-02","3.6","23.51","34.61"
"vietnam","Dak Lak","12.67","108.05","630.6","2009-03","8.7","25.81","36.62"
"vietnam","Dak Lak","12.67","108.05","630.6","2009-04","48.9","25.96","35.61"
"vietnam","Dak Lak","12.67","108.05","630.6","2009-05","73.2","25.39","34.36"
"vietnam","Dak Lak","12.67","108.05","630.6","2009-06","27.6","26.08","34.85"
"vietnam","Dak Lak","12.67","108.05","630.6","2009-07","53.3","25.33","33.69"
"vietnam","Dak Lak","12.67","108.05","630.6","2009-08","50.2","26.05","34.6"
"vietnam","Dak Lak","12.67","108.05","630.6","2009-09","131.7","24.2","33.32"
"vietnam","Dak Lak","12.67","108.05","630.6","2009-10","84.3","24.12","32.73"
"vietnam","Dak Lak","12.67","108.05","630.6","2009-11","116.4","22.88","32.11"
"vietnam","Dak Lak","12.67","108.05","630.6","2009-12","6.5","22.41","32.2"
"vietnam","Dak Lak","12.67","108.05","630.6","2010-01","44.3","22.43","32.28"
"vietnam","Dak Lak","12.67","108.05","630.6","2010-02","0.3","25.07","36.75"
"vietnam","Dak Lak","12.67","108.05","630.6","2010-03","4.3","26.36","36.86"
"vietnam","Dak Lak","12.67","108.05","630.6","2010-04","14.7","28.38","38.11"
"vietnam","Dak Lak","12.67","108.05","630.6","2010-05","16.7","29.22","39.37"
"vietnam","Dak Lak","12.67","108.05","630.6","2010-06","20.4","27.14","35.68"
"vietnam","Dak Lak","12.67","108.05","630.6","2010-07","31.0","26.46","35.14"
"vietnam","Dak Lak","12.67","108.05","630.6","2010-08","42.5","25.48","34.97"
"vietnam","Dak Lak","12.67","108.05","630.6","2010-09","60.0","25.79","35.69"
"vietnam","Dak Lak","12.67","108.05","630.6","2010-10","253.6","23.48","31.33"
"vietnam","Dak Lak","12.67","108.05","630.6","2010-11","241.2","22.19","28.47"
"vietnam","Dak Lak","12.67","108.05","630.6","2010-12","32.2","21.44","30.74"
"vietnam","Dak Lak","12.67","108.05","630.6","2011-01","5.6","20.55","28.76"
"vietnam","Dak Lak","12.67","108.05","630.6","2011-02","0.3","22.31","31.8"
"vietnam","Dak Lak","12.67","108.05","630.6","2011-03","14.0","22.98","33.46"
"vietnam","Dak Lak","12.67","108.05","630.6","2011-04","5.7","25.33","36.35"
"vietnam","Dak Lak","12.67","108.05","630.6","2011-05","69.4","26.56","36.69"
"vietnam","Dak Lak","12.67","108.05","630.6","2011-06","32.7","25.69","33.04"
"vietnam","Dak Lak","12.67","108.05","630.6","2011-07","63.2","25.24","33.02"
"vietnam","Dak Lak","12.67","108.05","630.6","2011-08","53.3","25.49","34.77"
"vietnam","Dak Lak","12.67","108.05","630.6","2011-09","85.2","24.59","32.21"
"vietnam","Dak Lak","12.67","108.05","630.6","2011-10","117.5","23.72","31.08"
"vietnam","Dak Lak","12.67","108.05","630.6","2011-11","84.3","23.25","31.0"
"vietnam","Dak Lak","12.67","108.05","630.6","2011-12","24.2","21.06","28.84"
"vietnam","Dak Lak","12.67","108.05","630.6","2012-01","15.8","22.51","33.0"
"vietnam","Dak Lak","12.67","108.05","630.6","2012-02","16.8","24.09","35.8"
"vietnam","Dak Lak","12.67","108.05","630.6","2012-03","37.2","25.36","35.98"
"vietnam","Dak Lak","12.67","108.05","630.6","2012-04","83.1","26.32","36.02"
"vietnam","Dak Lak","12.67","108.05","630.6","2012-05","31.6","26.92","36.16"
"vietnam","Dak Lak","12.67","108.05","630.6","2012-06","32.4","25.77","33.83"
"vietnam","Dak Lak","12.67","108.05","630.6","2012-07","87.4","24.82","31.5"
"vietnam","Dak Lak","12.67","108.05","630.6","2012-08","31.6","25.76","33.3"
"vietnam","Dak Lak","12.67","108.05","630.6","2012-09","127.2","24.5","34.38"
"vietnam","Dak Lak","12.67","108.05","630.6","2012-10","60.1","24.31","33.6"
"vietnam","Dak Lak","12.67","108.05","630.6","2012-11","53.1","24.74","34.46"
"vietnam","Dak Lak","12.67","108.05","630.6","2012-12","7.1","23.5","32.95"
"vietnam","Dak Lak","12.67","108.05","630.6","2013-01","22.6","21.73","31.77"
"vietnam","Dak Lak","12.67","108.05","630.6","2013-02","8.1","23.92","35.41"
"vietnam","Dak Lak","12.67","108.05","630.6","2013-03","2.5","26.69","37.69"
"vietnam","Dak Lak","12.67","108.05","630.6","2013-04","9.3","27.71","38.57"
"vietnam","Dak Lak","12.67","108.05","630.6","2013-05","21.4","27.72","37.3"
"vietnam","Dak Lak","12.67","108.05","630.6","2013-06","64.5","26.04","34.93"
"vietnam","Dak Lak","12.67","108.05","630.6","2013-07","45.3","25.61","34.89"
"vietnam","Dak Lak","12.67","108.05","630.6","2013-08","50.2","25.25","35.28"
"vietnam","Dak Lak","12.67","108.05","630.6","2013-09","111.9","24.97","35.02"
"vietnam","Dak Lak","12.67","108.05","630.6","2013-10","94.9","23.65","32.25"
"vietnam","Dak Lak","12.67","108.05","630.6","2013-11","106.2","23.35","32.06"
"vietnam","Dak Lak","12.67","108.05","630.6","2013-12","2.8","20.55","31.35"
"vietnam","Dak Lak","12.67","108.05","630.6","2014-01","0.9","20.11","33.19"
"vietnam","Dak Lak","12.67","108.05","630.6","2014-02","0.0","23.11","35.22"
"vietnam","Dak Lak","12.67","108.05","630.6","2014-03","1.2","25.68","37.87"
"vietnam","Dak Lak","12.67","108.05","630.6","2014-04","6.3","28.2","38.61"
"vietnam","Dak Lak","12.67","108.05","630.6","2014-05","17.4","28.23","37.79"
"vietnam","Dak Lak","12.67","108.05","630.6","2014-06","35.7","26.64","35.88"
"vietnam","Dak Lak","12.67","108.05","630.6","2014-07","46.5","25.73","34.18"
"vietnam","Dak Lak","12.67","108.05","630.6","2014-08","47.7","26.07","36.26"
"vietnam","Dak Lak","12.67","108.05","630.6","2014-09","33.9","26.0","35.38"
"vietnam","Dak Lak","12.67","108.05","630.6","2014-10","59.8","25.0","34.8"
"vietnam","Dak Lak","12.67","108.05","630.6","2014-11","30.0","24.62","33.62"
"vietnam","Dak Lak","12.67","108.05","630.6","2014-12","46.5","22.32","32.88"
"vietnam","Dak Lak","12.67","108.05","630.6","2015-01","6.8","20.99","32.15"
"vietnam","Dak Lak","12.67","108.05","630.6","2015-02","0.8","23.11","36.13"
"vietnam","Dak Lak","12.67","108.05","630.6","2015-03","5.0","25.9","36.99"
"vietnam","Dak Lak","12.67","108.05","630.6","2015-04","6.9","27.57","37.82"
"vietnam","Dak Lak","12.67","108.05","630.6","2015-05","15.5","28.44","37.83"
"vietnam","Dak Lak","12.67","108.05","630.6","2015-06","23.1","27.4","37.14"
"vietnam","Dak Lak","12.67","108.05","630.6","2015-07","27.3","26.34","35.57"
"vietnam","Dak Lak","12.67","108.05","630.6","2015-08","10.2","26.99","37.06"
"vietnam","Dak Lak","12.67","108.05","630.6","2015-09","26.4","26.64","36.85"
"vietnam","Dak Lak","12.67","108.05","630.6","2015-10","67.0","25.47","35.44"
"vietnam","Dak Lak","12.67","108.05","630.6","2015-11","166.5","24.02","32.47"
"vietnam","Dak Lak","12.67","108.05","630.6","2015-12","67.9","22.84","31.64"
"vietnam","Dak Lak","12.67","108.05","630.6","2016-01","15.5","23.84","32.88"
"vietnam","Dak Lak","12.67","108.05","630.6","2016-02","4.6","22.63","34.49"
"vietnam","Dak Lak","12.67","108.05","630.6","2016-03","0.6","26.38","38.65"
"vietnam","Dak Lak","12.67","108.05","630.6","2016-04","12.9","29.26","40.43"
"vietnam","Dak Lak","12.67","108.05","630.6","2016-05","214.5","27.21","38.36"
"vietnam","Dak Lak","12.67","108.05","630.6","2016-06","330.0","24.59","31.1"
"vietnam","Dak Lak","12.67","108.05","630.6","2016-07","137.0","23.96","30.29"
"vietnam","Dak Lak","12.67","108.05","630.6","2016-08","242.1","24.11","29.77"
"vietnam","Dak Lak","12.67","108.05","630.6","2016-09","314.4","23.71","29.78"
"vietnam","Dak Lak","12.67","108.05","630.6","2016-10","176.4","23.27","28.74"
"vietnam","Dak Lak","12.67","108.05","630.6","2016-11","180.3","22.79","29.13"
"vietnam","Dak Lak","12.67","108.05","630.6","2016-12","284.6","21.55","26.96"
"vietnam","Dak Lak","12.67","108.05","630.6","2017-01","61.1","20.98","26.95"
"vietnam","Dak Lak","12.67","108.05","630.6","2017-02","12.6","20.65","29.62"
"vietnam","Dak Lak","12.67","108.05","630.6","2017-03","11.2","22.97","32.32"
"vietnam","Dak Lak","12.67","108.05","630.6","2017-04","88.5","25.45","35.32"
"vietnam","Dak Lak","12.67","108.05","630.6","2017-05","274.7","24.91","31.93"
"vietnam","Dak Lak","12.67","108.05","630.6","2017-06","232.5","24.23","29.6"
"vietnam","Dak Lak","12.67","108.05","630.6","2017-07","363.3","23.21","28.13"
"vietnam","Dak Lak","12.67","108.05","630.6","2017-08","206.2","24.01","30.36"
"vietnam","Dak Lak","12.67","108.05","630.6","2017-09","182.4","24.35","30.82"
"vietnam","Dak Lak","12.67","108.05","630.6","2017-10","213.6","23.2","29.32"
"vietnam","Dak Lak","12.67","108.05","630.6","2017-11","158.4","22.7","28.05"
"vietnam","Dak Lak","12.67","108.05","630.6","2017-12","61.1","20.33","26.96"
"vietnam","Dak Lak","12.67","108.05","630.6","2018-01","8.7","20.99","28.66"
"vietnam","Dak Lak","12.67","108.05","630.6","2018-02","1.7","20.12","29.79"
"vietnam","Dak Lak","12.67","108.05","630.6","2018-03","22.9","23.0","31.88"
"vietnam","Dak Lak","12.67","108.05","630.6","2018-04","78.3","25.17","35.63"
"vietnam","Dak Lak","12.67","108.05","630.6","2018-05","171.1","25.24","32.75"
"vietnam","Dak Lak","12.67","108.05","630.6","2018-06","308.1","23.61","29.46"
"vietnam","Dak Lak","12.67","108.05","630.6","2018-07","324.3","23.39","28.71"
"vietnam","Dak Lak","12.67","108.05","630.6","2018-08","321.8","23.13","28.57"
"vietnam","Dak Lak","12.67","108.05","630.6","2018-09","328.8","23.66","30.0"
"vietnam","Dak Lak","12.67","108.05","630.6","2018-10","110.7","22.72","28.89"
"vietnam","Dak Lak","12.67","108.05","630.6","2018-11","186.3","22.25","28.56"
"vietnam","Dak Lak","12.67","108.05","630.6","2018-12","76.0","22.13","27.86"
"vietnam","Dak Lak","12.67","108.05","630.6","2019-01","36.9","20.41","26.94"
"vietnam","Dak Lak","12.67","108.05","630.6","2019-02","0.8","21.75","30.01"
"vietnam","Dak Lak","12.67","108.05","630.6","2019-03","16.4","24.52","33.27"
"vietnam","Dak Lak","12.67","108.05","630.6","2019-04","53.4","26.45","35.34"
"vietnam","Dak Lak","12.67","108.05","630.6","2019-05","244.0","25.62","33.46"
"vietnam","Dak Lak","12.67","108.05","630.6","2019-06","237.6","24.67","30.94"
"vietnam","Dak Lak","12.67","108.05","630.6","2019-07","209.9","23.39","28.68"
"vietnam","Dak Lak","12.67","108.05","630.6","2019-08","514.0","23.65","29.06"
"vietnam","Dak Lak","12.67","108.05","630.6","2019-09","405.3","23.31","29.79"
"vietnam","Dak Lak","12.67","108.05","630.6","2019-10","148.8","23.26","29.89"
"vietnam","Dak Lak","12.67","108.05","630.6","2019-11","192.3","21.57","28.0"
"vietnam","Dak Lak","12.67","108.05","630.6","2019-12","1.9","19.78","27.68"
"vietnam","Dak Lak","12.67","108.05","630.6","2020-01","1.2","20.5","28.28"
"vietnam","Dak Lak","12.67","108.05","630.6","2020-02","2.6","21.03","30.79"
"vietnam","Dak Lak","12.67","108.05","630.6","2020-03","2.2","24.95","34.48"
"vietnam","Dak Lak","12.67","108.05","630.6","2020-04","18.3","25.86","36.91"
"vietnam","Dak Lak","12.67","108.05","630.6","2020-05","139.5","27.36","38.67"
"vietnam","Dak Lak","12.67","108.05","630.6","2020-06","273.3","24.77","31.82"
"vietnam","Dak Lak","12.67","108.05","630.6","2020-07","306.9","24.27","30.72"
"vietnam","Dak Lak","12.67","108.05","630.6","2020-08","417.9","23.72","29.36"
"vietnam","Dak Lak","12.67","108.05","630.6","2020-09","343.8","24.09","31.15"
"vietnam","Dak Lak","12.67","108.05","630.6","2020-10","533.8","22.98","29.0"
"vietnam","Dak Lak","12.67","108.05","630.6","2020-11","222.0","22.2","29.08"
"vietnam","Dak Lak","12.67","108.05","630.6","2020-12","54.2","20.54","28.14"
"vietnam","Dak Lak","12.67","108.05","630.6","2021-01","2.8","19.21","26.98"
"vietnam","Dak Lak","12.67","108.05","630.6","2021-02","3.6","20.21","29.78"
"vietnam","Dak Lak","12.67","108.05","630.6","2021-03","5.0","23.21","33.48"
"vietnam","Dak Lak","12.67","108.05","630.6","2021-04","85.5","24.95","33.86"
"vietnam","Dak Lak","12.67","108.05","630.6","2021-05","156.5","25.31","33.8"
"vietnam","Dak Lak","12.67","108.05","630.6","2021-06","203.1","24.09","30.84"
"vietnam","Dak Lak","12.67","108.05","630.6","2021-07","288.9","23.92","30.26"
"vietnam","Dak Lak","12.67","108.05","630.6","2021-08","307.2","24.03","30.35"
"vietnam","Dak Lak","12.67","108.05","630.6","2021-09","366.0","23.59","30.66"
"vietnam","Dak Lak","12.67","108.05","630.6","2021-10","382.5","23.06","29.39"
"vietnam","Dak Lak","12.67","108.05","630.6","2021-11","247.5","22.6","29.12"
"vietnam","Dak Lak","12.67","108.05","630.6","2021-12","31.3","20.55","27.68"
"vietnam","Dak Lak","12.67","108.05","630.6","2022-01","7.1","20.68","28.62"
"vietnam","Dak Lak","12.67","108.05","630.6","2022-02","15.7","21.98","29.96"
"vietnam","Dak Lak","12.67","108.05","630.6","2022-03","74.1","23.63","32.09"
"vietnam","Dak Lak","12.67","108.05","630.6","2022-04","74.4","24.51","34.55"
"vietnam","Dak Lak","12.67","108.05","630.6","2022-05","185.4","24.5","33.69"
"vietnam","Dak Lak","12.67","108.05","630.6","2022-06","204.0","24.4","30.0"
"vietnam","Dak Lak","12.67","108.05","630.6","2022-07","310.3","23.83","30.52"
"vietnam","Dak Lak","12.67","108.05","630.6","2022-08","384.1","23.55","29.95"
"vietnam","Dak Lak","12.67","108.05","630.6","2022-09","381.9","23.55","29.64"
"vietnam","Dak Lak","12.67","108.05","630.6","2022-10","183.5","22.63","29.24"
"vietnam","Dak Lak","12.67","108.05","630.6","2022-11","106.5","22.41","28.48"
"vietnam","Dak Lak","12.67","108.05","630.6","2022-12","162.4","19.78","27.01"
"vietnam","Dak Lak","12.67","108.05","630.6","2023-01","49.3","20.1","28.44"
"vietnam","Dak Lak","12.67","108.05","630.6","2023-02","6.7","21.29","29.42"
"vietnam","Dak Lak","12.67","108.05","630.6","2023-03","2.2","22.21","33.16"
"vietnam","Dak Lak","12.67","108.05","630.6","2023-04","7.2","26.32","34.25"
"vietnam","Dak Lak","12.67","108.05","630.6","2023-05","254.5","25.6","35.5"
"vietnam","Dak Lak","12.67","108.05","630.6","2023-06","221.1","24.36","30.4"
"vietnam","Dak Lak","12.67","108.05","630.6","2023-07","509.9","24.18","30.38"
"vietnam","Dak Lak","12.67","108.05","630.6","2023-08","235.0","24.29","30.04"
"vietnam","Dak Lak","12.67","108.05","630.6","2023-09","419.4","24.05","30.09"
"vietnam","Dak Lak","12.67","108.05","630.6","2023-10","193.8","23.86","29.66"
"vietnam","Dak Lak","12.67","108.05","630.6","2023-11","93.6","22.59","28.68"
"vietnam","Dak Lak","12.67","108.05","630.6","2023-12","43.4","22.02","27.99"
"vietnam","Dak Lak","12.67","108.05","630.6","2024-01","9.0","20.73","27.7"
"vietnam","Dak Lak","12.67","108.05","630.6","2024-02","4.3","22.51","30.96"
"vietnam","Dak Lak","12.67","108.05","630.6","2024-03","2.8","24.44","34.13"
"vietnam","Dak Lak","12.67","108.05","630.6","2024-04","0.3","28.42","38.13"
"vietnam","Dak Lak","12.67","108.05","630.6","2024-05","178.9","27.03","37.46"
"vietnam","Dak Lak","12.67","108.05","630.6","2024-06","259.5","24.99","33.0"
"vietnam","Dak Lak","12.67","108.05","630.6","2024-07","594.9","23.82","30.25"
"vietnam","Dak Lak","12.67","108.05","630.6","2024-08","349.4","24.65","30.58"
"vietnam","Dak Lak","12.67","108.05","630.6","2024-09","315.0","24.04","30.31"
"vietnam","Dak Lak","12.67","108.05","630.6","2024-10","163.4","23.29","30.5"
"vietnam","Dak Lak","12.67","108.05","630.6","2024-11","64.2","22.8","28.89"
"vietnam","Dak Lak","12.67","108.05","630.6","2024-12","94.9","21.1","27.18"
"vietnam","Dak Lak","12.67","108.05","630.6","2025-01","7.4","18.99","28.42"
"vietnam","Dak Lak","12.67","108.05","630.6","2025-02","19.0","21.16","29.77"
"vietnam","Dak Lak","12.67","108.05","630.6","2025-03","13.3","23.43","33.2"
"vietnam","Dak Lak","12.67","108.05","630.6","2025-04","30.6","25.66","35.01"
"vietnam","Dak Lak","12.67","108.05","630.6","2025-05","344.1","25.4","34.56"
"vietnam","Dak Lak","12.67","108.05","630.6","2025-06","276.0","24.16","29.46"
"vietnam","Dak Lak","12.67","108.05","630.6","2025-07","204.3","23.97","29.58"
"vietnam","Dak Lak","12.67","108.05","630.6","2025-08","190.7","23.9","29.36"
"vietnam","Dak Lak","12.67","108.05","630.6","2025-09","385.8","23.73","30.18"
"vietnam","Dak Lak","12.67","108.05","630.6","2025-10","254.8","23.35","29.09"
"vietnam","Dak Lak","12.67","108.05","630.6","2025-11","355.5","21.88","28.28"
"vietnam","Dak Lak","12.67","108.05","630.6","2025-12","73.2","21.08","28.94"
"vietnam","Lam Dong","11.95","108.44","658.7","1981-01","0.3","19.97","28.27"
"vietnam","Lam Dong","11.95","108.44","658.7","1981-02","0.0","22.41","32.95"
"vietnam","Lam Dong","11.95","108.44","658.7","1981-03","0.0","24.1","35.12"
"vietnam","Lam Dong","11.95","108.44","658.7","1981-04","21.3","25.88","35.25"
"vietnam","Lam Dong","11.95","108.44","658.7","1981-05","44.9","25.42","33.92"
"vietnam","Lam Dong","11.95","108.44","658.7","1981-06","119.7","24.65","33.48"
"vietnam","Lam Dong","11.95","108.44","658.7","1981-07","84.6","24.75","32.3"
"vietnam","Lam Dong","11.95","108.44","658.7","1981-08","64.2","24.64","34.21"
"vietnam","Lam Dong","11.95","108.44","658.7","1981-09","90.3","24.17","32.24"
"vietnam","Lam Dong","11.95","108.44","658.7","1981-10","153.8","23.28","30.68"
"vietnam","Lam Dong","11.95","108.44","658.7","1981-11","180.6","21.85","28.63"
"vietnam","Lam Dong","11.95","108.44","658.7","1981-12","11.5","19.91","28.19"
"vietnam","Lam Dong","11.95","108.44","658.7","1982-01","22.6","19.27","27.89"
"vietnam","Lam Dong","11.95","108.44","658.7","1982-02","3.1","21.72","32.87"
"vietnam","Lam Dong","11.95","108.44","658.7","1982-03","0.0","23.84","34.3"
"vietnam","Lam Dong","11.95","108.44","658.7","1982-04","0.0","25.01","35.94"
"vietnam","Lam Dong","11.95","108.44","658.7","1982-05","0.0","26.73","37.06"
"vietnam","Lam Dong","11.95","108.44","658.7","1982-06","0.0","26.39","35.82"
"vietnam","Lam Dong","11.95","108.44","658.7","1982-07","20.8","26.46","34.6"
"vietnam","Lam Dong","11.95","108.44","658.7","1982-08","0.0","26.9","35.94"
"vietnam","Lam Dong","11.95","108.44","658.7","1982-09","114.0","24.42","33.27"
"vietnam","Lam Dong","11.95","108.44","658.7","1982-10","11.5","24.03","33.44"
"vietnam","Lam Dong","11.95","108.44","658.7","1982-11","27.3","23.34","32.28"
"vietnam","Lam Dong","11.95","108.44","658.7","1982-12","0.0","21.09","31.59"
"vietnam","Lam Dong","11.95","108.44","658.7","1983-01","0.0","21.65","32.47"
"vietnam","Lam Dong","11.95","108.44","658.7","1983-02","0.0","23.09","34.35"
"vietnam","Lam Dong","11.95","108.44","658.7","1983-03","0.0","25.0","36.97"
"vietnam","Lam Dong","11.95","108.44","658.7","1983-04","4.5","26.36","37.65"
"vietnam","Lam Dong","11.95","108.44","658.7","1983-05","6.2","27.12","37.96"
"vietnam","Lam Dong","11.95","108.44","658.7","1983-06","54.0","26.18","35.78"
"vietnam","Lam Dong","11.95","108.44","658.7","1983-07","34.1","25.92","34.0"
"vietnam","Lam Dong","11.95","108.44","658.7","1983-08","74.4","25.32","33.72"
"vietnam","Lam Dong","11.95","108.44","658.7","1983-09","107.7","24.66","33.51"
"vietnam","Lam Dong","11.95","108.44","658.7","1983-10","119.4","22.75","30.11"
"vietnam","Lam Dong","11.95","108.44","658.7","1983-11","8.7","21.33","29.28"
"vietnam","Lam Dong","11.95","108.44","658.7","1983-12","0.0","20.6","28.2"
"vietnam","Lam Dong","11.95","108.44","658.7","1984-01","4.6","20.24","29.56"
"vietnam","Lam Dong","11.95","108.44","658.7","1984-02","0.3","21.6","32.56"
"vietnam","Lam Dong","11.95","108.44","658.7","1984-03","2.5","23.91","35.4"
"vietnam","Lam Dong","11.95","108.44","658.7","1984-04","1.5","26.12","36.23"
"vietnam","Lam Dong","11.95","108.44","658.7","1984-05","7.1","25.83","34.65"
"vietnam","Lam Dong","11.95","108.44","658.7","1984-06","24.3","25.93","33.84"
"vietnam","Lam Dong","11.95","108.44","658.7","1984-07","22.0","25.71","33.97"
"vietnam","Lam Dong","11.95","108.44","658.7","1984-08","36.0","25.84","34.5"
"vietnam","Lam Dong","11.95","108.44","658.7","1984-09","85.2","24.03","33.15"
"vietnam","Lam Dong","11.95","108.44","658.7","1984-10","125.5","23.0","31.22"
"vietnam","Lam Dong","11.95","108.44","658.7","1984-11","27.3","22.3","30.14"
"vietnam","Lam Dong","11.95","108.44","658.7","1984-12","1.2","21.04","27.85"
"vietnam","Lam Dong","11.95","108.44","658.7","1985-01","7.8","20.77","29.23"
"vietnam","Lam Dong","11.95","108.44","658.7","1985-02","0.6","23.54","33.35"
"vietnam","Lam Dong","11.95","108.44","658.7","1985-03","0.0","23.67","34.66"
"vietnam","Lam Dong","11.95","108.44","658.7","1985-04","20.4","25.19","36.59"
"vietnam","Lam Dong","11.95","108.44","658.7","1985-05","15.2","25.43","34.68"
"vietnam","Lam Dong","11.95","108.44","658.7","1985-06","57.0","26.03","34.91"
"vietnam","Lam Dong","11.95","108.44","658.7","1985-07","2.8","25.47","34.75"
"vietnam","Lam Dong","11.95","108.44","658.7","1985-08","29.1","26.08","34.67"
"vietnam","Lam Dong","11.95","108.44","658.7","1985-09","87.6","24.26","32.0"
"vietnam","Lam Dong","11.95","108.44","658.7","1985-10","41.9","23.62","33.18"
"vietnam","Lam Dong","11.95","108.44","658.7","1985-11","60.9","22.67","30.36"
"vietnam","Lam Dong","11.95","108.44","658.7","1985-12","27.3","20.7","29.64"
"vietnam","Lam Dong","11.95","108.44","658.7","1986-01","3.7","19.74","30.28"
"vietnam","Lam Dong","11.95","108.44","658.7","1986-02","0.0","22.09","34.38"
"vietnam","Lam Dong","11.95","108.44","658.7","1986-03","0.0","23.57","36.0"
"vietnam","Lam Dong","11.95","108.44","658.7","1986-04","0.0","25.41","35.32"
"vietnam","Lam Dong","11.95","108.44","658.7","1986-05","30.7","26.47","36.41"
"vietnam","Lam Dong","11.95","108.44","658.7","1986-06","23.7","26.47","35.4"
"vietnam","Lam Dong","11.95","108.44","658.7","1986-07","46.8","25.66","35.11"
"vietnam","Lam Dong","11.95","108.44","658.7","1986-08","49.9","25.33","34.02"
"vietnam","Lam Dong","11.95","108.44","658.7","1986-09","106.8","23.97","33.06"
"vietnam","Lam Dong","11.95","108.44","658.7","1986-10","45.9","23.45","30.97"
"vietnam","Lam Dong","11.95","108.44","658.7","1986-11","59.4","22.05","30.0"
"vietnam","Lam Dong","11.95","108.44","658.7","1986-12","33.8","20.85","27.61"
"vietnam","Lam Dong","11.95","108.44","658.7","1987-01","0.0","20.66","30.28"
"vietnam","Lam Dong","11.95","108.44","658.7","1987-02","0.0","21.6","33.03"
"vietnam","Lam Dong","11.95","108.44","658.7","1987-03","0.0","24.66","35.32"
"vietnam","Lam Dong","11.95","108.44","658.7","1987-04","0.0","25.88","35.0"
"vietnam","Lam Dong","11.95","108.44","658.7","1987-05","1.2","26.88","36.07"
"vietnam","Lam Dong","11.95","108.44","658.7","1987-06","14.7","26.33","36.32"
"vietnam","Lam Dong","11.95","108.44","658.7","1987-07","13.3","26.79","35.01"
"vietnam","Lam Dong","11.95","108.44","658.7","1987-08","19.8","26.09","34.98"
"vietnam","Lam Dong","11.95","108.44","658.7","1987-09","27.0","25.16","33.72"
"vietnam","Lam Dong","11.95","108.44","658.7","1987-10","9.6","25.14","34.01"
"vietnam","Lam Dong","11.95","108.44","658.7","1987-11","11.7","24.1","34.27"
"vietnam","Lam Dong","11.95","108.44","658.7","1987-12","0.0","21.09","30.63"
"vietnam","Lam Dong","11.95","108.44","658.7","1988-01","2.2","22.36","31.84"
"vietnam","Lam Dong","11.95","108.44","658.7","1988-02","4.3","22.74","33.5"
"vietnam","Lam Dong","11.95","108.44","658.7","1988-03","0.3","24.52","35.67"
"vietnam","Lam Dong","11.95","108.44","658.7","1988-04","0.9","25.83","36.13"
"vietnam","Lam Dong","11.95","108.44","658.7","1988-05","1.6","27.03","35.77"
"vietnam","Lam Dong","11.95","108.44","658.7","1988-06","5.4","27.22","37.0"
"vietnam","Lam Dong","11.95","108.44","658.7","1988-07","1.2","27.01","35.78"
"vietnam","Lam Dong","11.95","108.44","658.7","1988-08","2.8","26.79","35.08"
"vietnam","Lam Dong","11.95","108.44","658.7","1988-09","26.1","25.35","34.96"
"vietnam","Lam Dong","11.95","108.44","658.7","1988-10","118.4","23.77","33.13"
"vietnam","Lam Dong","11.95","108.44","658.7","1988-11","123.6","21.66","28.12"
"vietnam","Lam Dong","11.95","108.44","658.7","1988-12","7.1","20.06","27.88"
"vietnam","Lam Dong","11.95","108.44","658.7","1989-01","1.2","21.49","30.13"
"vietnam","Lam Dong","11.95","108.44","658.7","1989-02","3.1","20.96","32.74"
"vietnam","Lam Dong","11.95","108.44","658.7","1989-03","39.7","22.62","32.63"
"vietnam","Lam Dong","11.95","108.44","658.7","1989-04","3.9","26.17","37.6"
"vietnam","Lam Dong","11.95","108.44","658.7","1989-05","22.3","26.11","35.67"
"vietnam","Lam Dong","11.95","108.44","658.7","1989-06","44.7","25.75","34.92"
"vietnam","Lam Dong","11.95","108.44","658.7","1989-07","26.7","25.69","34.58"
"vietnam","Lam Dong","11.95","108.44","658.7","1989-08","27.6","25.7","33.54"
"vietnam","Lam Dong","11.95","108.44","658.7","1989-09","47.7","25.02","33.51"
"vietnam","Lam Dong","11.95","108.44","658.7","1989-10","129.6","23.23","32.32"
"vietnam","Lam Dong","11.95","108.44","658.7","1989-11","61.8","22.09","29.46"
"vietnam","Lam Dong","11.95","108.44","658.7","1989-12","5.9","20.59","29.28"
"vietnam","Lam Dong","11.95","108.44","658.7","1990-01","0.0","21.32","30.75"
"vietnam","Lam Dong","11.95","108.44","658.7","1990-02","0.0","22.65","32.99"
"vietnam","Lam Dong","11.95","108.44","658.7","1990-03","0.6","24.02","34.77"
"vietnam","Lam Dong","11.95","108.44","658.7","1990-04","9.0","26.25","35.69"
"vietnam","Lam Dong","11.95","108.44","658.7","1990-05","34.4","26.26","35.31"
"vietnam","Lam Dong","11.95","108.44","658.7","1990-06","66.3","25.25","33.16"
"vietnam","Lam Dong","11.95","108.44","658.7","1990-07","55.5","25.78","33.75"
"vietnam","Lam Dong","11.95","108.44","658.7","1990-08","121.8","24.76","32.7"
"vietnam","Lam Dong","11.95","108.44","658.7","1990-09","194.1","24.02","31.14"
"vietnam","Lam Dong","11.95","108.44","658.7","1990-10","215.5","22.58","28.93"
"vietnam","Lam Dong","11.95","108.44","658.7","1990-11","165.0","21.61","28.89"
"vietnam","Lam Dong","11.95","108.44","658.7","1990-12","50.2","20.21","26.06"
"vietnam","Lam Dong","11.95","108.44","658.7","1991-01","10.2","20.5","27.24"
"vietnam","Lam Dong","11.95","108.44","658.7","1991-02","11.2","21.24","32.12"
"vietnam","Lam Dong","11.95","108.44","658.7","1991-03","65.7","22.61","32.25"
"vietnam","Lam Dong","11.95","108.44","658.7","1991-04","79.2","24.34","34.45"
"vietnam","Lam Dong","11.95","108.44","658.7","1991-05","42.8","25.7","34.76"
"vietnam","Lam Dong","11.95","108.44","658.7","1991-06","90.0","24.91","32.02"
"vietnam","Lam Dong","11.95","108.44","658.7","1991-07","126.5","24.48","32.08"
"vietnam","Lam Dong","11.95","108.44","658.7","1991-08","52.7","25.15","33.2"
"vietnam","Lam Dong","11.95","108.44","658.7","1991-09","144.6","23.91","30.75"
"vietnam","Lam Dong","11.95","108.44","658.7","1991-10","206.2","22.26","28.62"
"vietnam","Lam Dong","11.95","108.44","658.7","1991-11","64.8","20.52","26.35"
"vietnam","Lam Dong","11.95","108.44","658.7","1991-12","23.6","20.27","28.52"
"vietnam","Lam Dong","11.95","108.44","658.7","1992-01","53.0","18.85","27.83"
"vietnam","Lam Dong","11.95","108.44","658.7","1992-02","13.3","21.99","32.08"
"vietnam","Lam Dong","11.95","108.44","658.7","1992-03","0.9","23.89","34.23"
"vietnam","Lam Dong","11.95","108.44","658.7","1992-04","4.5","26.08","35.41"
"vietnam","Lam Dong","11.95","108.44","658.7","1992-05","51.1","26.32","34.97"
"vietnam","Lam Dong","11.95","108.44","658.7","1992-06","127.5","25.01","34.46"
"vietnam","Lam Dong","11.95","108.44","658.7","1992-07","70.1","24.54","31.15"
"vietnam","Lam Dong","11.95","108.44","658.7","1992-08","182.9","24.69","31.65"
"vietnam","Lam Dong","11.95","108.44","658.7","1992-09","123.9","23.81","30.64"
"vietnam","Lam Dong","11.95","108.44","658.7","1992-10","360.5","22.18","28.63"
"vietnam","Lam Dong","11.95","108.44","658.7","1992-11","77.1","20.25","25.6"
"vietnam","Lam Dong","11.95","108.44","658.7","1992-12","17.4","20.27","26.36"
"vietnam","Lam Dong","11.95","108.44","658.7","1993-01","2.5","19.17","26.97"
"vietnam","Lam Dong","11.95","108.44","658.7","1993-02","0.8","20.05","31.21"
"vietnam","Lam Dong","11.95","108.44","658.7","1993-03","13.6","22.8","33.81"
"vietnam","Lam Dong","11.95","108.44","658.7","1993-04","4.8","25.06","35.36"
"vietnam","Lam Dong","11.95","108.44","658.7","1993-05","83.4","25.34","35.39"
"vietnam","Lam Dong","11.95","108.44","658.7","1993-06","88.2","25.35","33.64"
"vietnam","Lam Dong","11.95","108.44","658.7","1993-07","61.4","24.85","32.19"
"vietnam","Lam Dong","11.95","108.44","658.7","1993-08","121.5","24.83","31.98"
"vietnam","Lam Dong","11.95","108.44","658.7","1993-09","105.6","23.72","31.1"
"vietnam","Lam Dong","11.95","108.44","658.7","1993-10","299.8","21.97","27.9"
"vietnam","Lam Dong","11.95","108.44","658.7","1993-11","225.9","21.59","27.53"
"vietnam","Lam Dong","11.95","108.44","658.7","1993-12","157.5","20.02","25.98"
"vietnam","Lam Dong","11.95","108.44","658.7","1994-01","7.4","18.98","25.93"
"vietnam","Lam Dong","11.95","108.44","658.7","1994-02","5.9","21.78","30.83"
"vietnam","Lam Dong","11.95","108.44","658.7","1994-03","12.7","22.27","31.18"
"vietnam","Lam Dong","11.95","108.44","658.7","1994-04","8.7","25.16","34.88"
"vietnam","Lam Dong","11.95","108.44","658.7","1994-05","91.8","25.36","37.19"
"vietnam","Lam Dong","11.95","108.44","658.7","1994-06","300.3","24.48","31.83"
"vietnam","Lam Dong","11.95","108.44","658.7","1994-07","103.2","24.03","29.35"
"vietnam","Lam Dong","11.95","108.44","658.7","1994-08","64.2","24.76","33.34"
"vietnam","Lam Dong","11.95","108.44","658.7","1994-09","229.5","23.53","29.71"
"vietnam","Lam Dong","11.95","108.44","658.7","1994-10","288.6","22.03","29.38"
"vietnam","Lam Dong","11.95","108.44","658.7","1994-11","81.9","20.99","25.61"
"vietnam","Lam Dong","11.95","108.44","658.7","1994-12","133.3","20.36","26.75"
"vietnam","Lam Dong","11.95","108.44","658.7","1995-01","17.4","19.36","26.73"
"vietnam","Lam Dong","11.95","108.44","658.7","1995-02","2.2","19.99","28.97"
"vietnam","Lam Dong","11.95","108.44","658.7","1995-03","14.3","22.18","32.85"
"vietnam","Lam Dong","11.95","108.44","658.7","1995-04","30.3","24.58","34.43"
"vietnam","Lam Dong","11.95","108.44","658.7","1995-05","82.5","24.79","32.99"
"vietnam","Lam Dong","11.95","108.44","658.7","1995-06","39.6","25.76","32.75"
"vietnam","Lam Dong","11.95","108.44","658.7","1995-07","171.7","24.27","30.94"
"vietnam","Lam Dong","11.95","108.44","658.7","1995-08","92.7","24.45","30.65"
"vietnam","Lam Dong","11.95","108.44","658.7","1995-09","177.3","23.63","30.56"
"vietnam","Lam Dong","11.95","108.44","658.7","1995-10","323.3","22.93","29.91"
"vietnam","Lam Dong","11.95","108.44","658.7","1995-11","150.3","21.22","28.43"
"vietnam","Lam Dong","11.95","108.44","658.7","1995-12","104.8","19.53","24.92"
"vietnam","Lam Dong","11.95","108.44","658.7","1996-01","29.1","18.8","25.51"
"vietnam","Lam Dong","11.95","108.44","658.7","1996-02","7.2","19.81","28.81"
"vietnam","Lam Dong","11.95","108.44","658.7","1996-03","2.5","22.84","33.2"
"vietnam","Lam Dong","11.95","108.44","658.7","1996-04","38.1","24.66","34.13"
"vietnam","Lam Dong","11.95","108.44","658.7","1996-05","224.1","24.46","34.71"
"vietnam","Lam Dong","11.95","108.44","658.7","1996-06","118.8","23.86","30.72"
"vietnam","Lam Dong","11.95","108.44","658.7","1996-07","51.5","24.36","30.8"
"vietnam","Lam Dong","11.95","108.44","658.7","1996-08","89.3","24.23","31.54"
"vietnam","Lam Dong","11.95","108.44","658.7","1996-09","277.2","23.47","30.04"
"vietnam","Lam Dong","11.95","108.44","658.7","1996-10","250.8","22.66","29.23"
"vietnam","Lam Dong","11.95","108.44","658.7","1996-11","433.5","21.67","28.03"
"vietnam","Lam Dong","11.95","108.44","658.7","1996-12","222.3","19.83","24.28"
"vietnam","Lam Dong","11.95","108.44","658.7","1997-01","7.4","18.08","26.69"
"vietnam","Lam Dong","11.95","108.44","658.7","1997-02","12.3","20.69","27.0"
"vietnam","Lam Dong","11.95","108.44","658.7","1997-03","0.3","21.61","30.12"
"vietnam","Lam Dong","11.95","108.44","658.7","1997-04","38.1","23.54","30.71"
"vietnam","Lam Dong","11.95","108.44","658.7","1997-05","81.2","24.41","32.13"
"vietnam","Lam Dong","11.95","108.44","658.7","1997-06","61.8","24.89","32.08"
"vietnam","Lam Dong","11.95","108.44","658.7","1997-07","108.2","24.42","31.01"
"vietnam","Lam Dong","11.95","108.44","658.7","1997-08","100.4","24.78","31.71"
"vietnam","Lam Dong","11.95","108.44","658.7","1997-09","182.7","23.86","31.74"
"vietnam","Lam Dong","11.95","108.44","658.7","1997-10","118.4","22.79","30.41"
"vietnam","Lam Dong","11.95","108.44","658.7","1997-11","75.9","22.03","29.14"
"vietnam","Lam Dong","11.95","108.44","658.7","1997-12","36.9","20.97","26.99"
"vietnam","Lam Dong","11.95","108.44","658.7","1998-01","22.0","21.76","32.61"
"vietnam","Lam Dong","11.95","108.44","658.7","1998-02","2.8","23.18","34.07"
"vietnam","Lam Dong","11.95","108.44","658.7","1998-03","8.4","24.51","36.13"
"vietnam","Lam Dong","11.95","108.44","658.7","1998-04","8.1","25.98","35.71"
"vietnam","Lam Dong","11.95","108.44","658.7","1998-05","139.5","26.02","35.4"
"vietnam","Lam Dong","11.95","108.44","658.7","1998-06","87.3","25.54","32.86"
"vietnam","Lam Dong","11.95","108.44","658.7","1998-07","127.4","24.73","31.43"
"vietnam","Lam Dong","11.95","108.44","658.7","1998-08","180.1","24.43","31.44"
"vietnam","Lam Dong","11.95","108.44","658.7","1998-09","333.9","24.03","30.82"
"vietnam","Lam Dong","11.95","108.44","658.7","1998-10","302.9","23.03","29.46"
"vietnam","Lam Dong","11.95","108.44","658.7","1998-11","559.5","22.03","26.81"
"vietnam","Lam Dong","11.95","108.44","658.7","1998-12","255.4","20.78","25.66"
"vietnam","Lam Dong","11.95","108.44","658.7","1999-01","45.6","20.17","25.77"
"vietnam","Lam Dong","11.95","108.44","658.7","1999-02","11.8","20.04","26.92"
"vietnam","Lam Dong","11.95","108.44","658.7","1999-03","8.7","22.66","29.61"
"vietnam","Lam Dong","11.95","108.44","658.7","1999-04","164.1","23.52","30.02"
"vietnam","Lam Dong","11.95","108.44","658.7","1999-05","152.8","23.5","29.03"
"vietnam","Lam Dong","11.95","108.44","658.7","1999-06","117.3","23.71","29.77"
"vietnam","Lam Dong","11.95","108.44","658.7","1999-07","115.0","23.89","29.58"
"vietnam","Lam Dong","11.95","108.44","658.7","1999-08","125.9","23.65","29.43"
"vietnam","Lam Dong","11.95","108.44","658.7","1999-09","73.8","23.6","29.69"
"vietnam","Lam Dong","11.95","108.44","658.7","1999-10","277.4","22.6","28.81"
"vietnam","Lam Dong","11.95","108.44","658.7","1999-11","308.4","21.84","27.32"
"vietnam","Lam Dong","11.95","108.44","658.7","1999-12","233.1","19.66","25.33"
"vietnam","Lam Dong","11.95","108.44","658.7","2000-01","64.8","20.11","25.88"
"vietnam","Lam Dong","11.95","108.44","658.7","2000-02","8.7","20.36","27.48"
"vietnam","Lam Dong","11.95","108.44","658.7","2000-03","8.4","21.78","28.78"
"vietnam","Lam Dong","11.95","108.44","658.7","2000-04","52.2","23.56","31.25"
"vietnam","Lam Dong","11.95","108.44","658.7","2000-05","154.4","24.3","30.97"
"vietnam","Lam Dong","11.95","108.44","658.7","2000-06","87.3","23.84","30.61"
"vietnam","Lam Dong","11.95","108.44","658.7","2000-07","75.3","23.87","30.3"
"vietnam","Lam Dong","11.95","108.44","658.7","2000-08","59.5","24.41","31.3"
"vietnam","Lam Dong","11.95","108.44","658.7","2000-09","144.6","23.57","30.14"
"vietnam","Lam Dong","11.95","108.44","658.7","2000-10","409.2","22.52","27.41"
"vietnam","Lam Dong","11.95","108.44","658.7","2000-11","259.5","21.16","26.41"
"vietnam","Lam Dong","11.95","108.44","658.7","2000-12","174.5","20.58","26.09"
"vietnam","Lam Dong","11.95","108.44","658.7","2001-01","48.4","20.3","28.23"
"vietnam","Lam Dong","11.95","108.44","658.7","2001-02","1.1","20.12","28.31"
"vietnam","Lam Dong","11.95","108.44","658.7","2001-03","90.2","22.27","29.86"
"vietnam","Lam Dong","11.95","108.44","658.7","2001-04","40.8","24.12","32.57"
"vietnam","Lam Dong","11.95","108.44","658.7","2001-05","93.3","24.81","32.14"
"vietnam","Lam Dong","11.95","108.44","658.7","2001-06","30.6","24.32","30.36"
"vietnam","Lam Dong","11.95","108.44","658.7","2001-07","32.2","25.27","31.93"
"vietnam","Lam Dong","11.95","108.44","658.7","2001-08","117.2","24.44","30.52"
"vietnam","Lam Dong","11.95","108.44","658.7","2001-09","315.0","24.09","31.33"
"vietnam","Lam Dong","11.95","108.44","658.7","2001-10","194.1","22.56","28.62"
"vietnam","Lam Dong","11.95","108.44","658.7","2001-11","74.4","20.95","26.52"
"vietnam","Lam Dong","11.95","108.44","658.7","2001-12","33.8","20.24","26.53"
"vietnam","Lam Dong","11.95","108.44","658.7","2002-01","1.6","19.66","26.86"
"vietnam","Lam Dong","11.95","108.44","658.7","2002-02","7.8","20.11","29.06"
"vietnam","Lam Dong","11.95","108.44","658.7","2002-03","0.3","23.24","34.31"
"vietnam","Lam Dong","11.95","108.44","658.7","2002-04","23.1","24.7","33.98"
"vietnam","Lam Dong","11.95","108.44","658.7","2002-05","50.5","26.07","34.26"
"vietnam","Lam Dong","11.95","108.44","658.7","2002-06","48.3","25.92","34.48"
"vietnam","Lam Dong","11.95","108.44","658.7","2002-07","30.4","26.67","34.88"
"vietnam","Lam Dong","11.95","108.44","658.7","2002-08","88.4","24.9","31.96"
"vietnam","Lam Dong","11.95","108.44","658.7","2002-09","228.9","23.67","30.43"
"vietnam","Lam Dong","11.95","108.44","658.7","2002-10","136.4","22.76","29.54"
"vietnam","Lam Dong","11.95","108.44","658.7","2002-11","314.1","21.96","28.21"
"vietnam","Lam Dong","11.95","108.44","658.7","2002-12","71.3","21.61","27.66"
"vietnam","Lam Dong","11.95","108.44","658.7","2003-01","8.7","19.48","27.38"
"vietnam","Lam Dong","11.95","108.44","658.7","2003-02","3.1","21.26","28.83"
"vietnam","Lam Dong","11.95","108.44","658.7","2003-03","2.5","23.32","32.86"
"vietnam","Lam Dong","11.95","108.44","658.7","2003-04","3.0","25.55","34.99"
"vietnam","Lam Dong","11.95","108.44","658.7","2003-05","192.5","24.84","34.0"
"vietnam","Lam Dong","11.95","108.44","658.7","2003-06","42.0","25.26","32.98"
"vietnam","Lam Dong","11.95","108.44","658.7","2003-07","82.1","24.57","32.63"
"vietnam","Lam Dong","11.95","108.44","658.7","2003-08","41.9","25.55","34.0"
"vietnam","Lam Dong","11.95","108.44","658.7","2003-09","86.1","24.82","31.99"
"vietnam","Lam Dong","11.95","108.44","658.7","2003-10","309.7","22.65","30.1"
"vietnam","Lam Dong","11.95","108.44","658.7","2003-11","216.3","21.81","28.49"
"vietnam","Lam Dong","11.95","108.44","658.7","2003-12","63.5","19.67","25.04"
"vietnam","Lam Dong","11.95","108.44","658.7","2004-01","9.6","20.18","27.39"
"vietnam","Lam Dong","11.95","108.44","658.7","2004-02","0.0","20.79","31.78"
"vietnam","Lam Dong","11.95","108.44","658.7","2004-03","0.3","23.51","33.26"
"vietnam","Lam Dong","11.95","108.44","658.7","2004-04","6.9","25.71","34.64"
"vietnam","Lam Dong","11.95","108.44","658.7","2004-05","168.3","25.19","33.1"
"vietnam","Lam Dong","11.95","108.44","658.7","2004-06","129.9","24.52","32.71"
"vietnam","Lam Dong","11.95","108.44","658.7","2004-07","64.8","25.05","32.25"
"vietnam","Lam Dong","11.95","108.44","658.7","2004-08","74.7","24.79","33.01"
"vietnam","Lam Dong","11.95","108.44","658.7","2004-09","78.0","24.36","32.51"
"vietnam","Lam Dong","11.95","108.44","658.7","2004-10","98.0","22.26","28.94"
"vietnam","Lam Dong","11.95","108.44","658.7","2004-11","47.1","22.28","29.4"
"vietnam","Lam Dong","11.95","108.44","658.7","2004-12","20.8","20.52","28.19"
"vietnam","Lam Dong","11.95","108.44","658.7","2005-01","2.5","20.29","32.26"
"vietnam","Lam Dong","11.95","108.44","658.7","2005-02","0.6","23.09","35.03"
"vietnam","Lam Dong","11.95","108.44","658.7","2005-03","25.7","22.92","34.61"
"vietnam","Lam Dong","11.95","108.44","658.7","2005-04","2.1","25.42","35.67"
"vietnam","Lam Dong","11.95","108.44","658.7","2005-05","37.5","27.09","37.21"
"vietnam","Lam Dong","11.95","108.44","658.7","2005-06","42.0","26.63","34.35"
"vietnam","Lam Dong","11.95","108.44","658.7","2005-07","61.7","25.59","33.4"
"vietnam","Lam Dong","11.95","108.44","658.7","2005-08","40.6","25.98","33.14"
"vietnam","Lam Dong","11.95","108.44","658.7","2005-09","190.2","24.2","34.59"
"vietnam","Lam Dong","11.95","108.44","658.7","2005-10","288.3","23.11","30.79"
"vietnam","Lam Dong","11.95","108.44","658.7","2005-11","170.1","21.99","29.69"
"vietnam","Lam Dong","11.95","108.44","658.7","2005-12","245.5","20.23","25.05"
"vietnam","Lam Dong","11.95","108.44","658.7","2006-01","6.2","20.08","28.41"
"vietnam","Lam Dong","11.95","108.44","658.7","2006-02","19.0","21.05","28.46"
"vietnam","Lam Dong","11.95","108.44","658.7","2006-03","80.9","22.38","30.87"
"vietnam","Lam Dong","11.95","108.44","658.7","2006-04","22.5","24.22","32.57"
"vietnam","Lam Dong","11.95","108.44","658.7","2006-05","57.0","25.15","33.08"
"vietnam","Lam Dong","11.95","108.44","658.7","2006-06","44.1","24.84","32.22"
"vietnam","Lam Dong","11.95","108.44","658.7","2006-07","56.4","25.4","33.16"
"vietnam","Lam Dong","11.95","108.44","658.7","2006-08","85.9","25.06","33.32"
"vietnam","Lam Dong","11.95","108.44","658.7","2006-09","108.6","24.29","32.7"
"vietnam","Lam Dong","11.95","108.44","658.7","2006-10","108.2","23.27","30.67"
"vietnam","Lam Dong","11.95","108.44","658.7","2006-11","51.6","22.76","31.04"
"vietnam","Lam Dong","11.95","108.44","658.7","2006-12","84.6","21.15","28.95"
"vietnam","Lam Dong","11.95","108.44","658.7","2007-01","12.1","20.68","28.04"
"vietnam","Lam Dong","11.95","108.44","658.7","2007-02","1.4","21.7","32.21"
"vietnam","Lam Dong","11.95","108.44","658.7","2007-03","24.5","23.88","34.91"
"vietnam","Lam Dong","11.95","108.44","658.7","2007-04","16.5","25.5","36.52"
"vietnam","Lam Dong","11.95","108.44","658.7","2007-05","152.2","24.98","33.38"
"vietnam","Lam Dong","11.95","108.44","658.7","2007-06","69.3","25.47","32.95"
"vietnam","Lam Dong","11.95","108.44","658.7","2007-07","45.3","24.87","31.98"
"vietnam","Lam Dong","11.95","108.44","658.7","2007-08","105.4","24.74","31.85"
"vietnam","Lam Dong","11.95","108.44","658.7","2007-09","148.5","24.47","32.95"
"vietnam","Lam Dong","11.95","108.44","658.7","2007-10","273.1","22.92","29.04"
"vietnam","Lam Dong","11.95","108.44","658.7","2007-11","330.6","20.73","26.09"
"vietnam","Lam Dong","11.95","108.44","658.7","2007-12","2.8","20.41","26.28"
"vietnam","Lam Dong","11.95","108.44","658.7","2008-01","70.4","20.11","27.64"
"vietnam","Lam Dong","11.95","108.44","658.7","2008-02","20.3","19.47","26.98"
"vietnam","Lam Dong","11.95","108.44","658.7","2008-03","17.7","22.01","32.28"
"vietnam","Lam Dong","11.95","108.44","658.7","2008-04","75.3","24.28","33.1"
"vietnam","Lam Dong","11.95","108.44","658.7","2008-05","110.4","24.26","31.5"
"vietnam","Lam Dong","11.95","108.44","658.7","2008-06","51.9","24.73","30.94"
"vietnam","Lam Dong","11.95","108.44","658.7","2008-07","63.5","24.78","31.91"
"vietnam","Lam Dong","11.95","108.44","658.7","2008-08","84.3","24.52","31.89"
"vietnam","Lam Dong","11.95","108.44","658.7","2008-09","245.7","23.77","30.33"
"vietnam","Lam Dong","11.95","108.44","658.7","2008-10","169.0","23.01","29.04"
"vietnam","Lam Dong","11.95","108.44","658.7","2008-11","345.9","21.66","26.84"
"vietnam","Lam Dong","11.95","108.44","658.7","2008-12","194.1","20.02","25.57"
"vietnam","Lam Dong","11.95","108.44","658.7","2009-01","18.9","18.3","24.66"
"vietnam","Lam Dong","11.95","108.44","658.7","2009-02","10.9","21.15","28.39"
"vietnam","Lam Dong","11.95","108.44","658.7","2009-03","23.6","22.81","31.18"
"vietnam","Lam Dong","11.95","108.44","658.7","2009-04","132.0","23.97","32.04"
"vietnam","Lam Dong","11.95","108.44","658.7","2009-05","168.3","23.48","29.32"
"vietnam","Lam Dong","11.95","108.44","658.7","2009-06","47.7","24.51","31.59"
"vietnam","Lam Dong","11.95","108.44","658.7","2009-07","70.1","24.4","30.87"
"vietnam","Lam Dong","11.95","108.44","658.7","2009-08","63.9","24.96","31.38"
"vietnam","Lam Dong","11.95","108.44","658.7","2009-09","180.6","24.08","30.52"
"vietnam","Lam Dong","11.95","108.44","658.7","2009-10","138.3","23.05","29.78"
"vietnam","Lam Dong","11.95","108.44","658.7","2009-11","194.7","21.56","28.18"
"vietnam","Lam Dong","11.95","108.44","658.7","2009-12","19.2","20.46","27.41"
"vietnam","Lam Dong","11.95","108.44","658.7","2010-01","81.8","20.59","27.77"
"vietnam","Lam Dong","11.95","108.44","658.7","2010-02","0.3","22.44","33.18"
"vietnam","Lam Dong","11.95","108.44","658.7","2010-03","11.5","23.85","34.09"
"vietnam","Lam Dong","11.95","108.44","658.7","2010-04","53.7","25.49","35.75"
"vietnam","Lam Dong","11.95","108.44","658.7","2010-05","41.2","27.11","36.9"
"vietnam","Lam Dong","11.95","108.44","658.7","2010-06","27.9","26.17","34.22"
"vietnam","Lam Dong","11.95","108.44","658.7","2010-07","58.3","25.51","34.29"
"vietnam","Lam Dong","11.95","108.44","658.7","2010-08","69.1","24.94","33.95"
"vietnam","Lam Dong","11.95","108.44","658.7","2010-09","107.1","24.21","30.99"
"vietnam","Lam Dong","11.95","108.44","658.7","2010-10","538.2","22.79","29.32"
"vietnam","Lam Dong","11.95","108.44","658.7","2010-11","523.8","21.78","26.6"
"vietnam","Lam Dong","11.95","108.44","658.7","2010-12","81.5","20.05","26.6"
"vietnam","Lam Dong","11.95","108.44","658.7","2011-01","14.6","19.23","24.71"
"vietnam","Lam Dong","11.95","108.44","658.7","2011-02","0.3","20.05","26.98"
"vietnam","Lam Dong","11.95","108.44","658.7","2011-03","37.8","21.07","28.0"
"vietnam","Lam Dong","11.95","108.44","658.7","2011-04","4.8","22.91","31.58"
"vietnam","Lam Dong","11.95","108.44","658.7","2011-05","159.0","24.84","33.87"
"vietnam","Lam Dong","11.95","108.44","658.7","2011-06","43.8","24.67","31.72"
"vietnam","Lam Dong","11.95","108.44","658.7","2011-07","115.3","24.45","31.41"
"vietnam","Lam Dong","11.95","108.44","658.7","2011-08","117.5","24.34","32.09"
"vietnam","Lam Dong","11.95","108.44","658.7","2011-09","141.0","24.09","30.4"
"vietnam","Lam Dong","11.95","108.44","658.7","2011-10","214.8","22.76","29.51"
"vietnam","Lam Dong","11.95","108.44","658.7","2011-11","141.9","21.83","27.5"
"vietnam","Lam Dong","11.95","108.44","658.7","2011-12","62.6","19.81","25.24"
"vietnam","Lam Dong","11.95","108.44","658.7","2012-01","46.8","20.48","27.26"
"vietnam","Lam Dong","11.95","108.44","658.7","2012-02","21.5","21.57","31.0"
"vietnam","Lam Dong","11.95","108.44","658.7","2012-03","73.5","23.07","31.85"
"vietnam","Lam Dong","11.95","108.44","658.7","2012-04","121.2","24.18","33.15"
"vietnam","Lam Dong","11.95","108.44","658.7","2012-05","73.8","25.57","33.93"
"vietnam","Lam Dong","11.95","108.44","658.7","2012-06","40.2","25.14","32.5"
"vietnam","Lam Dong","11.95","108.44","658.7","2012-07","160.3","24.36","30.34"
"vietnam","Lam Dong","11.95","108.44","658.7","2012-08","50.2","25.33","32.6"
"vietnam","Lam Dong","11.95","108.44","658.7","2012-09","305.4","23.39","29.7"
"vietnam","Lam Dong","11.95","108.44","658.7","2012-10","102.9","22.51","28.29"
"vietnam","Lam Dong","11.95","108.44","658.7","2012-11","159.3","22.61","29.03"
"vietnam","Lam Dong","11.95","108.44","658.7","2012-12","17.4","21.49","27.37"
"vietnam","Lam Dong","11.95","108.44","658.7","2013-01","40.6","20.08","26.63"
"vietnam","Lam Dong","11.95","108.44","658.7","2013-02","27.2","21.87","30.5"
"vietnam","Lam Dong","11.95","108.44","658.7","2013-03","7.1","24.05","34.27"
"vietnam","Lam Dong","11.95","108.44","658.7","2013-04","26.1","25.51","34.8"
"vietnam","Lam Dong","11.95","108.44","658.7","2013-05","31.9","26.46","34.79"
"vietnam","Lam Dong","11.95","108.44","658.7","2013-06","128.4","24.92","33.93"
"vietnam","Lam Dong","11.95","108.44","658.7","2013-07","74.4","24.56","32.08"
"vietnam","Lam Dong","11.95","108.44","658.7","2013-08","104.2","24.6","32.03"
"vietnam","Lam Dong","11.95","108.44","658.7","2013-09","189.0","24.2","31.91"
"vietnam","Lam Dong","11.95","108.44","658.7","2013-10","142.0","22.45","28.81"
"vietnam","Lam Dong","11.95","108.44","658.7","2013-11","242.4","21.93","27.99"
"vietnam","Lam Dong","11.95","108.44","658.7","2013-12","5.3","19.16","26.19"
"vietnam","Lam Dong","11.95","108.44","658.7","2014-01","1.9","18.52","27.92"
"vietnam","Lam Dong","11.95","108.44","658.7","2014-02","0.3","20.84","31.17"
"vietnam","Lam Dong","11.95","108.44","658.7","2014-03","4.0","23.4","34.46"
"vietnam","Lam Dong","11.95","108.44","658.7","2014-04","9.9","25.88","35.75"
"vietnam","Lam Dong","11.95","108.44","658.7","2014-05","39.4","26.44","35.38"
"vietnam","Lam Dong","11.95","108.44","658.7","2014-06","50.1","26.43","34.97"
"vietnam","Lam Dong","11.95","108.44","658.7","2014-07","101.7","25.51","34.68"
"vietnam","Lam Dong","11.95","108.44","658.7","2014-08","115.3","24.97","32.75"
"vietnam","Lam Dong","11.95","108.44","658.7","2014-09","65.4","24.82","32.76"
"vietnam","Lam Dong","11.95","108.44","658.7","2014-10","124.6","23.28","32.23"
"vietnam","Lam Dong","11.95","108.44","658.7","2014-11","94.2","22.72","29.58"
"vietnam","Lam Dong","11.95","108.44","658.7","2014-12","129.9","20.98","27.98"
"vietnam","Lam Dong","11.95","108.44","658.7","2015-01","16.7","19.38","28.34"
"vietnam","Lam Dong","11.95","108.44","658.7","2015-02","1.7","20.98","33.03"
"vietnam","Lam Dong","11.95","108.44","658.7","2015-03","11.2","23.44","33.47"
"vietnam","Lam Dong","11.95","108.44","658.7","2015-04","18.0","25.4","35.65"
"vietnam","Lam Dong","11.95","108.44","658.7","2015-05","77.2","26.79","36.33"
"vietnam","Lam Dong","11.95","108.44","658.7","2015-06","68.4","26.06","35.39"
"vietnam","Lam Dong","11.95","108.44","658.7","2015-07","89.3","25.52","34.99"
"vietnam","Lam Dong","11.95","108.44","658.7","2015-08","40.6","26.07","33.82"
"vietnam","Lam Dong","11.95","108.44","658.7","2015-09","93.0","25.26","34.24"
"vietnam","Lam Dong","11.95","108.44","658.7","2015-10","144.2","23.89","32.07"
"vietnam","Lam Dong","11.95","108.44","658.7","2015-11","369.0","22.57","27.93"
"vietnam","Lam Dong","11.95","108.44","658.7","2015-12","170.2","21.37","27.29"
"vietnam","Lam Dong","11.95","108.44","658.7","2016-01","17.7","21.55","28.09"
"vietnam","Lam Dong","11.95","108.44","658.7","2016-02","15.4","20.67","29.41"
"vietnam","Lam Dong","11.95","108.44","658.7","2016-03","1.2","23.22","34.39"
"vietnam","Lam Dong","11.95","108.44","658.7","2016-04","7.5","26.58","37.45"
"vietnam","Lam Dong","11.95","108.44","658.7","2016-05","221.0","26.26","35.95"
"vietnam","Lam Dong","11.95","108.44","658.7","2016-06","243.9","24.59","30.82"
"vietnam","Lam Dong","11.95","108.44","658.7","2016-07","136.4","24.06","29.1"
"vietnam","Lam Dong","11.95","108.44","658.7","2016-08","184.1","24.44","29.75"
"vietnam","Lam Dong","11.95","108.44","658.7","2016-09","254.4","23.79","29.18"
"vietnam","Lam Dong","11.95","108.44","658.7","2016-10","301.9","22.96","27.88"
"vietnam","Lam Dong","11.95","108.44","658.7","2016-11","336.3","22.41","27.54"
"vietnam","Lam Dong","11.95","108.44","658.7","2016-12","657.8","21.25","25.4"
"vietnam","Lam Dong","11.95","108.44","658.7","2017-01","153.8","20.53","25.46"
"vietnam","Lam Dong","11.95","108.44","658.7","2017-02","27.4","20.09","27.8"
"vietnam","Lam Dong","11.95","108.44","658.7","2017-03","7.4","21.74","28.7"
"vietnam","Lam Dong","11.95","108.44","658.7","2017-04","90.9","23.63","31.8"
"vietnam","Lam Dong","11.95","108.44","658.7","2017-05","239.0","24.33","30.31"
"vietnam","Lam Dong","11.95","108.44","658.7","2017-06","138.3","24.19","29.47"
"vietnam","Lam Dong","11.95","108.44","658.7","2017-07","253.3","23.58","28.93"
"vietnam","Lam Dong","11.95","108.44","658.7","2017-08","190.0","24.11","29.51"
"vietnam","Lam Dong","11.95","108.44","658.7","2017-09","142.8","24.15","29.45"
"vietnam","Lam Dong","11.95","108.44","658.7","2017-10","342.6","22.87","28.63"
"vietnam","Lam Dong","11.95","108.44","658.7","2017-11","308.7","22.27","26.92"
"vietnam","Lam Dong","11.95","108.44","658.7","2017-12","107.0","20.08","25.47"
"vietnam","Lam Dong","11.95","108.44","658.7","2018-01","14.9","20.46","26.71"
"vietnam","Lam Dong","11.95","108.44","658.7","2018-02","5.0","19.4","27.84"
"vietnam","Lam Dong","11.95","108.44","658.7","2018-03","21.1","21.73","29.6"
"vietnam","Lam Dong","11.95","108.44","658.7","2018-04","43.5","23.41","31.82"
"vietnam","Lam Dong","11.95","108.44","658.7","2018-05","97.6","24.66","31.24"
"vietnam","Lam Dong","11.95","108.44","658.7","2018-06","191.7","23.91","29.72"
"vietnam","Lam Dong","11.95","108.44","658.7","2018-07","210.8","23.98","29.34"
"vietnam","Lam Dong","11.95","108.44","658.7","2018-08","197.2","23.74","30.02"
"vietnam","Lam Dong","11.95","108.44","658.7","2018-09","366.0","23.58","29.64"
"vietnam","Lam Dong","11.95","108.44","658.7","2018-10","248.9","22.43","28.42"
"vietnam","Lam Dong","11.95","108.44","658.7","2018-11","405.3","21.9","27.2"
"vietnam","Lam Dong","11.95","108.44","658.7","2018-12","159.7","21.8","26.33"
"vietnam","Lam Dong","11.95","108.44","658.7","2019-01","97.0","20.15","25.1"
"vietnam","Lam Dong","11.95","108.44","658.7","2019-02","3.4","20.66","27.5"
"vietnam","Lam Dong","11.95","108.44","658.7","2019-03","16.7","22.58","29.64"
"vietnam","Lam Dong","11.95","108.44","658.7","2019-04","32.7","24.38","32.12"
"vietnam","Lam Dong","11.95","108.44","658.7","2019-05","164.6","25.17","32.47"
"vietnam","Lam Dong","11.95","108.44","658.7","2019-06","130.2","24.72","30.54"
"vietnam","Lam Dong","11.95","108.44","658.7","2019-07","142.9","23.98","30.13"
"vietnam","Lam Dong","11.95","108.44","658.7","2019-08","312.8","24.06","29.86"
"vietnam","Lam Dong","11.95","108.44","658.7","2019-09","484.8","23.38","29.81"
"vietnam","Lam Dong","11.95","108.44","658.7","2019-10","180.1","22.92","28.72"
"vietnam","Lam Dong","11.95","108.44","658.7","2019-11","326.1","21.28","26.99"
"vietnam","Lam Dong","11.95","108.44","658.7","2019-12","5.3","19.5","26.39"
"vietnam","Lam Dong","11.95","108.44","658.7","2020-01","2.8","20.11","27.59"
"vietnam","Lam Dong","11.95","108.44","658.7","2020-02","7.2","20.29","29.42"
"vietnam","Lam Dong","11.95","108.44","658.7","2020-03","0.9","23.16","32.07"
"vietnam","Lam Dong","11.95","108.44","658.7","2020-04","21.0","24.27","33.28"
"vietnam","Lam Dong","11.95","108.44","658.7","2020-05","66.3","26.53","35.71"
"vietnam","Lam Dong","11.95","108.44","658.7","2020-06","156.0","24.86","32.42"
"vietnam","Lam Dong","11.95","108.44","658.7","2020-07","169.0","24.24","30.97"
"vietnam","Lam Dong","11.95","108.44","658.7","2020-08","248.6","24.07","30.34"
"vietnam","Lam Dong","11.95","108.44","658.7","2020-09","214.5","23.98","30.15"
"vietnam","Lam Dong","11.95","108.44","658.7","2020-10","454.8","22.9","28.06"
"vietnam","Lam Dong","11.95","108.44","658.7","2020-11","375.0","22.05","28.05"
"vietnam","Lam Dong","11.95","108.44","658.7","2020-12","115.3","20.39","26.79"
"vietnam","Lam Dong","11.95","108.44","658.7","2021-01","5.9","18.98","25.5"
"vietnam","Lam Dong","11.95","108.44","658.7","2021-02","2.2","19.62","29.07"
"vietnam","Lam Dong","11.95","108.44","658.7","2021-03","13.0","22.04","30.86"
"vietnam","Lam Dong","11.95","108.44","658.7","2021-04","139.2","23.63","31.19"
"vietnam","Lam Dong","11.95","108.44","658.7","2021-05","190.0","24.23","30.41"
"vietnam","Lam Dong","11.95","108.44","658.7","2021-06","142.5","24.32","30.76"
"vietnam","Lam Dong","11.95","108.44","658.7","2021-07","166.8","24.0","30.29"
"vietnam","Lam Dong","11.95","108.44","658.7","2021-08","160.3","24.12","30.8"
"vietnam","Lam Dong","11.95","108.44","658.7","2021-09","321.6","23.34","29.04"
"vietnam","Lam Dong","11.95","108.44","658.7","2021-10","611.9","22.91","28.49"
"vietnam","Lam Dong","11.95","108.44","658.7","2021-11","476.4","22.31","27.56"
"vietnam","Lam Dong","11.95","108.44","658.7","2021-12","65.4","20.24","26.06"
"vietnam","Lam Dong","11.95","108.44","658.7","2022-01","14.6","20.23","27.56"
"vietnam","Lam Dong","11.95","108.44","658.7","2022-02","24.1","21.29","28.05"
"vietnam","Lam Dong","11.95","108.44","658.7","2022-03","153.1","22.4","30.02"
"vietnam","Lam Dong","11.95","108.44","658.7","2022-04","116.1","23.2","31.01"
"vietnam","Lam Dong","11.95","108.44","658.7","2022-05","194.1","24.13","30.95"
"vietnam","Lam Dong","11.95","108.44","658.7","2022-06","120.3","24.37","29.98"
"vietnam","Lam Dong","11.95","108.44","658.7","2022-07","221.0","23.97","28.96"
"vietnam","Lam Dong","11.95","108.44","658.7","2022-08","294.8","23.79","29.18"
"vietnam","Lam Dong","11.95","108.44","658.7","2022-09","264.3","23.58","29.09"
"vietnam","Lam Dong","11.95","108.44","658.7","2022-10","328.6","22.2","28.37"
"vietnam","Lam Dong","11.95","108.44","658.7","2022-11","208.8","21.81","26.88"
"vietnam","Lam Dong","11.95","108.44","658.7","2022-12","301.6","19.6","25.41"
"vietnam","Lam Dong","11.95","108.44","658.7","2023-01","110.0","19.92","27.9"
"vietnam","Lam Dong","11.95","108.44","658.7","2023-02","16.0","20.71","27.63"
"vietnam","Lam Dong","11.95","108.44","658.7","2023-03","3.1","21.07","30.36"
"vietnam","Lam Dong","11.95","108.44","658.7","2023-04","5.1","24.46","31.56"
"vietnam","Lam Dong","11.95","108.44","658.7","2023-05","207.1","24.99","32.8"
"vietnam","Lam Dong","11.95","108.44","658.7","2023-06","187.8","24.6","29.28"
"vietnam","Lam Dong","11.95","108.44","658.7","2023-07","279.6","24.28","29.41"
"vietnam","Lam Dong","11.95","108.44","658.7","2023-08","158.1","24.86","31.08"
"vietnam","Lam Dong","11.95","108.44","658.7","2023-09","344.7","24.25","30.03"
"vietnam","Lam Dong","11.95","108.44","658.7","2023-10","220.4","23.79","29.63"
"vietnam","Lam Dong","11.95","108.44","658.7","2023-11","173.7","22.42","27.93"
"vietnam","Lam Dong","11.95","108.44","658.7","2023-12","114.4","21.67","26.53"
"vietnam","Lam Dong","11.95","108.44","658.7","2024-01","30.1","20.41","26.42"
"vietnam","Lam Dong","11.95","108.44","658.7","2024-02","14.5","21.62","28.23"
"vietnam","Lam Dong","11.95","108.44","658.7","2024-03","5.6","22.76","31.24"
"vietnam","Lam Dong","11.95","108.44","658.7","2024-04","1.2","25.84","36.11"
"vietnam","Lam Dong","11.95","108.44","658.7","2024-05","224.1","26.07","35.82"
"vietnam","Lam Dong","11.95","108.44","658.7","2024-06","216.6","24.93","30.8"
"vietnam","Lam Dong","11.95","108.44","658.7","2024-07","357.1","24.06","29.57"
"vietnam","Lam Dong","11.95","108.44","658.7","2024-08","194.1","24.88","30.81"
"vietnam","Lam Dong","11.95","108.44","658.7","2024-09","293.4","24.19","30.23"
"vietnam","Lam Dong","11.95","108.44","658.7","2024-10","179.8","23.22","29.98"
"vietnam","Lam Dong","11.95","108.44","658.7","2024-11","94.2","22.44","28.43"
"vietnam","Lam Dong","11.95","108.44","658.7","2024-12","206.8","20.98","26.11"
"vietnam","Lam Dong","11.95","108.44","658.7","2025-01","22.3","18.72","26.62"
"vietnam","Lam Dong","11.95","108.44","658.7","2025-02","70.0","20.58","27.78"
"vietnam","Lam Dong","11.95","108.44","658.7","2025-03","30.7","22.14","30.44"
"vietnam","Lam Dong","11.95","108.44","658.7","2025-04","20.1","23.74","31.45"
"vietnam","Lam Dong","11.95","108.44","658.7","2025-05","279.0","24.5","31.5"
"vietnam","Lam Dong","11.95","108.44","658.7","2025-06","223.2","24.39","29.83"
"vietnam","Lam Dong","11.95","108.44","658.7","2025-07","124.0","24.47","29.64"
"vietnam","Lam Dong","11.95","108.44","658.7","2025-08","139.5","24.27","30.47"
"vietnam","Lam Dong","11.95","108.44","658.7","2025-09","442.2","23.81","29.1"
"vietnam","Lam Dong","11.95","108.44","658.7","2025-10","427.5","23.04","28.28"
"vietnam","Lam Dong","11.95","108.44","658.7","2025-11","550.5","21.75","28.26"
"vietnam","Lam Dong","11.95","108.44","658.7","2025-12","107.3","20.77","26.91"
