"Region","District","Month","Precip_mm","N_Cells"
"colombia","Huila","1981-01","73.1","591"
"colombia","Huila","1981-02","107.65","591"
"colombia","Huila","1981-03","153.37","591"
"colombia","Huila","1981-04","190.65","591"
"colombia","Huila","1981-05","251.47","591"
"colombia","Huila","1981-06","103.75","591"
"colombia","Huila","1981-07","85.03","591"
"colombia","Huila","1981-08","73.33","591"
"colombia","Huila","1981-09","64.82","591"
"colombia","Huila","1981-10","156.96","591"
"colombia","Huila","1981-11","260.23","591"
"colombia","Huila","1981-12","135.74","591"
"colombia","Huila","1982-01","207.01","591"
"colombia","Huila","1982-02","169.22","591"
"colombia","Huila","1982-03","187.77","591"
"colombia","Huila","1982-04","230.2","591"
"colombia","Huila","1982-05","161.86","591"
"colombia","Huila","1982-06","68.57","591"
"colombia","Huila","1982-07","90.65","591"
"colombia","Huila","1982-08","63.58","591"
"colombia","Huila","1982-09","83.85","591"
"colombia","Huila","1982-10","196.45","591"
"colombia","Huila","1982-11","166.14","591"
"colombia","Huila","1982-12","177.66","591"
"colombia","Huila","1983-01","93.3","591"
"colombia","Huila","1983-02","101.05","591"
"colombia","Huila","1983-03","155.94","591"
"colombia","Huila","1983-04","242.24","591"
"colombia","Huila","1983-05","145.34","591"
"colombia","Huila","1983-06","76.03","591"
"colombia","Huila","1983-07","92.52","591"
"colombia","Huila","1983-08","55.05","591"
"colombia","Huila","1983-09","59.72","591"
"colombia","Huila","1983-10","153.94","591"
"colombia","Huila","1983-11","156.16","591"
"colombia","Huila","1983-12","186.77","591"
"colombia","Huila","1984-01","201.48","591"
"colombia","Huila","1984-02","131.13","591"
"colombia","Huila","1984-03","142.22","591"
"colombia","Huila","1984-04","173.96","591"
"colombia","Huila","1984-05","193.84","591"
"colombia","Huila","1984-06","143.08","591"
"colombia","Huila","1984-07","102.92","591"
"colombia","Huila","1984-08","106.14","591"
"colombia","Huila","1984-09","151.86","591"
"colombia","Huila","1984-10","221.33","591"
"colombia","Huila","1984-11","249.78","591"
"colombia","Huila","1984-12","115.08","591"
"colombia","Huila","1985-01","81.99","591"
"colombia","Huila","1985-02","42.88","591"
"colombia","Huila","1985-03","97.67","591"
"colombia","Huila","1985-04","167.49","591"
"colombia","Huila","1985-05","139.83","591"
"colombia","Huila","1985-06","95.59","591"
"colombia","Huila","1985-07","92.99","591"
"colombia","Huila","1985-08","103.46","591"
"colombia","Huila","1985-09","98.15","591"
"colombia","Huila","1985-10","191.89","591"
"colombia","Huila","1985-11","168.29","591"
"colombia","Huila","1985-12","122.06","591"
"colombia","Huila","1986-01","100.42","591"
"colombia","Huila","1986-02","185.8","591"
"colombia","Huila","1986-03","177.4","591"
"colombia","Huila","1986-04","152.61","591"
"colombia","Huila","1986-05","131.06","591"
"colombia","Huila","1986-06","98.97","591"
"colombia","Huila","1986-07","85.19","591"
"colombia","Huila","1986-08","56.06","591"
"colombia","Huila","1986-09","129.83","591"
"colombia","Huila","1986-10","313.81","591"
"colombia","Huila","1986-11","156.34","591"
"colombia","Huila","1986-12","79.63","591"
"colombia","Huila","1987-01","83.17","591"
"colombia","Huila","1987-02","77.12","591"
"colombia","Huila","1987-03","140.6","591"
"colombia","Huila","1987-04","169.03","591"
"colombia","Huila","1987-05","178.66","591"
"colombia","Huila","1987-06","76.75","591"
"colombia","Huila","1987-07","107.7","591"
"colombia","Huila","1987-08","90.93","591"
"colombia","Huila","1987-09","75.43","591"
"colombia","Huila","1987-10","225.43","591"
"colombia","Huila","1987-11","164.18","591"
"colombia","Huila","1987-12","103.5","591"
"colombia","Huila","1988-01","68.07","591"
"colombia","Huila","1988-02","100.46","591"
"colombia","Huila","1988-03","71.06","591"
"colombia","Huila","1988-04","133.75","591"
"colombia","Huila","1988-05","105.01","591"
"colombia","Huila","1988-06","161.78","591"
"colombia","Huila","1988-07","109.27","591"
"colombia","Huila","1988-08","81.6","591"
"colombia","Huila","1988-09","103.22","591"
"colombia","Huila","1988-10","213.78","591"
"colombia","Huila","1988-11","265.22","591"
"colombia","Huila","1988-12","169.93","591"
"colombia","Huila","1989-01","137.38","591"
"colombia","Huila","1989-02","112.17","591"
"colombia","Huila","1989-03","237.8","591"
"colombia","Huila","1989-04","121.2","591"
"colombia","Huila","1989-05","137.2","591"
"colombia","Huila","1989-06","116.69","591"
"colombia","Huila","1989-07","91.11","591"
"colombia","Huila","1989-08","97.73","591"
"colombia","Huila","1989-09","94.46","591"
"colombia","Huila","1989-10","192.86","591"
"colombia","Huila","1989-11","158.56","591"
"colombia","Huila","1989-12","114.97","591"
"colombia","Huila","1990-01","91.16","591"
"colombia","Huila","1990-02","147.49","591"
"colombia","Huila","1990-03","120.66","591"
"colombia","Huila","1990-04","172.96","591"
"colombia","Huila","1990-05","162.74","591"
"colombia","Huila","1990-06","102.02","591"
"colombia","Huila","1990-07","99.66","591"
"colombia","Huila","1990-08","65.47","591"
"colombia","Huila","1990-09","66.14","591"
"colombia","Huila","1990-10","214.01","591"
"colombia","Huila","1990-11","156.15","591"
"colombia","Huila","1990-12","186.85","591"
"colombia","Huila","1991-01","60.17","591"
"colombia","Huila","1991-02","82.39","591"
"colombia","Huila","1991-03","201.28","591"
"colombia","Huila","1991-04","141.26","591"
"colombia","Huila","1991-05","130.37","591"
"colombia","Huila","1991-06","109.6","591"
"colombia","Huila","1991-07","99.41","591"
"colombia","Huila","1991-08","81.44","591"
"colombia","Huila","1991-09","95.43","591"
"colombia","Huila","1991-10","95.22","591"
"colombia","Huila","1991-11","190.63","591"
"colombia","Huila","1991-12","139.95","591"
"colombia","Huila","1992-01","88.87","591"
"colombia","Huila","1992-02","75.89","591"
"colombia","Huila","1992-03","97.37","591"
"colombia","Huila","1992-04","136.29","591"
"colombia","Huila","1992-05","117.15","591"
"colombia","Huila","1992-06","74.01","591"
"colombia","Huila","1992-07","78.61","591"
"colombia","Huila","1992-08","78.08","591"
"colombia","Huila","1992-09","85.33","591"
"colombia","Huila","1992-10","94.2","591"
"colombia","Huila","1992-11","235.83","591"
"colombia","Huila","1992-12","149.44","591"
"colombia","Huila","1993-01","103.38","591"
"colombia","Huila","1993-02","150.88","591"
"colombia","Huila","1993-03","193.46","591"
"colombia","Huila","1993-04","164.63","591"
"colombia","Huila","1993-05","201.89","591"
"colombia","Huila","1993-06","94.44","591"
"colombia","Huila","1993-07","101.57","591"
"colombia","Huila","1993-08","84.29","591"
"colombia","Huila","1993-09","76.81","591"
"colombia","Huila","1993-10","148.35","591"
"colombia","Huila","1993-11","285.72","591"
"colombia","Huila","1993-12","135.17","591"
"colombia","Huila","1994-01","134.44","591"
"colombia","Huila","1994-02","113.54","591"
"colombia","Huila","1994-03","203.13","591"
"colombia","Huila","1994-04","182.19","591"
"colombia","Huila","1994-05","174.83","591"
"colombia","Huila","1994-06","111.11","591"
"colombia","Huila","1994-07","88.56","591"
"colombia","Huila","1994-08","68.33","591"
"colombia","Huila","1994-09","91.83","591"
"colombia","Huila","1994-10","205.67","591"
"colombia","Huila","1994-11","174.19","591"
"colombia","Huila","1994-12","101.86","591"
"colombia","Huila","1995-01","42.76","591"
"colombia","Huila","1995-02","77.55","591"
"colombia","Huila","1995-03","178.97","591"
"colombia","Huila","1995-04","209.36","591"
"colombia","Huila","1995-05","117.95","591"
"colombia","Huila","1995-06","125.86","591"
"colombia","Huila","1995-07","117.78","591"
"colombia","Huila","1995-08","70.96","591"
"colombia","Huila","1995-09","72.37","591"
"colombia","Huila","1995-10","175.68","591"
"colombia","Huila","1995-11","174.2","591"
"colombia","Huila","1995-12","140.98","591"
"colombia","Huila","1996-01","155.62","591"
"colombia","Huila","1996-02","177.95","591"
"colombia","Huila","1996-03","191.86","591"
"colombia","Huila","1996-04","149.36","591"
"colombia","Huila","1996-05","157.59","591"
"colombia","Huila","1996-06","128.43","591"
"colombia","Huila","1996-07","79.06","591"
"colombia","Huila","1996-08","80.7","591"
"colombia","Huila","1996-09","59.34","591"
"colombia","Huila","1996-10","212.04","591"
"colombia","Huila","1996-11","143.15","591"
"colombia","Huila","1996-12","137.32","591"
"colombia","Huila","1997-01","191.5","591"
"colombia","Huila","1997-02","78.78","591"
"colombia","Huila","1997-03","132.5","591"
"colombia","Huila","1997-04","136.79","591"
"colombia","Huila","1997-05","123.22","591"
"colombia","Huila","1997-06","131.64","591"
"colombia","Huila","1997-07","70.47","591"
"colombia","Huila","1997-08","61.77","591"
"colombia","Huila","1997-09","50.5","591"
"colombia","Huila","1997-10","123.38","591"
"colombia","Huila","1997-11","145.23","591"
"colombia","Huila","1997-12","75.91","591"
"colombia","Huila","1998-01","51.05","591"
"colombia","Huila","1998-02","100.68","591"
"colombia","Huila","1998-03","157.89","591"
"colombia","Huila","1998-04","152.51","591"
"colombia","Huila","1998-05","157.73","591"
"colombia","Huila","1998-06","100.26","591"
"colombia","Huila","1998-07","107.97","591"
"colombia","Huila","1998-08","88.11","591"
"colombia","Huila","1998-09","77.02","591"
"colombia","Huila","1998-10","156.06","591"
"colombia","Huila","1998-11","211.11","591"
"colombia","Huila","1998-12","152.81","591"
"colombia","Huila","1999-01","194.23","591"
"colombia","Huila","1999-02","244.44","591"
"colombia","Huila","1999-03","147.11","591"
"colombia","Huila","1999-04","192.73","591"
"colombia","Huila","1999-05","134.91","591"
"colombia","Huila","1999-06","134.88","591"
"colombia","Huila","1999-07","78.21","591"
"colombia","Huila","1999-08","55.21","591"
"colombia","Huila","1999-09","176.52","591"
"colombia","Huila","1999-10","171.99","591"
"colombia","Huila","1999-11","215.94","591"
"colombia","Huila","1999-12","206.17","591"
"colombia","Huila","2000-01","138.01","591"
"colombia","Huila","2000-02","159.92","591"
"colombia","Huila","2000-03","189.13","591"
"colombia","Huila","2000-04","147.83","591"
"colombia","Huila","2000-05","194.4","591"
"colombia","Huila","2000-06","108.67","591"
"colombia","Huila","2000-07","78.82","591"
"colombia","Huila","2000-08","101.06","591"
"colombia","Huila","2000-09","123.65","591"
"colombia","Huila","2000-10","138.78","591"
"colombia","Huila","2000-11","140.41","591"
"colombia","Huila","2000-12","126.63","591"
"colombia","Huila","2001-01","69.76","591"
"colombia","Huila","2001-02","85.22","591"
"colombia","Huila","2001-03","149.92","591"
"colombia","Huila","2001-04","107.41","591"
"colombia","Huila","2001-05","148.0","591"
"colombia","Huila","2001-06","89.04","591"
"colombia","Huila","2001-07","87.31","591"
"colombia","Huila","2001-08","48.35","591"
"colombia","Huila","2001-09","104.38","591"
"colombia","Huila","2001-10","126.74","591"
"colombia","Huila","2001-11","209.2","591"
"colombia","Huila","2001-12","158.22","591"
"colombia","Huila","2002-01","57.77","591"
"colombia","Huila","2002-02","86.5","591"
"colombia","Huila","2002-03","155.91","591"
"colombia","Huila","2002-04","203.76","591"
"colombia","Huila","2002-05","187.47","591"
"colombia","Huila","2002-06","138.21","591"
"colombia","Huila","2002-07","92.72","591"
"colombia","Huila","2002-08","76.25","591"
"colombia","Huila","2002-09","70.06","591"
"colombia","Huila","2002-10","147.48","591"
"colombia","Huila","2002-11","108.44","591"
"colombia","Huila","2002-12","123.2","591"
"colombia","Huila","2003-01","64.59","591"
"colombia","Huila","2003-02","84.34","591"
"colombia","Huila","2003-03","167.66","591"
"colombia","Huila","2003-04","153.92","591"
"colombia","Huila","2003-05","89.66","591"
"colombia","Huila","2003-06","119.32","591"
"colombia","Huila","2003-07","70.43","591"
"colombia","Huila","2003-08","45.26","591"
"colombia","Huila","2003-09","99.07","591"
"colombia","Huila","2003-10","205.58","591"
"colombia","Huila","2003-11","194.89","591"
"colombia","Huila","2003-12","135.97","591"
"colombia","Huila","2004-01","119.8","591"
"colombia","Huila","2004-02","95.16","591"
"colombia","Huila","2004-03","91.82","591"
"colombia","Huila","2004-04","222.83","591"
"colombia","Huila","2004-05","136.73","591"
"colombia","Huila","2004-06","91.75","591"
"colombia","Huila","2004-07","111.9","591"
"colombia","Huila","2004-08","57.14","591"
"colombia","Huila","2004-09","81.16","591"
"colombia","Huila","2004-10","183.56","591"
"colombia","Huila","2004-11","240.96","591"
"colombia","Huila","2004-12","143.81","591"
"colombia","Huila","2005-01","94.44","591"
"colombia","Huila","2005-02","141.09","591"
"colombia","Huila","2005-03","156.73","591"
"colombia","Huila","2005-04","196.38","591"
"colombia","Huila","2005-05","150.06","591"
"colombia","Huila","2005-06","90.92","591"
"colombia","Huila","2005-07","80.17","591"
"colombia","Huila","2005-08","67.96","591"
"colombia","Huila","2005-09","98.26","591"
"colombia","Huila","2005-10","215.53","591"
"colombia","Huila","2005-11","186.68","591"
"colombia","Huila","2005-12","193.06","591"
"colombia","Huila","2006-01","161.06","591"
"colombia","Huila","2006-02","96.96","591"
"colombia","Huila","2006-03","215.75","591"
"colombia","Huila","2006-04","231.6","591"
"colombia","Huila","2006-05","81.53","591"
"colombia","Huila","2006-06","135.73","591"
"colombia","Huila","2006-07","94.96","591"
"colombia","Huila","2006-08","64.2","591"
"colombia","Huila","2006-09","65.57","591"
"colombia","Huila","2006-10","190.0","591"
"colombia","Huila","2006-11","222.68","591"
"colombia","Huila","2006-12","168.69","591"
"colombia","Huila","2007-01","63.16","591"
"colombia","Huila","2007-02","50.76","591"
"colombia","Huila","2007-03","155.92","591"
"colombia","Huila","2007-04","201.92","591"
"colombia","Huila","2007-05","172.52","591"
"colombia","Huila","2007-06","126.7","591"
"colombia","Huila","2007-07","78.05","591"
"colombia","Huila","2007-08","84.51","591"
"colombia","Huila","2007-09","50.08","591"
"colombia","Huila","2007-10","260.2","591"
"colombia","Huila","2007-11","179.64","591"
"colombia","Huila","2007-12","187.8","591"
"colombia","Huila","2008-01","102.19","591"
"colombia","Huila","2008-02","140.15","591"
"colombia","Huila","2008-03","191.58","591"
"colombia","Huila","2008-04","191.72","591"
"colombia","Huila","2008-05","207.12","591"
"colombia","Huila","2008-06","107.41","591"
"colombia","Huila","2008-07","111.55","591"
"colombia","Huila","2008-08","102.74","591"
"colombia","Huila","2008-09","84.37","591"
"colombia","Huila","2008-10","189.9","591"
"colombia","Huila","2008-11","284.95","591"
"colombia","Huila","2008-12","159.67","591"
"colombia","Huila","2009-01","184.39","591"
"colombia","Huila","2009-02","152.02","591"
"colombia","Huila","2009-03","220.56","591"
"colombia","Huila","2009-04","159.41","591"
"colombia","Huila","2009-05","123.96","591"
"colombia","Huila","2009-06","106.55","591"
"colombia","Huila","2009-07","91.22","591"
"colombia","Huila","2009-08","85.9","591"
"colombia","Huila","2009-09","58.27","591"
"colombia","Huila","2009-10","171.43","591"
"colombia","Huila","2009-11","129.16","591"
"colombia","Huila","2009-12","94.29","591"
"colombia","Huila","2010-01","44.8","591"
"colombia","Huila","2010-02","108.28","591"
"colombia","Huila","2010-03","111.48","591"
"colombia","Huila","2010-04","228.2","591"
"colombia","Huila","2010-05","199.01","591"
"colombia","Huila","2010-06","129.22","591"
"colombia","Huila","2010-07","171.36","591"
"colombia","Huila","2010-08","55.51","591"
"colombia","Huila","2010-09","99.91","591"
"colombia","Huila","2010-10","206.18","591"
"colombia","Huila","2010-11","320.56","591"
"colombia","Huila","2010-12","202.26","591"
"colombia","Huila","2011-01","83.96","591"
"colombia","Huila","2011-02","197.04","591"
"colombia","Huila","2011-03","198.07","591"
"colombia","Huila","2011-04","307.34","591"
"colombia","Huila","2011-05","219.98","591"
"colombia","Huila","2011-06","137.6","591"
"colombia","Huila","2011-07","118.99","591"
"colombia","Huila","2011-08","56.53","591"
"colombia","Huila","2011-09","86.64","591"
"colombia","Huila","2011-10","216.76","591"
"colombia","Huila","2011-11","334.21","591"
"colombia","Huila","2011-12","235.18","591"
"colombia","Huila","2012-01","182.81","591"
"colombia","Huila","2012-02","103.5","591"
"colombia","Huila","2012-03","174.6","591"
"colombia","Huila","2012-04","221.19","591"
"colombia","Huila","2012-05","71.07","591"
"colombia","Huila","2012-06","78.8","591"
"colombia","Huila","2012-07","74.16","591"
"colombia","Huila","2012-08","64.28","591"
"colombia","Huila","2012-09","52.74","591"
"colombia","Huila","2012-10","189.27","591"
"colombia","Huila","2012-11","161.89","591"
"colombia","Huila","2012-12","188.87","591"
"colombia","Huila","2013-01","64.94","591"
"colombia","Huila","2013-02","169.34","591"
"colombia","Huila","2013-03","135.95","591"
"colombia","Huila","2013-04","132.49","591"
"colombia","Huila","2013-05","197.79","591"
"colombia","Huila","2013-06","95.25","591"
"colombia","Huila","2013-07","97.08","591"
"colombia","Huila","2013-08","108.2","591"
"colombia","Huila","2013-09","79.92","591"
"colombia","Huila","2013-10","128.64","591"
"colombia","Huila","2013-11","246.82","591"
"colombia","Huila","2013-12","131.2","591"
"colombia","Huila","2014-01","103.04","591"
"colombia","Huila","2014-02","113.91","591"
"colombia","Huila","2014-03","208.65","591"
"colombia","Huila","2014-04","127.05","591"
"colombia","Huila","2014-05","186.41","591"
"colombia","Huila","2014-06","109.32","591"
"colombia","Huila","2014-07","70.9","591"
"colombia","Huila","2014-08","82.74","591"
"colombia","Huila","2014-09","59.5","591"
"colombia","Huila","2014-10","153.36","591"
"colombia","Huila","2014-11","185.31","591"
"colombia","Huila","2014-12","146.17","591"
"colombia","Huila","2015-01","113.44","591"
"colombia","Huila","2015-02","99.68","591"
"colombia","Huila","2015-03","156.01","591"
"colombia","Huila","2015-04","115.75","591"
"colombia","Huila","2015-05","67.17","591"
"colombia","Huila","2015-06","52.06","591"
"colombia","Huila","2015-07","42.3","591"
"colombia","Huila","2015-08","38.9","591"
"colombia","Huila","2015-09","28.43","591"
"colombia","Huila","2015-10","81.68","591"
"colombia","Huila","2015-11","137.89","591"
"colombia","Huila","2015-12","102.32","591"
"colombia","Huila","2016-01","73.52","591"
"colombia","Huila","2016-02","46.84","591"
"colombia","Huila","2016-03","144.8","591"
"colombia","Huila","2016-04","164.28","591"
"colombia","Huila","2016-05","128.59","591"
"colombia","Huila","2016-06","76.03","591"
"colombia","Huila","2016-07","89.61","591"
"colombia","Huila","2016-08","52.46","591"
"colombia","Huila","2016-09","94.0","591"
"colombia","Huila","2016-10","149.24","591"
"colombia","Huila","2016-11","213.12","591"
"colombia","Huila","2016-12","135.31","591"
"colombia","Huila","2017-01","147.19","591"
"colombia","Huila","2017-02","124.14","591"
"colombia","Huila","2017-03","292.03","591"
"colombia","Huila","2017-04","154.61","591"
"colombia","Huila","2017-05","203.04","591"
"colombia","Huila","2017-06","111.61","591"
"colombia","Huila","2017-07","60.26","591"
"colombia","Huila","2017-08","103.54","591"
"colombia","Huila","2017-09","62.58","591"
"colombia","Huila","2017-10","134.45","591"
"colombia","Huila","2017-11","231.46","591"
"colombia","Huila","2017-12","156.27","591"
"colombia","Huila","2018-01","106.8","591"
"colombia","Huila","2018-02","94.11","591"
"colombia","Huila","2018-03","123.02","591"
"colombia","Huila","2018-04","185.96","591"
"colombia","Huila","2018-05","136.27","591"
"colombia","Huila","2018-06","99.71","591"
"colombia","Huila","2018-07","65.44","591"
"colombia","Huila","2018-08","58.99","591"
"colombia","Huila","2018-09","63.64","591"
"colombia","Huila","2018-10","200.24","591"
"colombia","Huila","2018-11","202.15","591"
"colombia","Huila","2018-12","57.64","591"
"colombia","Huila","2019-01","102.93","591"
"colombia","Huila","2019-02","79.46","591"
"colombia","Huila","2019-03","143.52","591"
"colombia","Huila","2019-04","167.08","591"
"colombia","Huila","2019-05","176.57","591"
"colombia","Huila","2019-06","96.5","591"
"colombia","Huila","2019-07","71.58","591"
"colombia","Huila","2019-08","39.37","591"
"colombia","Huila","2019-09","76.86","591"
"colombia","Huila","2019-10","125.2","591"
"colombia","Huila","2019-11","232.97","591"
"colombia","Huila","2019-12","149.82","591"
"colombia","Huila","2020-01","87.24","591"
"colombia","Huila","2020-02","109.34","591"
"colombia","Huila","2020-03","113.47","591"
"colombia","Huila","2020-04","101.88","591"
"colombia","Huila","2020-05","136.37","591"
"colombia","Huila","2020-06","120.24","591"
"colombia","Huila","2020-07","134.72","591"
"colombia","Huila","2020-08","88.07","591"
"colombia","Huila","2020-09","87.6","591"
"colombia","Huila","2020-10","103.19","591"
"colombia","Huila","2020-11","227.17","591"
"colombia","Huila","2020-12","161.01","591"
"colombia","Huila","2021-01","82.65","591"
"colombia","Huila","2021-02","148.44","591"
"colombia","Huila","2021-03","242.17","591"
"colombia","Huila","2021-04","182.76","591"
"colombia","Huila","2021-05","154.72","591"
"colombia","Huila","2021-06","132.15","591"
"colombia","Huila","2021-07","58.53","591"
"colombia","Huila","2021-08","144.29","591"
"colombia","Huila","2021-09","66.49","591"
"colombia","Huila","2021-10","195.57","591"
"colombia","Huila","2021-11","228.8","591"
"colombia","Huila","2021-12","114.22","591"
"colombia","Huila","2022-01","126.54","591"
"colombia","Huila","2022-02","187.99","591"
"colombia","Huila","2022-03","216.91","591"
"colombia","Huila","2022-04","143.16","591"
"colombia","Huila","2022-05","138.78","591"
"colombia","Huila","2022-06","155.68","591"
"colombia","Huila","2022-07","142.56","591"
"colombia","Huila","2022-08","65.08","591"
"colombia","Huila","2022-09","131.4","591"
"colombia","Huila","2022-10","425.1","591"
"colombia","Huila","2022-11","213.09","591"
"colombia","Huila","2022-12","102.02","591"
"colombia","Huila","2023-01","191.78","591"
"colombia","Huila","2023-02","70.65","591"
"colombia","Huila","2023-03","262.11","591"
"colombia","Huila","2023-04","181.76","591"
"colombia","Huila","2023-05","137.03","591"
"colombia","Huila","2023-06","68.68","591"
"colombia","Huila","2023-07","93.1","591"
"colombia","Huila","2023-08","70.19","591"
"colombia","Huila","2023-09","39.24","591"
"colombia","Huila","2023-10","130.0","591"
"colombia","Huila","2023-11","157.21","591"
"colombia","Huila","2023-12","160.02","591"
"colombia","Huila","2024-01","34.34","591"
"colombia","Huila","2024-02","87.16","591"
"colombia","Huila","2024-03","140.85","591"
"colombia","Huila","2024-04","197.65","591"
"colombia","Huila","2024-05","192.16","591"
"colombia","Huila","2024-06","152.68","591"
"colombia","Huila","2024-07","71.31","591"
"colombia","Huila","2024-08","73.97","591"
"colombia","Huila","2024-09","62.37","591"
"colombia","Huila","2024-10","128.21","591"
"colombia","Huila","2024-11","283.67","591"
"colombia","Huila","2024-12","187.17","591"
"colombia","Huila","2025-01","116.15","591"
"colombia","Huila","2025-02","219.57","591"
"colombia","Huila","2025-03","260.42","591"
"colombia","Huila","2025-04","249.42","591"
"colombia","Huila","2025-05","136.26","591"
"colombia","Huila","2025-06","175.82","591"
"colombia","Huila","2025-07","71.21","591"
"colombia","Huila","2025-08","77.3","591"
"colombia","Huila","2025-09","84.59","591"
"colombia","Huila","2025-10","142.94","591"
"colombia","Huila","2025-11","188.3","591"
"colombia","Huila","2025-12","100.5","591"
"colombia","Huila","2026-01","211.85","591"
"colombia","Huila","2026-02","163.06","591"
"colombia","Huila","2026-03","177.78","591"
"colombia","Huila","2026-04","194.73","591"
"colombia","Huila","2026-05","76.73","591"
"colombia","Huila","2026-06","75.69","591"
"colombia","Huila","2026-07","37.39","591"
"colombia","Huila","2026-08","38.54","591"
"colombia","Cauca","1981-01","156.56","1009"
"colombia","Cauca","1981-02","255.35","1009"
"colombia","Cauca","1981-03","293.09","1009"
"colombia","Cauca","1981-04","392.28","1009"
"colombia","Cauca","1981-05","382.82","1009"
"colombia","Cauca","1981-06","217.88","1009"
"colombia","Cauca","1981-07","191.62","1009"
"colombia","Cauca","1981-08","187.99","1009"
"colombia","Cauca","1981-09","157.96","1009"
"colombia","Cauca","1981-10","321.95","1009"
"colombia","Cauca","1981-11","381.55","1009"
"colombia","Cauca","1981-12","313.14","1009"
"colombia","Cauca","1982-01","269.34","1009"
"colombia","Cauca","1982-02","249.26","1009"
"colombia","Cauca","1982-03","291.65","1009"
"colombia","Cauca","1982-04","336.48","1009"
"colombia","Cauca","1982-05","359.28","1009"
"colombia","Cauca","1982-06","166.04","1009"
"colombia","Cauca","1982-07","152.27","1009"
"colombia","Cauca","1982-08","103.78","1009"
"colombia","Cauca","1982-09","249.27","1009"
"colombia","Cauca","1982-10","407.6","1009"
"colombia","Cauca","1982-11","361.91","1009"
"colombia","Cauca","1982-12","378.13","1009"
"colombia","Cauca","1983-01","169.79","1009"
"colombia","Cauca","1983-02","186.15","1009"
"colombia","Cauca","1983-03","297.08","1009"
"colombia","Cauca","1983-04","341.04","1009"
"colombia","Cauca","1983-05","386.0","1009"
"colombia","Cauca","1983-06","188.12","1009"
"colombia","Cauca","1983-07","211.02","1009"
"colombia","Cauca","1983-08","179.92","1009"
"colombia","Cauca","1983-09","230.74","1009"
"colombia","Cauca","1983-10","438.61","1009"
"colombia","Cauca","1983-11","424.68","1009"
"colombia","Cauca","1983-12","402.53","1009"
"colombia","Cauca","1984-01","337.38","1009"
"colombia","Cauca","1984-02","372.69","1009"
"colombia","Cauca","1984-03","235.21","1009"
"colombia","Cauca","1984-04","305.21","1009"
"colombia","Cauca","1984-05","339.62","1009"
"colombia","Cauca","1984-06","243.44","1009"
"colombia","Cauca","1984-07","178.13","1009"
"colombia","Cauca","1984-08","214.9","1009"
"colombia","Cauca","1984-09","328.99","1009"
"colombia","Cauca","1984-10","429.96","1009"
"colombia","Cauca","1984-11","343.75","1009"
"colombia","Cauca","1984-12","266.94","1009"
"colombia","Cauca","1985-01","239.63","1009"
"colombia","Cauca","1985-02","112.05","1009"
"colombia","Cauca","1985-03","153.64","1009"
"colombia","Cauca","1985-04","213.98","1009"
"colombia","Cauca","1985-05","269.64","1009"
"colombia","Cauca","1985-06","157.29","1009"
"colombia","Cauca","1985-07","183.32","1009"
"colombia","Cauca","1985-08","178.49","1009"
"colombia","Cauca","1985-09","258.74","1009"
"colombia","Cauca","1985-10","284.96","1009"
"colombia","Cauca","1985-11","318.78","1009"
"colombia","Cauca","1985-12","234.77","1009"
"colombia","Cauca","1986-01","274.96","1009"
"colombia","Cauca","1986-02","223.8","1009"
"colombia","Cauca","1986-03","233.48","1009"
"colombia","Cauca","1986-04","303.71","1009"
"colombia","Cauca","1986-05","338.89","1009"
"colombia","Cauca","1986-06","185.63","1009"
"colombia","Cauca","1986-07","152.65","1009"
"colombia","Cauca","1986-08","181.54","1009"
"colombia","Cauca","1986-09","211.69","1009"
"colombia","Cauca","1986-10","452.43","1009"
"colombia","Cauca","1986-11","374.23","1009"
"colombia","Cauca","1986-12","243.56","1009"
"colombia","Cauca","1987-01","200.0","1009"
"colombia","Cauca","1987-02","172.32","1009"
"colombia","Cauca","1987-03","223.81","1009"
"colombia","Cauca","1987-04","299.62","1009"
"colombia","Cauca","1987-05","304.89","1009"
"colombia","Cauca","1987-06","208.64","1009"
"colombia","Cauca","1987-07","234.82","1009"
"colombia","Cauca","1987-08","185.33","1009"
"colombia","Cauca","1987-09","212.19","1009"
"colombia","Cauca","1987-10","432.82","1009"
"colombia","Cauca","1987-11","315.16","1009"
"colombia","Cauca","1987-12","219.08","1009"
"colombia","Cauca","1988-01","199.39","1009"
"colombia","Cauca","1988-02","175.1","1009"
"colombia","Cauca","1988-03","127.73","1009"
"colombia","Cauca","1988-04","244.7","1009"
"colombia","Cauca","1988-05","310.87","1009"
"colombia","Cauca","1988-06","236.57","1009"
"colombia","Cauca","1988-07","188.43","1009"
"colombia","Cauca","1988-08","169.7","1009"
"colombia","Cauca","1988-09","188.22","1009"
"colombia","Cauca","1988-10","275.3","1009"
"colombia","Cauca","1988-11","502.42","1009"
"colombia","Cauca","1988-12","337.41","1009"
"colombia","Cauca","1989-01","360.77","1009"
"colombia","Cauca","1989-02","199.12","1009"
"colombia","Cauca","1989-03","186.57","1009"
"colombia","Cauca","1989-04","241.25","1009"
"colombia","Cauca","1989-05","325.01","1009"
"colombia","Cauca","1989-06","240.47","1009"
"colombia","Cauca","1989-07","160.45","1009"
"colombia","Cauca","1989-08","182.88","1009"
"colombia","Cauca","1989-09","264.92","1009"
"colombia","Cauca","1989-10","415.49","1009"
"colombia","Cauca","1989-11","257.45","1009"
"colombia","Cauca","1989-12","262.47","1009"
"colombia","Cauca","1990-01","208.57","1009"
"colombia","Cauca","1990-02","252.7","1009"
"colombia","Cauca","1990-03","241.84","1009"
"colombia","Cauca","1990-04","302.01","1009"
"colombia","Cauca","1990-05","286.55","1009"
"colombia","Cauca","1990-06","218.09","1009"
"colombia","Cauca","1990-07","194.12","1009"
"colombia","Cauca","1990-08","107.13","1009"
"colombia","Cauca","1990-09","202.03","1009"
"colombia","Cauca","1990-10","375.47","1009"
"colombia","Cauca","1990-11","295.84","1009"
"colombia","Cauca","1990-12","275.28","1009"
"colombia","Cauca","1991-01","215.39","1009"
"colombia","Cauca","1991-02","156.37","1009"
"colombia","Cauca","1991-03","283.52","1009"
"colombia","Cauca","1991-04","262.46","1009"
"colombia","Cauca","1991-05","347.1","1009"
"colombia","Cauca","1991-06","238.28","1009"
"colombia","Cauca","1991-07","206.92","1009"
"colombia","Cauca","1991-08","99.65","1009"
"colombia","Cauca","1991-09","228.78","1009"
"colombia","Cauca","1991-10","282.63","1009"
"colombia","Cauca","1991-11","381.69","1009"
"colombia","Cauca","1991-12","313.98","1009"
"colombia","Cauca","1992-01","201.49","1009"
"colombia","Cauca","1992-02","171.91","1009"
"colombia","Cauca","1992-03","188.78","1009"
"colombia","Cauca","1992-04","296.41","1009"
"colombia","Cauca","1992-05","295.73","1009"
"colombia","Cauca","1992-06","164.72","1009"
"colombia","Cauca","1992-07","160.04","1009"
"colombia","Cauca","1992-08","186.58","1009"
"colombia","Cauca","1992-09","260.07","1009"
"colombia","Cauca","1992-10","309.1","1009"
"colombia","Cauca","1992-11","398.88","1009"
"colombia","Cauca","1992-12","282.25","1009"
"colombia","Cauca","1993-01","278.75","1009"
"colombia","Cauca","1993-02","227.19","1009"
"colombia","Cauca","1993-03","299.56","1009"
"colombia","Cauca","1993-04","360.19","1009"
"colombia","Cauca","1993-05","357.16","1009"
"colombia","Cauca","1993-06","213.68","1009"
"colombia","Cauca","1993-07","163.28","1009"
"colombia","Cauca","1993-08","162.27","1009"
"colombia","Cauca","1993-09","249.13","1009"
"colombia","Cauca","1993-10","318.85","1009"
"colombia","Cauca","1993-11","404.31","1009"
"colombia","Cauca","1993-12","341.83","1009"
"colombia","Cauca","1994-01","304.04","1009"
"colombia","Cauca","1994-02","208.86","1009"
"colombia","Cauca","1994-03","315.16","1009"
"colombia","Cauca","1994-04","342.92","1009"
"colombia","Cauca","1994-05","345.64","1009"
"colombia","Cauca","1994-06","202.3","1009"
"colombia","Cauca","1994-07","163.05","1009"
"colombia","Cauca","1994-08","123.77","1009"
"colombia","Cauca","1994-09","197.72","1009"
"colombia","Cauca","1994-10","356.38","1009"
"colombia","Cauca","1994-11","402.33","1009"
"colombia","Cauca","1994-12","309.16","1009"
"colombia","Cauca","1995-01","186.27","1009"
"colombia","Cauca","1995-02","109.09","1009"
"colombia","Cauca","1995-03","234.74","1009"
"colombia","Cauca","1995-04","341.58","1009"
"colombia","Cauca","1995-05","326.55","1009"
"colombia","Cauca","1995-06","251.56","1009"
"colombia","Cauca","1995-07","229.49","1009"
"colombia","Cauca","1995-08","170.88","1009"
"colombia","Cauca","1995-09","177.59","1009"
"colombia","Cauca","1995-10","394.28","1009"
"colombia","Cauca","1995-11","405.49","1009"
"colombia","Cauca","1995-12","338.96","1009"
"colombia","Cauca","1996-01","314.48","1009"
"colombia","Cauca","1996-02","270.11","1009"
"colombia","Cauca","1996-03","282.26","1009"
"colombia","Cauca","1996-04","313.86","1009"
"colombia","Cauca","1996-05","429.19","1009"
"colombia","Cauca","1996-06","270.01","1009"
"colombia","Cauca","1996-07","163.05","1009"
"colombia","Cauca","1996-08","182.1","1009"
"colombia","Cauca","1996-09","205.27","1009"
"colombia","Cauca","1996-10","345.14","1009"
"colombia","Cauca","1996-11","261.18","1009"
"colombia","Cauca","1996-12","327.33","1009"
"colombia","Cauca","1997-01","308.56","1009"
"colombia","Cauca","1997-02","236.3","1009"
"colombia","Cauca","1997-03","241.16","1009"
"colombia","Cauca","1997-04","292.55","1009"
"colombia","Cauca","1997-05","301.35","1009"
"colombia","Cauca","1997-06","272.61","1009"
"colombia","Cauca","1997-07","126.0","1009"
"colombia","Cauca","1997-08","124.61","1009"
"colombia","Cauca","1997-09","251.46","1009"
"colombia","Cauca","1997-10","354.14","1009"
"colombia","Cauca","1997-11","378.72","1009"
"colombia","Cauca","1997-12","195.34","1009"
"colombia","Cauca","1998-01","152.6","1009"
"colombia","Cauca","1998-02","237.68","1009"
"colombia","Cauca","1998-03","265.28","1009"
"colombia","Cauca","1998-04","365.62","1009"
"colombia","Cauca","1998-05","361.85","1009"
"colombia","Cauca","1998-06","221.71","1009"
"colombia","Cauca","1998-07","214.69","1009"
"colombia","Cauca","1998-08","216.21","1009"
"colombia","Cauca","1998-09","226.52","1009"
"colombia","Cauca","1998-10","304.52","1009"
"colombia","Cauca","1998-11","429.07","1009"
"colombia","Cauca","1998-12","300.59","1009"
"colombia","Cauca","1999-01","370.83","1009"
"colombia","Cauca","1999-02","408.78","1009"
"colombia","Cauca","1999-03","312.52","1009"
"colombia","Cauca","1999-04","377.01","1009"
"colombia","Cauca","1999-05","300.17","1009"
"colombia","Cauca","1999-06","256.33","1009"
"colombia","Cauca","1999-07","162.16","1009"
"colombia","Cauca","1999-08","167.07","1009"
"colombia","Cauca","1999-09","310.66","1009"
"colombia","Cauca","1999-10","332.75","1009"
"colombia","Cauca","1999-11","388.7","1009"
"colombia","Cauca","1999-12","353.05","1009"
"colombia","Cauca","2000-01","234.4","1009"
"colombia","Cauca","2000-02","260.01","1009"
"colombia","Cauca","2000-03","304.58","1009"
"colombia","Cauca","2000-04","311.74","1009"
"colombia","Cauca","2000-05","374.88","1009"
"colombia","Cauca","2000-06","249.8","1009"
"colombia","Cauca","2000-07","222.7","1009"
"colombia","Cauca","2000-08","191.63","1009"
"colombia","Cauca","2000-09","251.89","1009"
"colombia","Cauca","2000-10","300.36","1009"
"colombia","Cauca","2000-11","264.5","1009"
"colombia","Cauca","2000-12","314.7","1009"
"colombia","Cauca","2001-01","209.58","1009"
"colombia","Cauca","2001-02","185.76","1009"
"colombia","Cauca","2001-03","239.57","1009"
"colombia","Cauca","2001-04","222.12","1009"
"colombia","Cauca","2001-05","347.31","1009"
"colombia","Cauca","2001-06","211.53","1009"
"colombia","Cauca","2001-07","210.7","1009"
"colombia","Cauca","2001-08","100.68","1009"
"colombia","Cauca","2001-09","287.7","1009"
"colombia","Cauca","2001-10","247.06","1009"
"colombia","Cauca","2001-11","399.61","1009"
"colombia","Cauca","2001-12","351.08","1009"
"colombia","Cauca","2002-01","244.61","1009"
"colombia","Cauca","2002-02","159.07","1009"
"colombia","Cauca","2002-03","282.18","1009"
"colombia","Cauca","2002-04","357.08","1009"
"colombia","Cauca","2002-05","264.63","1009"
"colombia","Cauca","2002-06","175.37","1009"
"colombia","Cauca","2002-07","194.11","1009"
"colombia","Cauca","2002-08","146.88","1009"
"colombia","Cauca","2002-09","171.81","1009"
"colombia","Cauca","2002-10","371.22","1009"
"colombia","Cauca","2002-11","299.13","1009"
"colombia","Cauca","2002-12","325.92","1009"
"colombia","Cauca","2003-01","162.17","1009"
"colombia","Cauca","2003-02","195.38","1009"
"colombia","Cauca","2003-03","219.43","1009"
"colombia","Cauca","2003-04","301.92","1009"
"colombia","Cauca","2003-05","367.56","1009"
"colombia","Cauca","2003-06","266.49","1009"
"colombia","Cauca","2003-07","150.86","1009"
"colombia","Cauca","2003-08","177.76","1009"
"colombia","Cauca","2003-09","230.38","1009"
"colombia","Cauca","2003-10","401.94","1009"
"colombia","Cauca","2003-11","386.84","1009"
"colombia","Cauca","2003-12","280.95","1009"
"colombia","Cauca","2004-01","217.23","1009"
"colombia","Cauca","2004-02","143.08","1009"
"colombia","Cauca","2004-03","205.17","1009"
"colombia","Cauca","2004-04","288.31","1009"
"colombia","Cauca","2004-05","362.2","1009"
"colombia","Cauca","2004-06","152.5","1009"
"colombia","Cauca","2004-07","223.97","1009"
"colombia","Cauca","2004-08","106.88","1009"
"colombia","Cauca","2004-09","246.45","1009"
"colombia","Cauca","2004-10","384.07","1009"
"colombia","Cauca","2004-11","406.98","1009"
"colombia","Cauca","2004-12","269.04","1009"
"colombia","Cauca","2005-01","250.31","1009"
"colombia","Cauca","2005-02","194.68","1009"
"colombia","Cauca","2005-03","268.67","1009"
"colombia","Cauca","2005-04","315.78","1009"
"colombia","Cauca","2005-05","324.87","1009"
"colombia","Cauca","2005-06","205.96","1009"
"colombia","Cauca","2005-07","135.69","1009"
"colombia","Cauca","2005-08","150.94","1009"
"colombia","Cauca","2005-09","185.36","1009"
"colombia","Cauca","2005-10","371.76","1009"
"colombia","Cauca","2005-11","372.57","1009"
"colombia","Cauca","2005-12","344.33","1009"
"colombia","Cauca","2006-01","278.76","1009"
"colombia","Cauca","2006-02","243.98","1009"
"colombia","Cauca","2006-03","304.18","1009"
"colombia","Cauca","2006-04","342.08","1009"
"colombia","Cauca","2006-05","312.35","1009"
"colombia","Cauca","2006-06","221.96","1009"
"colombia","Cauca","2006-07","156.23","1009"
"colombia","Cauca","2006-08","157.89","1009"
"colombia","Cauca","2006-09","206.26","1009"
"colombia","Cauca","2006-10","319.3","1009"
"colombia","Cauca","2006-11","447.96","1009"
"colombia","Cauca","2006-12","390.16","1009"
"colombia","Cauca","2007-01","214.34","1009"
"colombia","Cauca","2007-02","108.3","1009"
"colombia","Cauca","2007-03","331.26","1009"
"colombia","Cauca","2007-04","359.89","1009"
"colombia","Cauca","2007-05","390.05","1009"
"colombia","Cauca","2007-06","182.69","1009"
"colombia","Cauca","2007-07","172.82","1009"
"colombia","Cauca","2007-08","168.74","1009"
"colombia","Cauca","2007-09","141.43","1009"
"colombia","Cauca","2007-10","423.02","1009"
"colombia","Cauca","2007-11","363.22","1009"
"colombia","Cauca","2007-12","368.65","1009"
"colombia","Cauca","2008-01","323.45","1009"
"colombia","Cauca","2008-02","258.62","1009"
"colombia","Cauca","2008-03","305.28","1009"
"colombia","Cauca","2008-04","325.43","1009"
"colombia","Cauca","2008-05","416.25","1009"
"colombia","Cauca","2008-06","290.66","1009"
"colombia","Cauca","2008-07","244.62","1009"
"colombia","Cauca","2008-08","226.31","1009"
"colombia","Cauca","2008-09","223.99","1009"
"colombia","Cauca","2008-10","352.75","1009"
"colombia","Cauca","2008-11","346.78","1009"
"colombia","Cauca","2008-12","307.72","1009"
"colombia","Cauca","2009-01","338.01","1009"
"colombia","Cauca","2009-02","257.49","1009"
"colombia","Cauca","2009-03","302.79","1009"
"colombia","Cauca","2009-04","269.77","1009"
"colombia","Cauca","2009-05","312.32","1009"
"colombia","Cauca","2009-06","265.07","1009"
"colombia","Cauca","2009-07","170.7","1009"
"colombia","Cauca","2009-08","203.76","1009"
"colombia","Cauca","2009-09","135.66","1009"
"colombia","Cauca","2009-10","314.21","1009"
"colombia","Cauca","2009-11","356.93","1009"
"colombia","Cauca","2009-12","290.36","1009"
"colombia","Cauca","2010-01","147.22","1009"
"colombia","Cauca","2010-02","239.7","1009"
"colombia","Cauca","2010-03","233.74","1009"
"colombia","Cauca","2010-04","359.54","1009"
"colombia","Cauca","2010-05","312.55","1009"
"colombia","Cauca","2010-06","218.43","1009"
"colombia","Cauca","2010-07","289.68","1009"
"colombia","Cauca","2010-08","145.33","1009"
"colombia","Cauca","2010-09","194.85","1009"
"colombia","Cauca","2010-10","370.47","1009"
"colombia","Cauca","2010-11","476.62","1009"
"colombia","Cauca","2010-12","385.57","1009"
"colombia","Cauca","2011-01","244.51","1009"
"colombia","Cauca","2011-02","321.37","1009"
"colombia","Cauca","2011-03","256.36","1009"
"colombia","Cauca","2011-04","422.87","1009"
"colombia","Cauca","2011-05","311.34","1009"
"colombia","Cauca","2011-06","223.47","1009"
"colombia","Cauca","2011-07","251.02","1009"
"colombia","Cauca","2011-08","163.43","1009"
"colombia","Cauca","2011-09","225.82","1009"
"colombia","Cauca","2011-10","378.11","1009"
"colombia","Cauca","2011-11","377.41","1009"
"colombia","Cauca","2011-12","357.97","1009"
"colombia","Cauca","2012-01","375.31","1009"
"colombia","Cauca","2012-02","240.27","1009"
"colombia","Cauca","2012-03","259.65","1009"
"colombia","Cauca","2012-04","334.43","1009"
"colombia","Cauca","2012-05","211.24","1009"
"colombia","Cauca","2012-06","175.67","1009"
"colombia","Cauca","2012-07","149.36","1009"
"colombia","Cauca","2012-08","127.73","1009"
"colombia","Cauca","2012-09","112.18","1009"
"colombia","Cauca","2012-10","368.85","1009"
"colombia","Cauca","2012-11","368.72","1009"
"colombia","Cauca","2012-12","291.36","1009"
"colombia","Cauca","2013-01","188.38","1009"
"colombia","Cauca","2013-02","274.3","1009"
"colombia","Cauca","2013-03","300.65","1009"
"colombia","Cauca","2013-04","313.14","1009"
"colombia","Cauca","2013-05","439.71","1009"
"colombia","Cauca","2013-06","194.34","1009"
"colombia","Cauca","2013-07","163.51","1009"
"colombia","Cauca","2013-08","226.23","1009"
"colombia","Cauca","2013-09","198.51","1009"
"colombia","Cauca","2013-10","345.27","1009"
"colombia","Cauca","2013-11","381.73","1009"
"colombia","Cauca","2013-12","313.62","1009"
"colombia","Cauca","2014-01","265.79","1009"
"colombia","Cauca","2014-02","289.15","1009"
"colombia","Cauca","2014-03","306.09","1009"
"colombia","Cauca","2014-04","254.5","1009"
"colombia","Cauca","2014-05","374.62","1009"
"colombia","Cauca","2014-06","174.21","1009"
"colombia","Cauca","2014-07","101.58","1009"
"colombia","Cauca","2014-08","113.32","1009"
"colombia","Cauca","2014-09","153.52","1009"
"colombia","Cauca","2014-10","404.35","1009"
"colombia","Cauca","2014-11","407.65","1009"
"colombia","Cauca","2014-12","267.15","1009"
"colombia","Cauca","2015-01","219.25","1009"
"colombia","Cauca","2015-02","157.51","1009"
"colombia","Cauca","2015-03","225.55","1009"
"colombia","Cauca","2015-04","226.1","1009"
"colombia","Cauca","2015-05","255.44","1009"
"colombia","Cauca","2015-06","86.27","1009"
"colombia","Cauca","2015-07","136.73","1009"
"colombia","Cauca","2015-08","109.29","1009"
"colombia","Cauca","2015-09","148.54","1009"
"colombia","Cauca","2015-10","307.65","1009"
"colombia","Cauca","2015-11","441.26","1009"
"colombia","Cauca","2015-12","269.53","1009"
"colombia","Cauca","2016-01","173.83","1009"
"colombia","Cauca","2016-02","129.28","1009"
"colombia","Cauca","2016-03","219.04","1009"
"colombia","Cauca","2016-04","227.25","1009"
"colombia","Cauca","2016-05","265.85","1009"
"colombia","Cauca","2016-06","120.7","1009"
"colombia","Cauca","2016-07","129.08","1009"
"colombia","Cauca","2016-08","78.94","1009"
"colombia","Cauca","2016-09","167.4","1009"
"colombia","Cauca","2016-10","324.62","1009"
"colombia","Cauca","2016-11","290.59","1009"
"colombia","Cauca","2016-12","290.1","1009"
"colombia","Cauca","2017-01","285.49","1009"
"colombia","Cauca","2017-02","147.13","1009"
"colombia","Cauca","2017-03","393.44","1009"
"colombia","Cauca","2017-04","244.34","1009"
"colombia","Cauca","2017-05","312.95","1009"
"colombia","Cauca","2017-06","184.35","1009"
"colombia","Cauca","2017-07","72.81","1009"
"colombia","Cauca","2017-08","170.68","1009"
"colombia","Cauca","2017-09","125.63","1009"
"colombia","Cauca","2017-10","259.36","1009"
"colombia","Cauca","2017-11","292.13","1009"
"colombia","Cauca","2017-12","227.62","1009"
"colombia","Cauca","2018-01","212.83","1009"
"colombia","Cauca","2018-02","171.11","1009"
"colombia","Cauca","2018-03","186.86","1009"
"colombia","Cauca","2018-04","222.99","1009"
"colombia","Cauca","2018-05","308.97","1009"
"colombia","Cauca","2018-06","129.5","1009"
"colombia","Cauca","2018-07","121.75","1009"
"colombia","Cauca","2018-08","74.1","1009"
"colombia","Cauca","2018-09","138.47","1009"
"colombia","Cauca","2018-10","279.18","1009"
"colombia","Cauca","2018-11","419.78","1009"
"colombia","Cauca","2018-12","131.28","1009"
"colombia","Cauca","2019-01","159.19","1009"
"colombia","Cauca","2019-02","160.66","1009"
"colombia","Cauca","2019-03","255.53","1009"
"colombia","Cauca","2019-04","304.57","1009"
"colombia","Cauca","2019-05","317.22","1009"
"colombia","Cauca","2019-06","111.31","1009"
"colombia","Cauca","2019-07","95.78","1009"
"colombia","Cauca","2019-08","56.63","1009"
"colombia","Cauca","2019-09","148.55","1009"
"colombia","Cauca","2019-10","280.06","1009"
"colombia","Cauca","2019-11","383.0","1009"
"colombia","Cauca","2019-12","287.09","1009"
"colombia","Cauca","2020-01","131.01","1009"
"colombia","Cauca","2020-02","159.41","1009"
"colombia","Cauca","2020-03","151.5","1009"
"colombia","Cauca","2020-04","211.26","1009"
"colombia","Cauca","2020-05","249.79","1009"
"colombia","Cauca","2020-06","187.58","1009"
"colombia","Cauca","2020-07","215.98","1009"
"colombia","Cauca","2020-08","149.57","1009"
"colombia","Cauca","2020-09","114.16","1009"
"colombia","Cauca","2020-10","220.93","1009"
"colombia","Cauca","2020-11","292.05","1009"
"colombia","Cauca","2020-12","354.62","1009"
"colombia","Cauca","2021-01","183.34","1009"
"colombia","Cauca","2021-02","248.1","1009"
"colombia","Cauca","2021-03","331.83","1009"
"colombia","Cauca","2021-04","286.34","1009"
"colombia","Cauca","2021-05","258.32","1009"
"colombia","Cauca","2021-06","198.0","1009"
"colombia","Cauca","2021-07","110.01","1009"
"colombia","Cauca","2021-08","161.98","1009"
"colombia","Cauca","2021-09","124.11","1009"
"colombia","Cauca","2021-10","346.6","1009"
"colombia","Cauca","2021-11","382.26","1009"
"colombia","Cauca","2021-12","265.18","1009"
"colombia","Cauca","2022-01","227.09","1009"
"colombia","Cauca","2022-02","318.74","1009"
"colombia","Cauca","2022-03","302.43","1009"
"colombia","Cauca","2022-04","295.72","1009"
"colombia","Cauca","2022-05","278.05","1009"
"colombia","Cauca","2022-06","240.73","1009"
"colombia","Cauca","2022-07","212.82","1009"
"colombia","Cauca","2022-08","126.1","1009"
"colombia","Cauca","2022-09","180.38","1009"
"colombia","Cauca","2022-10","634.17","1009"
"colombia","Cauca","2022-11","331.7","1009"
"colombia","Cauca","2022-12","258.12","1009"
"colombia","Cauca","2023-01","311.87","1009"
"colombia","Cauca","2023-02","153.15","1009"
"colombia","Cauca","2023-03","318.59","1009"
"colombia","Cauca","2023-04","253.16","1009"
"colombia","Cauca","2023-05","313.24","1009"
"colombia","Cauca","2023-06","124.92","1009"
"colombia","Cauca","2023-07","194.7","1009"
"colombia","Cauca","2023-08","195.74","1009"
"colombia","Cauca","2023-09","146.22","1009"
"colombia","Cauca","2023-10","304.17","1009"
"colombia","Cauca","2023-11","325.96","1009"
"colombia","Cauca","2023-12","350.06","1009"
"colombia","Cauca","2024-01","128.84","1009"
"colombia","Cauca","2024-02","234.35","1009"
"colombia","Cauca","2024-03","187.76","1009"
"colombia","Cauca","2024-04","313.01","1009"
"colombia","Cauca","2024-05","345.7","1009"
"colombia","Cauca","2024-06","265.42","1009"
"colombia","Cauca","2024-07","135.09","1009"
"colombia","Cauca","2024-08","142.99","1009"
"colombia","Cauca","2024-09","128.54","1009"
"colombia","Cauca","2024-10","278.12","1009"
"colombia","Cauca","2024-11","237.03","1009"
"colombia","Cauca","2024-12","353.2","1009"
"colombia","Cauca","2025-01","234.61","1009"
"colombia","Cauca","2025-02","365.45","1009"
"colombia","Cauca","2025-03","316.3","1009"
"colombia","Cauca","2025-04","328.92","1009"
"colombia","Cauca","2025-05","288.9","1009"
"colombia","Cauca","2025-06","248.98","1009"
"colombia","Cauca","2025-07","109.68","1009"
"colombia","Cauca","2025-08","149.87","1009"
"colombia","Cauca","2025-09","113.98","1009"
"colombia","Cauca","2025-10","365.48","1009"
"colombia","Cauca","2025-11","414.78","1009"
"colombia","Cauca","2025-12","178.5","1009"
"colombia","Cauca","2026-01","360.13","1009"
"colombia","Cauca","2026-02","372.43","1009"
"colombia","Cauca","2026-03","207.76","1009"
"colombia","Cauca","2026-04","225.66","1009"
"colombia","Cauca","2026-05","199.08","1009"
"colombia","Cauca","2026-06","126.25","1009"
"colombia","Cauca","2026-07","110.31","1009"
"colombia","Cauca","2026-08","102.29","1009"
"ethiopia","Jimma","1981-01","7.75","605"
"ethiopia","Jimma","1981-02","19.48","605"
"ethiopia","Jimma","1981-03","153.85","605"
"ethiopia","Jimma","1981-04","93.97","605"
"ethiopia","Jimma","1981-05","145.91","605"
"ethiopia","Jimma","1981-06","160.95","605"
"ethiopia","Jimma","1981-07","292.99","605"
"ethiopia","Jimma","1981-08","265.33","605"
"ethiopia","Jimma","1981-09","217.32","605"
"ethiopia","Jimma","1981-10","60.97","605"
"ethiopia","Jimma","1981-11","48.55","605"
"ethiopia","Jimma","1981-12","13.36","605"
"ethiopia","Jimma","1982-01","54.02","605"
"ethiopia","Jimma","1982-02","49.94","605"
"ethiopia","Jimma","1982-03","86.58","605"
"ethiopia","Jimma","1982-04","99.67","605"
"ethiopia","Jimma","1982-05","151.13","605"
"ethiopia","Jimma","1982-06","218.39","605"
"ethiopia","Jimma","1982-07","202.14","605"
"ethiopia","Jimma","1982-08","222.86","605"
"ethiopia","Jimma","1982-09","180.55","605"
"ethiopia","Jimma","1982-10","131.01","605"
"ethiopia","Jimma","1982-11","79.17","605"
"ethiopia","Jimma","1982-12","34.53","605"
"ethiopia","Jimma","1983-01","22.7","605"
"ethiopia","Jimma","1983-02","41.0","605"
"ethiopia","Jimma","1983-03","107.07","605"
"ethiopia","Jimma","1983-04","106.9","605"
"ethiopia","Jimma","1983-05","237.85","605"
"ethiopia","Jimma","1983-06","194.07","605"
"ethiopia","Jimma","1983-07","226.54","605"
"ethiopia","Jimma","1983-08","273.42","605"
"ethiopia","Jimma","1983-09","226.77","605"
"ethiopia","Jimma","1983-10","137.52","605"
"ethiopia","Jimma","1983-11","51.65","605"
"ethiopia","Jimma","1983-12","9.74","605"
"ethiopia","Jimma","1984-01","14.21","605"
"ethiopia","Jimma","1984-02","11.75","605"
"ethiopia","Jimma","1984-03","41.58","605"
"ethiopia","Jimma","1984-04","56.42","605"
"ethiopia","Jimma","1984-05","227.42","605"
"ethiopia","Jimma","1984-06","260.49","605"
"ethiopia","Jimma","1984-07","269.06","605"
"ethiopia","Jimma","1984-08","222.32","605"
"ethiopia","Jimma","1984-09","199.79","605"
"ethiopia","Jimma","1984-10","21.12","605"
"ethiopia","Jimma","1984-11","50.99","605"
"ethiopia","Jimma","1984-12","24.34","605"
"ethiopia","Jimma","1985-01","21.05","605"
"ethiopia","Jimma","1985-02","14.54","605"
"ethiopia","Jimma","1985-03","66.07","605"
"ethiopia","Jimma","1985-04","145.34","605"
"ethiopia","Jimma","1985-05","208.88","605"
"ethiopia","Jimma","1985-06","213.63","605"
"ethiopia","Jimma","1985-07","291.12","605"
"ethiopia","Jimma","1985-08","260.54","605"
"ethiopia","Jimma","1985-09","167.01","605"
"ethiopia","Jimma","1985-10","74.19","605"
"ethiopia","Jimma","1985-11","30.09","605"
"ethiopia","Jimma","1985-12","17.67","605"
"ethiopia","Jimma","1986-01","10.97","605"
"ethiopia","Jimma","1986-02","60.76","605"
"ethiopia","Jimma","1986-03","80.54","605"
"ethiopia","Jimma","1986-04","113.11","605"
"ethiopia","Jimma","1986-05","143.88","605"
"ethiopia","Jimma","1986-06","297.1","605"
"ethiopia","Jimma","1986-07","283.63","605"
"ethiopia","Jimma","1986-08","188.35","605"
"ethiopia","Jimma","1986-09","227.01","605"
"ethiopia","Jimma","1986-10","66.56","605"
"ethiopia","Jimma","1986-11","18.74","605"
"ethiopia","Jimma","1986-12","29.15","605"
"ethiopia","Jimma","1987-01","23.43","605"
"ethiopia","Jimma","1987-02","60.35","605"
"ethiopia","Jimma","1987-03","161.89","605"
"ethiopia","Jimma","1987-04","82.4","605"
"ethiopia","Jimma","1987-05","185.5","605"
"ethiopia","Jimma","1987-06","212.29","605"
"ethiopia","Jimma","1987-07","256.29","605"
"ethiopia","Jimma","1987-08","235.6","605"
"ethiopia","Jimma","1987-09","180.38","605"
"ethiopia","Jimma","1987-10","116.93","605"
"ethiopia","Jimma","1987-11","23.0","605"
"ethiopia","Jimma","1987-12","24.55","605"
"ethiopia","Jimma","1988-01","37.04","605"
"ethiopia","Jimma","1988-02","69.36","605"
"ethiopia","Jimma","1988-03","45.92","605"
"ethiopia","Jimma","1988-04","66.59","605"
"ethiopia","Jimma","1988-05","169.97","605"
"ethiopia","Jimma","1988-06","215.5","605"
"ethiopia","Jimma","1988-07","323.34","605"
"ethiopia","Jimma","1988-08","314.67","605"
"ethiopia","Jimma","1988-09","281.8","605"
"ethiopia","Jimma","1988-10","188.81","605"
"ethiopia","Jimma","1988-11","12.35","605"
"ethiopia","Jimma","1988-12","8.43","605"
"ethiopia","Jimma","1989-01","28.3","605"
"ethiopia","Jimma","1989-02","36.21","605"
"ethiopia","Jimma","1989-03","142.68","605"
"ethiopia","Jimma","1989-04","139.96","605"
"ethiopia","Jimma","1989-05","112.35","605"
"ethiopia","Jimma","1989-06","192.03","605"
"ethiopia","Jimma","1989-07","279.99","605"
"ethiopia","Jimma","1989-08","291.34","605"
"ethiopia","Jimma","1989-09","198.13","605"
"ethiopia","Jimma","1989-10","108.5","605"
"ethiopia","Jimma","1989-11","25.79","605"
"ethiopia","Jimma","1989-12","105.44","605"
"ethiopia","Jimma","1990-01","20.54","605"
"ethiopia","Jimma","1990-02","88.54","605"
"ethiopia","Jimma","1990-03","132.29","605"
"ethiopia","Jimma","1990-04","104.19","605"
"ethiopia","Jimma","1990-05","144.6","605"
"ethiopia","Jimma","1990-06","258.03","605"
"ethiopia","Jimma","1990-07","265.36","605"
"ethiopia","Jimma","1990-08","307.33","605"
"ethiopia","Jimma","1990-09","222.97","605"
"ethiopia","Jimma","1990-10","55.62","605"
"ethiopia","Jimma","1990-11","36.18","605"
"ethiopia","Jimma","1990-12","13.94","605"
"ethiopia","Jimma","1991-01","43.84","605"
"ethiopia","Jimma","1991-02","54.69","605"
"ethiopia","Jimma","1991-03","83.17","605"
"ethiopia","Jimma","1991-04","110.89","605"
"ethiopia","Jimma","1991-05","169.76","605"
"ethiopia","Jimma","1991-06","235.02","605"
"ethiopia","Jimma","1991-07","285.53","605"
"ethiopia","Jimma","1991-08","303.85","605"
"ethiopia","Jimma","1991-09","149.52","605"
"ethiopia","Jimma","1991-10","57.0","605"
"ethiopia","Jimma","1991-11","15.26","605"
"ethiopia","Jimma","1991-12","40.74","605"
"ethiopia","Jimma","1992-01","45.05","605"
"ethiopia","Jimma","1992-02","57.38","605"
"ethiopia","Jimma","1992-03","99.12","605"
"ethiopia","Jimma","1992-04","143.04","605"
"ethiopia","Jimma","1992-05","156.87","605"
"ethiopia","Jimma","1992-06","262.03","605"
"ethiopia","Jimma","1992-07","269.97","605"
"ethiopia","Jimma","1992-08","313.53","605"
"ethiopia","Jimma","1992-09","171.65","605"
"ethiopia","Jimma","1992-10","157.5","605"
"ethiopia","Jimma","1992-11","52.33","605"
"ethiopia","Jimma","1992-12","23.25","605"
"ethiopia","Jimma","1993-01","41.95","605"
"ethiopia","Jimma","1993-02","79.88","605"
"ethiopia","Jimma","1993-03","87.29","605"
"ethiopia","Jimma","1993-04","200.35","605"
"ethiopia","Jimma","1993-05","196.34","605"
"ethiopia","Jimma","1993-06","256.66","605"
"ethiopia","Jimma","1993-07","251.99","605"
"ethiopia","Jimma","1993-08","286.62","605"
"ethiopia","Jimma","1993-09","194.04","605"
"ethiopia","Jimma","1993-10","181.8","605"
"ethiopia","Jimma","1993-11","17.09","605"
"ethiopia","Jimma","1993-12","7.21","605"
"ethiopia","Jimma","1994-01","13.14","605"
"ethiopia","Jimma","1994-02","14.66","605"
"ethiopia","Jimma","1994-03","81.44","605"
"ethiopia","Jimma","1994-04","119.91","605"
"ethiopia","Jimma","1994-05","202.4","605"
"ethiopia","Jimma","1994-06","226.83","605"
"ethiopia","Jimma","1994-07","316.76","605"
"ethiopia","Jimma","1994-08","242.65","605"
"ethiopia","Jimma","1994-09","168.8","605"
"ethiopia","Jimma","1994-10","30.13","605"
"ethiopia","Jimma","1994-11","24.97","605"
"ethiopia","Jimma","1994-12","10.88","605"
"ethiopia","Jimma","1995-01","10.74","605"
"ethiopia","Jimma","1995-02","32.14","605"
"ethiopia","Jimma","1995-03","77.33","605"
"ethiopia","Jimma","1995-04","155.81","605"
"ethiopia","Jimma","1995-05","150.37","605"
"ethiopia","Jimma","1995-06","196.61","605"
"ethiopia","Jimma","1995-07","238.01","605"
"ethiopia","Jimma","1995-08","243.81","605"
"ethiopia","Jimma","1995-09","164.34","605"
"ethiopia","Jimma","1995-10","57.86","605"
"ethiopia","Jimma","1995-11","17.01","605"
"ethiopia","Jimma","1995-12","76.43","605"
"ethiopia","Jimma","1996-01","54.31","605"
"ethiopia","Jimma","1996-02","30.83","605"
"ethiopia","Jimma","1996-03","179.73","605"
"ethiopia","Jimma","1996-04","146.89","605"
"ethiopia","Jimma","1996-05","204.88","605"
"ethiopia","Jimma","1996-06","231.92","605"
"ethiopia","Jimma","1996-07","317.76","605"
"ethiopia","Jimma","1996-08","223.76","605"
"ethiopia","Jimma","1996-09","176.71","605"
"ethiopia","Jimma","1996-10","55.68","605"
"ethiopia","Jimma","1996-11","42.45","605"
"ethiopia","Jimma","1996-12","14.82","605"
"ethiopia","Jimma","1997-01","53.76","605"
"ethiopia","Jimma","1997-02","8.74","605"
"ethiopia","Jimma","1997-03","71.31","605"
"ethiopia","Jimma","1997-04","187.2","605"
"ethiopia","Jimma","1997-05","188.31","605"
"ethiopia","Jimma","1997-06","244.88","605"
"ethiopia","Jimma","1997-07","197.27","605"
"ethiopia","Jimma","1997-08","227.55","605"
"ethiopia","Jimma","1997-09","178.55","605"
"ethiopia","Jimma","1997-10","280.66","605"
"ethiopia","Jimma","1997-11","127.51","605"
"ethiopia","Jimma","1997-12","31.7","605"
"ethiopia","Jimma","1998-01","55.82","605"
"ethiopia","Jimma","1998-02","36.53","605"
"ethiopia","Jimma","1998-03","104.83","605"
"ethiopia","Jimma","1998-04","84.79","605"
"ethiopia","Jimma","1998-05","160.8","605"
"ethiopia","Jimma","1998-06","255.73","605"
"ethiopia","Jimma","1998-07","301.67","605"
"ethiopia","Jimma","1998-08","288.11","605"
"ethiopia","Jimma","1998-09","199.57","605"
"ethiopia","Jimma","1998-10","186.88","605"
"ethiopia","Jimma","1998-11","28.13","605"
"ethiopia","Jimma","1998-12","7.4","605"
"ethiopia","Jimma","1999-01","23.73","605"
"ethiopia","Jimma","1999-02","8.72","605"
"ethiopia","Jimma","1999-03","48.81","605"
"ethiopia","Jimma","1999-04","79.71","605"
"ethiopia","Jimma","1999-05","189.53","605"
"ethiopia","Jimma","1999-06","230.42","605"
"ethiopia","Jimma","1999-07","268.11","605"
"ethiopia","Jimma","1999-08","212.41","605"
"ethiopia","Jimma","1999-09","186.22","605"
"ethiopia","Jimma","1999-10","191.51","605"
"ethiopia","Jimma","1999-11","10.83","605"
"ethiopia","Jimma","1999-12","10.03","605"
"ethiopia","Jimma","2000-01","9.45","605"
"ethiopia","Jimma","2000-02","8.47","605"
"ethiopia","Jimma","2000-03","24.12","605"
"ethiopia","Jimma","2000-04","128.49","605"
"ethiopia","Jimma","2000-05","218.66","605"
"ethiopia","Jimma","2000-06","173.11","605"
"ethiopia","Jimma","2000-07","262.28","605"
"ethiopia","Jimma","2000-08","233.93","605"
"ethiopia","Jimma","2000-09","196.3","605"
"ethiopia","Jimma","2000-10","154.92","605"
"ethiopia","Jimma","2000-11","49.26","605"
"ethiopia","Jimma","2000-12","18.83","605"
"ethiopia","Jimma","2001-01","16.17","605"
"ethiopia","Jimma","2001-02","25.28","605"
"ethiopia","Jimma","2001-03","112.64","605"
"ethiopia","Jimma","2001-04","110.55","605"
"ethiopia","Jimma","2001-05","222.75","605"
"ethiopia","Jimma","2001-06","270.2","605"
"ethiopia","Jimma","2001-07","304.95","605"
"ethiopia","Jimma","2001-08","233.52","605"
"ethiopia","Jimma","2001-09","198.99","605"
"ethiopia","Jimma","2001-10","152.03","605"
"ethiopia","Jimma","2001-11","28.76","605"
"ethiopia","Jimma","2001-12","14.24","605"
"ethiopia","Jimma","2002-01","46.92","605"
"ethiopia","Jimma","2002-02","20.97","605"
"ethiopia","Jimma","2002-03","93.65","605"
"ethiopia","Jimma","2002-04","94.73","605"
"ethiopia","Jimma","2002-05","134.58","605"
"ethiopia","Jimma","2002-06","256.57","605"
"ethiopia","Jimma","2002-07","251.6","605"
"ethiopia","Jimma","2002-08","218.31","605"
"ethiopia","Jimma","2002-09","156.89","605"
"ethiopia","Jimma","2002-10","64.72","605"
"ethiopia","Jimma","2002-11","11.98","605"
"ethiopia","Jimma","2002-12","70.52","605"
"ethiopia","Jimma","2003-01","26.45","605"
"ethiopia","Jimma","2003-02","52.34","605"
"ethiopia","Jimma","2003-03","92.78","605"
"ethiopia","Jimma","2003-04","120.0","605"
"ethiopia","Jimma","2003-05","52.46","605"
"ethiopia","Jimma","2003-06","268.13","605"
"ethiopia","Jimma","2003-07","281.74","605"
"ethiopia","Jimma","2003-08","246.88","605"
"ethiopia","Jimma","2003-09","200.19","605"
"ethiopia","Jimma","2003-10","56.21","605"
"ethiopia","Jimma","2003-11","38.17","605"
"ethiopia","Jimma","2003-12","26.77","605"
"ethiopia","Jimma","2004-01","53.92","605"
"ethiopia","Jimma","2004-02","22.45","605"
"ethiopia","Jimma","2004-03","55.35","605"
"ethiopia","Jimma","2004-04","119.97","605"
"ethiopia","Jimma","2004-05","140.23","605"
"ethiopia","Jimma","2004-06","222.09","605"
"ethiopia","Jimma","2004-07","277.06","605"
"ethiopia","Jimma","2004-08","285.21","605"
"ethiopia","Jimma","2004-09","222.72","605"
"ethiopia","Jimma","2004-10","109.66","605"
"ethiopia","Jimma","2004-11","47.08","605"
"ethiopia","Jimma","2004-12","41.29","605"
"ethiopia","Jimma","2005-01","33.58","605"
"ethiopia","Jimma","2005-02","9.53","605"
"ethiopia","Jimma","2005-03","132.83","605"
"ethiopia","Jimma","2005-04","109.81","605"
"ethiopia","Jimma","2005-05","199.66","605"
"ethiopia","Jimma","2005-06","235.95","605"
"ethiopia","Jimma","2005-07","291.22","605"
"ethiopia","Jimma","2005-08","250.72","605"
"ethiopia","Jimma","2005-09","237.1","605"
"ethiopia","Jimma","2005-10","107.68","605"
"ethiopia","Jimma","2005-11","42.94","605"
"ethiopia","Jimma","2005-12","7.05","605"
"ethiopia","Jimma","2006-01","16.55","605"
"ethiopia","Jimma","2006-02","43.23","605"
"ethiopia","Jimma","2006-03","130.31","605"
"ethiopia","Jimma","2006-04","96.32","605"
"ethiopia","Jimma","2006-05","179.37","605"
"ethiopia","Jimma","2006-06","248.13","605"
"ethiopia","Jimma","2006-07","320.52","605"
"ethiopia","Jimma","2006-08","271.81","605"
"ethiopia","Jimma","2006-09","202.45","605"
"ethiopia","Jimma","2006-10","145.03","605"
"ethiopia","Jimma","2006-11","49.7","605"
"ethiopia","Jimma","2006-12","64.0","605"
"ethiopia","Jimma","2007-01","38.9","605"
"ethiopia","Jimma","2007-02","54.77","605"
"ethiopia","Jimma","2007-03","104.7","605"
"ethiopia","Jimma","2007-04","109.66","605"
"ethiopia","Jimma","2007-05","204.31","605"
"ethiopia","Jimma","2007-06","221.95","605"
"ethiopia","Jimma","2007-07","311.8","605"
"ethiopia","Jimma","2007-08","249.04","605"
"ethiopia","Jimma","2007-09","248.59","605"
"ethiopia","Jimma","2007-10","74.34","605"
"ethiopia","Jimma","2007-11","15.28","605"
"ethiopia","Jimma","2007-12","6.96","605"
"ethiopia","Jimma","2008-01","28.69","605"
"ethiopia","Jimma","2008-02","21.67","605"
"ethiopia","Jimma","2008-03","26.94","605"
"ethiopia","Jimma","2008-04","132.45","605"
"ethiopia","Jimma","2008-05","273.58","605"
"ethiopia","Jimma","2008-06","240.8","605"
"ethiopia","Jimma","2008-07","339.5","605"
"ethiopia","Jimma","2008-08","291.59","605"
"ethiopia","Jimma","2008-09","185.03","605"
"ethiopia","Jimma","2008-10","138.95","605"
"ethiopia","Jimma","2008-11","81.56","605"
"ethiopia","Jimma","2008-12","19.63","605"
"ethiopia","Jimma","2009-01","43.39","605"
"ethiopia","Jimma","2009-02","30.25","605"
"ethiopia","Jimma","2009-03","90.14","605"
"ethiopia","Jimma","2009-04","156.24","605"
"ethiopia","Jimma","2009-05","124.47","605"
"ethiopia","Jimma","2009-06","227.85","605"
"ethiopia","Jimma","2009-07","247.58","605"
"ethiopia","Jimma","2009-08","258.35","605"
"ethiopia","Jimma","2009-09","190.76","605"
"ethiopia","Jimma","2009-10","152.27","605"
"ethiopia","Jimma","2009-11","30.77","605"
"ethiopia","Jimma","2009-12","48.7","605"
"ethiopia","Jimma","2010-01","24.72","605"
"ethiopia","Jimma","2010-02","65.47","605"
"ethiopia","Jimma","2010-03","90.41","605"
"ethiopia","Jimma","2010-04","103.22","605"
"ethiopia","Jimma","2010-05","237.75","605"
"ethiopia","Jimma","2010-06","295.97","605"
"ethiopia","Jimma","2010-07","266.4","605"
"ethiopia","Jimma","2010-08","241.66","605"
"ethiopia","Jimma","2010-09","222.44","605"
"ethiopia","Jimma","2010-10","41.67","605"
"ethiopia","Jimma","2010-11","42.31","605"
"ethiopia","Jimma","2010-12","34.24","605"
"ethiopia","Jimma","2011-01","20.1","605"
"ethiopia","Jimma","2011-02","17.27","605"
"ethiopia","Jimma","2011-03","58.44","605"
"ethiopia","Jimma","2011-04","135.14","605"
"ethiopia","Jimma","2011-05","269.22","605"
"ethiopia","Jimma","2011-06","273.58","605"
"ethiopia","Jimma","2011-07","304.53","605"
"ethiopia","Jimma","2011-08","274.15","605"
"ethiopia","Jimma","2011-09","243.26","605"
"ethiopia","Jimma","2011-10","28.47","605"
"ethiopia","Jimma","2011-11","98.42","605"
"ethiopia","Jimma","2011-12","15.99","605"
"ethiopia","Jimma","2012-01","10.74","605"
"ethiopia","Jimma","2012-02","9.77","605"
"ethiopia","Jimma","2012-03","60.56","605"
"ethiopia","Jimma","2012-04","121.82","605"
"ethiopia","Jimma","2012-05","138.3","605"
"ethiopia","Jimma","2012-06","265.25","605"
"ethiopia","Jimma","2012-07","287.49","605"
"ethiopia","Jimma","2012-08","232.21","605"
"ethiopia","Jimma","2012-09","248.05","605"
"ethiopia","Jimma","2012-10","45.15","605"
"ethiopia","Jimma","2012-11","57.84","605"
"ethiopia","Jimma","2012-12","27.22","605"
"ethiopia","Jimma","2013-01","24.2","605"
"ethiopia","Jimma","2013-02","27.5","605"
"ethiopia","Jimma","2013-03","56.51","605"
"ethiopia","Jimma","2013-04","107.4","605"
"ethiopia","Jimma","2013-05","214.64","605"
"ethiopia","Jimma","2013-06","234.52","605"
"ethiopia","Jimma","2013-07","260.77","605"
"ethiopia","Jimma","2013-08","302.07","605"
"ethiopia","Jimma","2013-09","218.35","605"
"ethiopia","Jimma","2013-10","150.98","605"
"ethiopia","Jimma","2013-11","61.89","605"
"ethiopia","Jimma","2013-12","7.36","605"
"ethiopia","Jimma","2014-01","20.82","605"
"ethiopia","Jimma","2014-02","28.17","605"
"ethiopia","Jimma","2014-03","144.44","605"
"ethiopia","Jimma","2014-04","219.42","605"
"ethiopia","Jimma","2014-05","269.71","605"
"ethiopia","Jimma","2014-06","161.95","605"
"ethiopia","Jimma","2014-07","237.36","605"
"ethiopia","Jimma","2014-08","251.43","605"
"ethiopia","Jimma","2014-09","220.74","605"
"ethiopia","Jimma","2014-10","192.92","605"
"ethiopia","Jimma","2014-11","35.45","605"
"ethiopia","Jimma","2014-12","22.91","605"
"ethiopia","Jimma","2015-01","29.58","605"
"ethiopia","Jimma","2015-02","24.88","605"
"ethiopia","Jimma","2015-03","77.41","605"
"ethiopia","Jimma","2015-04","115.02","605"
"ethiopia","Jimma","2015-05","201.11","605"
"ethiopia","Jimma","2015-06","255.69","605"
"ethiopia","Jimma","2015-07","282.09","605"
"ethiopia","Jimma","2015-08","222.36","605"
"ethiopia","Jimma","2015-09","212.05","605"
"ethiopia","Jimma","2015-10","96.3","605"
"ethiopia","Jimma","2015-11","77.66","605"
"ethiopia","Jimma","2015-12","45.54","605"
"ethiopia","Jimma","2016-01","17.66","605"
"ethiopia","Jimma","2016-02","23.51","605"
"ethiopia","Jimma","2016-03","59.41","605"
"ethiopia","Jimma","2016-04","121.51","605"
"ethiopia","Jimma","2016-05","283.82","605"
"ethiopia","Jimma","2016-06","192.75","605"
"ethiopia","Jimma","2016-07","284.35","605"
"ethiopia","Jimma","2016-08","219.77","605"
"ethiopia","Jimma","2016-09","182.39","605"
"ethiopia","Jimma","2016-10","144.5","605"
"ethiopia","Jimma","2016-11","24.3","605"
"ethiopia","Jimma","2016-12","18.26","605"
"ethiopia","Jimma","2017-01","9.37","605"
"ethiopia","Jimma","2017-02","105.26","605"
"ethiopia","Jimma","2017-03","85.87","605"
"ethiopia","Jimma","2017-04","98.48","605"
"ethiopia","Jimma","2017-05","166.64","605"
"ethiopia","Jimma","2017-06","211.4","605"
"ethiopia","Jimma","2017-07","294.58","605"
"ethiopia","Jimma","2017-08","280.65","605"
"ethiopia","Jimma","2017-09","284.49","605"
"ethiopia","Jimma","2017-10","182.02","605"
"ethiopia","Jimma","2017-11","30.59","605"
"ethiopia","Jimma","2017-12","7.74","605"
"ethiopia","Jimma","2018-01","12.23","605"
"ethiopia","Jimma","2018-02","73.01","605"
"ethiopia","Jimma","2018-03","76.4","605"
"ethiopia","Jimma","2018-04","143.34","605"
"ethiopia","Jimma","2018-05","230.84","605"
"ethiopia","Jimma","2018-06","231.14","605"
"ethiopia","Jimma","2018-07","273.91","605"
"ethiopia","Jimma","2018-08","280.78","605"
"ethiopia","Jimma","2018-09","171.59","605"
"ethiopia","Jimma","2018-10","111.91","605"
"ethiopia","Jimma","2018-11","58.87","605"
"ethiopia","Jimma","2018-12","14.15","605"
"ethiopia","Jimma","2019-01","9.36","605"
"ethiopia","Jimma","2019-02","55.76","605"
"ethiopia","Jimma","2019-03","140.56","605"
"ethiopia","Jimma","2019-04","201.61","605"
"ethiopia","Jimma","2019-05","202.03","605"
"ethiopia","Jimma","2019-06","315.75","605"
"ethiopia","Jimma","2019-07","323.09","605"
"ethiopia","Jimma","2019-08","320.26","605"
"ethiopia","Jimma","2019-09","182.9","605"
"ethiopia","Jimma","2019-10","167.66","605"
"ethiopia","Jimma","2019-11","117.14","605"
"ethiopia","Jimma","2019-12","27.9","605"
"ethiopia","Jimma","2020-01","31.82","605"
"ethiopia","Jimma","2020-02","50.86","605"
"ethiopia","Jimma","2020-03","110.34","605"
"ethiopia","Jimma","2020-04","138.82","605"
"ethiopia","Jimma","2020-05","188.27","605"
"ethiopia","Jimma","2020-06","236.17","605"
"ethiopia","Jimma","2020-07","267.65","605"
"ethiopia","Jimma","2020-08","270.24","605"
"ethiopia","Jimma","2020-09","248.19","605"
"ethiopia","Jimma","2020-10","96.1","605"
"ethiopia","Jimma","2020-11","30.72","605"
"ethiopia","Jimma","2020-12","18.34","605"
"ethiopia","Jimma","2021-01","17.87","605"
"ethiopia","Jimma","2021-02","45.52","605"
"ethiopia","Jimma","2021-03","30.82","605"
"ethiopia","Jimma","2021-04","138.79","605"
"ethiopia","Jimma","2021-05","241.15","605"
"ethiopia","Jimma","2021-06","244.65","605"
"ethiopia","Jimma","2021-07","276.19","605"
"ethiopia","Jimma","2021-08","262.25","605"
"ethiopia","Jimma","2021-09","246.48","605"
"ethiopia","Jimma","2021-10","109.09","605"
"ethiopia","Jimma","2021-11","26.81","605"
"ethiopia","Jimma","2021-12","31.26","605"
"ethiopia","Jimma","2022-01","39.7","605"
"ethiopia","Jimma","2022-02","29.79","605"
"ethiopia","Jimma","2022-03","61.73","605"
"ethiopia","Jimma","2022-04","168.64","605"
"ethiopia","Jimma","2022-05","154.93","605"
"ethiopia","Jimma","2022-06","236.44","605"
"ethiopia","Jimma","2022-07","258.96","605"
"ethiopia","Jimma","2022-08","270.2","605"
"ethiopia","Jimma","2022-09","211.28","605"
"ethiopia","Jimma","2022-10","193.59","605"
"ethiopia","Jimma","2022-11","41.21","605"
"ethiopia","Jimma","2022-12","47.46","605"
"ethiopia","Jimma","2023-01","12.41","605"
"ethiopia","Jimma","2023-02","24.42","605"
"ethiopia","Jimma","2023-03","155.07","605"
"ethiopia","Jimma","2023-04","190.99","605"
"ethiopia","Jimma","2023-05","225.61","605"
"ethiopia","Jimma","2023-06","226.03","605"
"ethiopia","Jimma","2023-07","252.41","605"
"ethiopia","Jimma","2023-08","246.89","605"
"ethiopia","Jimma","2023-09","273.03","605"
"ethiopia","Jimma","2023-10","204.39","605"
"ethiopia","Jimma","2023-11","105.29","605"
"ethiopia","Jimma","2023-12","17.87","605"
"ethiopia","Jimma","2024-01","38.14","605"
"ethiopia","Jimma","2024-02","94.25","605"
"ethiopia","Jimma","2024-03","106.44","605"
"ethiopia","Jimma","2024-04","140.94","605"
"ethiopia","Jimma","2024-05","155.3","605"
"ethiopia","Jimma","2024-06","226.8","605"
"ethiopia","Jimma","2024-07","342.52","605"
"ethiopia","Jimma","2024-08","246.48","605"
"ethiopia","Jimma","2024-09","224.24","605"
"ethiopia","Jimma","2024-10","218.76","605"
"ethiopia","Jimma","2024-11","46.62","605"
"ethiopia","Jimma","2024-12","15.0","605"
"ethiopia","Jimma","2025-01","12.1","605"
"ethiopia","Jimma","2025-02","28.96","605"
"ethiopia","Jimma","2025-03","168.84","605"
"ethiopia","Jimma","2025-04","165.94","605"
"ethiopia","Jimma","2025-05","209.73","605"
"ethiopia","Jimma","2025-06","257.05","605"
"ethiopia","Jimma","2025-07","310.24","605"
"ethiopia","Jimma","2025-08","298.11","605"
"ethiopia","Jimma","2025-09","227.22","605"
"ethiopia","Jimma","2025-10","115.66","605"
"ethiopia","Jimma","2025-11","21.42","605"
"ethiopia","Jimma","2025-12","63.39","605"
"ethiopia","Jimma","2026-01","18.89","605"
"ethiopia","Jimma","2026-02","39.57","605"
"ethiopia","Jimma","2026-03","214.08","605"
"ethiopia","Jimma","2026-04","138.01","605"
"ethiopia","Jimma","2026-05","181.31","605"
"ethiopia","Jimma","2026-06","187.06","605"
"ethiopia","Jimma","2026-07","261.08","605"
"ethiopia","Jimma","2026-08","195.12","605"
"ethiopia","Sidama","1981-01","8.91","223"
"ethiopia","Sidama","1981-02","37.72","223"
"ethiopia","Sidama","1981-03","199.44","223"
"ethiopia","Sidama","1981-04","198.17","223"
"ethiopia","Sidama","1981-05","105.83","223"
"ethiopia","Sidama","1981-06","82.79","223"
"ethiopia","Sidama","1981-07","125.34","223"
"ethiopia","Sidama","1981-08","127.08","223"
"ethiopia","Sidama","1981-09","157.08","223"
"ethiopia","Sidama","1981-10","83.49","223"
"ethiopia","Sidama","1981-11","32.57","223"
"ethiopia","Sidama","1981-12","13.85","223"
"ethiopia","Sidama","1982-01","41.62","223"
"ethiopia","Sidama","1982-02","51.28","223"
"ethiopia","Sidama","1982-03","71.66","223"
"ethiopia","Sidama","1982-04","160.64","223"
"ethiopia","Sidama","1982-05","173.2","223"
"ethiopia","Sidama","1982-06","88.14","223"
"ethiopia","Sidama","1982-07","123.85","223"
"ethiopia","Sidama","1982-08","130.4","223"
"ethiopia","Sidama","1982-09","132.51","223"
"ethiopia","Sidama","1982-10","166.13","223"
"ethiopia","Sidama","1982-11","113.47","223"
"ethiopia","Sidama","1982-12","31.8","223"
"ethiopia","Sidama","1983-01","29.79","223"
"ethiopia","Sidama","1983-02","40.78","223"
"ethiopia","Sidama","1983-03","95.03","223"
"ethiopia","Sidama","1983-04","194.23","223"
"ethiopia","Sidama","1983-05","190.54","223"
"ethiopia","Sidama","1983-06","89.72","223"
"ethiopia","Sidama","1983-07","117.59","223"
"ethiopia","Sidama","1983-08","161.87","223"
"ethiopia","Sidama","1983-09","154.92","223"
"ethiopia","Sidama","1983-10","118.63","223"
"ethiopia","Sidama","1983-11","69.74","223"
"ethiopia","Sidama","1983-12","20.82","223"
"ethiopia","Sidama","1984-01","11.39","223"
"ethiopia","Sidama","1984-02","11.15","223"
"ethiopia","Sidama","1984-03","44.74","223"
"ethiopia","Sidama","1984-04","67.24","223"
"ethiopia","Sidama","1984-05","182.46","223"
"ethiopia","Sidama","1984-06","78.2","223"
"ethiopia","Sidama","1984-07","91.65","223"
"ethiopia","Sidama","1984-08","121.03","223"
"ethiopia","Sidama","1984-09","173.82","223"
"ethiopia","Sidama","1984-10","62.4","223"
"ethiopia","Sidama","1984-11","32.14","223"
"ethiopia","Sidama","1984-12","20.47","223"
"ethiopia","Sidama","1985-01","24.82","223"
"ethiopia","Sidama","1985-02","11.85","223"
"ethiopia","Sidama","1985-03","84.56","223"
"ethiopia","Sidama","1985-04","222.59","223"
"ethiopia","Sidama","1985-05","177.84","223"
"ethiopia","Sidama","1985-06","95.29","223"
"ethiopia","Sidama","1985-07","135.87","223"
"ethiopia","Sidama","1985-08","80.97","223"
"ethiopia","Sidama","1985-09","93.19","223"
"ethiopia","Sidama","1985-10","79.11","223"
"ethiopia","Sidama","1985-11","38.72","223"
"ethiopia","Sidama","1985-12","20.69","223"
"ethiopia","Sidama","1986-01","12.46","223"
"ethiopia","Sidama","1986-02","63.49","223"
"ethiopia","Sidama","1986-03","57.8","223"
"ethiopia","Sidama","1986-04","170.87","223"
"ethiopia","Sidama","1986-05","168.12","223"
"ethiopia","Sidama","1986-06","124.42","223"
"ethiopia","Sidama","1986-07","129.53","223"
"ethiopia","Sidama","1986-08","109.75","223"
"ethiopia","Sidama","1986-09","147.5","223"
"ethiopia","Sidama","1986-10","89.83","223"
"ethiopia","Sidama","1986-11","33.73","223"
"ethiopia","Sidama","1986-12","25.26","223"
"ethiopia","Sidama","1987-01","22.77","223"
"ethiopia","Sidama","1987-02","52.39","223"
"ethiopia","Sidama","1987-03","182.57","223"
"ethiopia","Sidama","1987-04","98.19","223"
"ethiopia","Sidama","1987-05","279.65","223"
"ethiopia","Sidama","1987-06","89.06","223"
"ethiopia","Sidama","1987-07","94.07","223"
"ethiopia","Sidama","1987-08","112.36","223"
"ethiopia","Sidama","1987-09","117.48","223"
"ethiopia","Sidama","1987-10","184.85","223"
"ethiopia","Sidama","1987-11","19.56","223"
"ethiopia","Sidama","1987-12","19.12","223"
"ethiopia","Sidama","1988-01","29.03","223"
"ethiopia","Sidama","1988-02","55.92","223"
"ethiopia","Sidama","1988-03","61.12","223"
"ethiopia","Sidama","1988-04","174.92","223"
"ethiopia","Sidama","1988-05","125.17","223"
"ethiopia","Sidama","1988-06","117.34","223"
"ethiopia","Sidama","1988-07","158.3","223"
"ethiopia","Sidama","1988-08","156.28","223"
"ethiopia","Sidama","1988-09","179.82","223"
"ethiopia","Sidama","1988-10","168.92","223"
"ethiopia","Sidama","1988-11","18.53","223"
"ethiopia","Sidama","1988-12","13.42","223"
"ethiopia","Sidama","1989-01","36.06","223"
"ethiopia","Sidama","1989-02","46.21","223"
"ethiopia","Sidama","1989-03","98.32","223"
"ethiopia","Sidama","1989-04","173.73","223"
"ethiopia","Sidama","1989-05","93.41","223"
"ethiopia","Sidama","1989-06","112.98","223"
"ethiopia","Sidama","1989-07","123.82","223"
"ethiopia","Sidama","1989-08","127.07","223"
"ethiopia","Sidama","1989-09","158.71","223"
"ethiopia","Sidama","1989-10","108.01","223"
"ethiopia","Sidama","1989-11","65.16","223"
"ethiopia","Sidama","1989-12","96.81","223"
"ethiopia","Sidama","1990-01","32.54","223"
"ethiopia","Sidama","1990-02","122.9","223"
"ethiopia","Sidama","1990-03","157.8","223"
"ethiopia","Sidama","1990-04","184.06","223"
"ethiopia","Sidama","1990-05","155.49","223"
"ethiopia","Sidama","1990-06","81.96","223"
"ethiopia","Sidama","1990-07","98.29","223"
"ethiopia","Sidama","1990-08","90.81","223"
"ethiopia","Sidama","1990-09","105.65","223"
"ethiopia","Sidama","1990-10","74.93","223"
"ethiopia","Sidama","1990-11","26.58","223"
"ethiopia","Sidama","1990-12","23.41","223"
"ethiopia","Sidama","1991-01","36.99","223"
"ethiopia","Sidama","1991-02","70.04","223"
"ethiopia","Sidama","1991-03","121.53","223"
"ethiopia","Sidama","1991-04","91.64","223"
"ethiopia","Sidama","1991-05","126.49","223"
"ethiopia","Sidama","1991-06","94.04","223"
"ethiopia","Sidama","1991-07","94.71","223"
"ethiopia","Sidama","1991-08","102.46","223"
"ethiopia","Sidama","1991-09","121.66","223"
"ethiopia","Sidama","1991-10","70.93","223"
"ethiopia","Sidama","1991-11","19.39","223"
"ethiopia","Sidama","1991-12","40.49","223"
"ethiopia","Sidama","1992-01","39.94","223"
"ethiopia","Sidama","1992-02","81.55","223"
"ethiopia","Sidama","1992-03","72.62","223"
"ethiopia","Sidama","1992-04","154.97","223"
"ethiopia","Sidama","1992-05","149.75","223"
"ethiopia","Sidama","1992-06","100.36","223"
"ethiopia","Sidama","1992-07","100.78","223"
"ethiopia","Sidama","1992-08","127.22","223"
"ethiopia","Sidama","1992-09","145.18","223"
"ethiopia","Sidama","1992-10","191.62","223"
"ethiopia","Sidama","1992-11","67.76","223"
"ethiopia","Sidama","1992-12","37.1","223"
"ethiopia","Sidama","1993-01","71.12","223"
"ethiopia","Sidama","1993-02","69.26","223"
"ethiopia","Sidama","1993-03","40.72","223"
"ethiopia","Sidama","1993-04","137.99","223"
"ethiopia","Sidama","1993-05","250.13","223"
"ethiopia","Sidama","1993-06","113.06","223"
"ethiopia","Sidama","1993-07","84.37","223"
"ethiopia","Sidama","1993-08","94.26","223"
"ethiopia","Sidama","1993-09","126.66","223"
"ethiopia","Sidama","1993-10","201.37","223"
"ethiopia","Sidama","1993-11","23.16","223"
"ethiopia","Sidama","1993-12","13.79","223"
"ethiopia","Sidama","1994-01","10.83","223"
"ethiopia","Sidama","1994-02","14.89","223"
"ethiopia","Sidama","1994-03","77.89","223"
"ethiopia","Sidama","1994-04","209.55","223"
"ethiopia","Sidama","1994-05","186.45","223"
"ethiopia","Sidama","1994-06","127.3","223"
"ethiopia","Sidama","1994-07","190.55","223"
"ethiopia","Sidama","1994-08","136.89","223"
"ethiopia","Sidama","1994-09","134.48","223"
"ethiopia","Sidama","1994-10","84.46","223"
"ethiopia","Sidama","1994-11","44.8","223"
"ethiopia","Sidama","1994-12","16.67","223"
"ethiopia","Sidama","1995-01","10.91","223"
"ethiopia","Sidama","1995-02","45.79","223"
"ethiopia","Sidama","1995-03","107.86","223"
"ethiopia","Sidama","1995-04","263.24","223"
"ethiopia","Sidama","1995-05","171.01","223"
"ethiopia","Sidama","1995-06","82.93","223"
"ethiopia","Sidama","1995-07","123.34","223"
"ethiopia","Sidama","1995-08","101.93","223"
"ethiopia","Sidama","1995-09","146.69","223"
"ethiopia","Sidama","1995-10","99.58","223"
"ethiopia","Sidama","1995-11","34.39","223"
"ethiopia","Sidama","1995-12","44.15","223"
"ethiopia","Sidama","1996-01","59.44","223"
"ethiopia","Sidama","1996-02","43.53","223"
"ethiopia","Sidama","1996-03","178.59","223"
"ethiopia","Sidama","1996-04","162.9","223"
"ethiopia","Sidama","1996-05","179.38","223"
"ethiopia","Sidama","1996-06","155.67","223"
"ethiopia","Sidama","1996-07","138.4","223"
"ethiopia","Sidama","1996-08","156.7","223"
"ethiopia","Sidama","1996-09","162.42","223"
"ethiopia","Sidama","1996-10","94.14","223"
"ethiopia","Sidama","1996-11","46.54","223"
"ethiopia","Sidama","1996-12","24.52","223"
"ethiopia","Sidama","1997-01","38.11","223"
"ethiopia","Sidama","1997-02","10.1","223"
"ethiopia","Sidama","1997-03","63.2","223"
"ethiopia","Sidama","1997-04","220.26","223"
"ethiopia","Sidama","1997-05","142.66","223"
"ethiopia","Sidama","1997-06","107.27","223"
"ethiopia","Sidama","1997-07","101.16","223"
"ethiopia","Sidama","1997-08","121.48","223"
"ethiopia","Sidama","1997-09","124.51","223"
"ethiopia","Sidama","1997-10","231.52","223"
"ethiopia","Sidama","1997-11","157.23","223"
"ethiopia","Sidama","1997-12","40.83","223"
"ethiopia","Sidama","1998-01","66.16","223"
"ethiopia","Sidama","1998-02","80.86","223"
"ethiopia","Sidama","1998-03","69.3","223"
"ethiopia","Sidama","1998-04","140.96","223"
"ethiopia","Sidama","1998-05","144.97","223"
"ethiopia","Sidama","1998-06","90.9","223"
"ethiopia","Sidama","1998-07","140.98","223"
"ethiopia","Sidama","1998-08","121.78","223"
"ethiopia","Sidama","1998-09","117.59","223"
"ethiopia","Sidama","1998-10","206.32","223"
"ethiopia","Sidama","1998-11","35.3","223"
"ethiopia","Sidama","1998-12","11.59","223"
"ethiopia","Sidama","1999-01","23.09","223"
"ethiopia","Sidama","1999-02","15.65","223"
"ethiopia","Sidama","1999-03","120.46","223"
"ethiopia","Sidama","1999-04","100.99","223"
"ethiopia","Sidama","1999-05","135.05","223"
"ethiopia","Sidama","1999-06","101.69","223"
"ethiopia","Sidama","1999-07","119.1","223"
"ethiopia","Sidama","1999-08","101.23","223"
"ethiopia","Sidama","1999-09","124.27","223"
"ethiopia","Sidama","1999-10","172.09","223"
"ethiopia","Sidama","1999-11","26.37","223"
"ethiopia","Sidama","1999-12","17.15","223"
"ethiopia","Sidama","2000-01","11.92","223"
"ethiopia","Sidama","2000-02","9.14","223"
"ethiopia","Sidama","2000-03","28.15","223"
"ethiopia","Sidama","2000-04","139.64","223"
"ethiopia","Sidama","2000-05","191.06","223"
"ethiopia","Sidama","2000-06","74.45","223"
"ethiopia","Sidama","2000-07","114.16","223"
"ethiopia","Sidama","2000-08","110.87","223"
"ethiopia","Sidama","2000-09","129.21","223"
"ethiopia","Sidama","2000-10","185.18","223"
"ethiopia","Sidama","2000-11","67.8","223"
"ethiopia","Sidama","2000-12","31.32","223"
"ethiopia","Sidama","2001-01","19.64","223"
"ethiopia","Sidama","2001-02","28.61","223"
"ethiopia","Sidama","2001-03","109.48","223"
"ethiopia","Sidama","2001-04","117.23","223"
"ethiopia","Sidama","2001-05","198.5","223"
"ethiopia","Sidama","2001-06","129.3","223"
"ethiopia","Sidama","2001-07","98.12","223"
"ethiopia","Sidama","2001-08","130.24","223"
"ethiopia","Sidama","2001-09","146.99","223"
"ethiopia","Sidama","2001-10","169.07","223"
"ethiopia","Sidama","2001-11","32.39","223"
"ethiopia","Sidama","2001-12","21.26","223"
"ethiopia","Sidama","2002-01","38.8","223"
"ethiopia","Sidama","2002-02","21.36","223"
"ethiopia","Sidama","2002-03","142.56","223"
"ethiopia","Sidama","2002-04","99.7","223"
"ethiopia","Sidama","2002-05","150.83","223"
"ethiopia","Sidama","2002-06","86.69","223"
"ethiopia","Sidama","2002-07","83.25","223"
"ethiopia","Sidama","2002-08","111.01","223"
"ethiopia","Sidama","2002-09","117.56","223"
"ethiopia","Sidama","2002-10","101.18","223"
"ethiopia","Sidama","2002-11","22.24","223"
"ethiopia","Sidama","2002-12","92.39","223"
"ethiopia","Sidama","2003-01","41.47","223"
"ethiopia","Sidama","2003-02","18.19","223"
"ethiopia","Sidama","2003-03","88.08","223"
"ethiopia","Sidama","2003-04","200.62","223"
"ethiopia","Sidama","2003-05","110.44","223"
"ethiopia","Sidama","2003-06","116.7","223"
"ethiopia","Sidama","2003-07","98.1","223"
"ethiopia","Sidama","2003-08","134.4","223"
"ethiopia","Sidama","2003-09","135.77","223"
"ethiopia","Sidama","2003-10","92.29","223"
"ethiopia","Sidama","2003-11","50.41","223"
"ethiopia","Sidama","2003-12","36.14","223"
"ethiopia","Sidama","2004-01","79.64","223"
"ethiopia","Sidama","2004-02","37.41","223"
"ethiopia","Sidama","2004-03","50.78","223"
"ethiopia","Sidama","2004-04","179.32","223"
"ethiopia","Sidama","2004-05","119.77","223"
"ethiopia","Sidama","2004-06","69.78","223"
"ethiopia","Sidama","2004-07","109.28","223"
"ethiopia","Sidama","2004-08","107.21","223"
"ethiopia","Sidama","2004-09","127.34","223"
"ethiopia","Sidama","2004-10","95.24","223"
"ethiopia","Sidama","2004-11","65.63","223"
"ethiopia","Sidama","2004-12","35.5","223"
"ethiopia","Sidama","2005-01","35.51","223"
"ethiopia","Sidama","2005-02","17.18","223"
"ethiopia","Sidama","2005-03","113.82","223"
"ethiopia","Sidama","2005-04","202.32","223"
"ethiopia","Sidama","2005-05","204.05","223"
"ethiopia","Sidama","2005-06","78.53","223"
"ethiopia","Sidama","2005-07","126.27","223"
"ethiopia","Sidama","2005-08","94.98","223"
"ethiopia","Sidama","2005-09","144.19","223"
"ethiopia","Sidama","2005-10","127.69","223"
"ethiopia","Sidama","2005-11","48.21","223"
"ethiopia","Sidama","2005-12","15.17","223"
"ethiopia","Sidama","2006-01","19.69","223"
"ethiopia","Sidama","2006-02","53.43","223"
"ethiopia","Sidama","2006-03","132.34","223"
"ethiopia","Sidama","2006-04","194.62","223"
"ethiopia","Sidama","2006-05","154.84","223"
"ethiopia","Sidama","2006-06","118.99","223"
"ethiopia","Sidama","2006-07","113.71","223"
"ethiopia","Sidama","2006-08","159.1","223"
"ethiopia","Sidama","2006-09","126.36","223"
"ethiopia","Sidama","2006-10","189.35","223"
"ethiopia","Sidama","2006-11","59.76","223"
"ethiopia","Sidama","2006-12","42.2","223"
"ethiopia","Sidama","2007-01","44.26","223"
"ethiopia","Sidama","2007-02","44.41","223"
"ethiopia","Sidama","2007-03","91.89","223"
"ethiopia","Sidama","2007-04","147.76","223"
"ethiopia","Sidama","2007-05","217.22","223"
"ethiopia","Sidama","2007-06","149.22","223"
"ethiopia","Sidama","2007-07","107.83","223"
"ethiopia","Sidama","2007-08","157.77","223"
"ethiopia","Sidama","2007-09","191.5","223"
"ethiopia","Sidama","2007-10","101.35","223"
"ethiopia","Sidama","2007-11","35.17","223"
"ethiopia","Sidama","2007-12","8.66","223"
"ethiopia","Sidama","2008-01","17.55","223"
"ethiopia","Sidama","2008-02","16.48","223"
"ethiopia","Sidama","2008-03","35.54","223"
"ethiopia","Sidama","2008-04","118.43","223"
"ethiopia","Sidama","2008-05","195.53","223"
"ethiopia","Sidama","2008-06","105.34","223"
"ethiopia","Sidama","2008-07","136.49","223"
"ethiopia","Sidama","2008-08","117.07","223"
"ethiopia","Sidama","2008-09","147.49","223"
"ethiopia","Sidama","2008-10","213.27","223"
"ethiopia","Sidama","2008-11","100.05","223"
"ethiopia","Sidama","2008-12","11.77","223"
"ethiopia","Sidama","2009-01","49.11","223"
"ethiopia","Sidama","2009-02","28.04","223"
"ethiopia","Sidama","2009-03","72.44","223"
"ethiopia","Sidama","2009-04","136.39","223"
"ethiopia","Sidama","2009-05","131.56","223"
"ethiopia","Sidama","2009-06","88.88","223"
"ethiopia","Sidama","2009-07","64.9","223"
"ethiopia","Sidama","2009-08","81.51","223"
"ethiopia","Sidama","2009-09","128.41","223"
"ethiopia","Sidama","2009-10","143.68","223"
"ethiopia","Sidama","2009-11","27.48","223"
"ethiopia","Sidama","2009-12","105.46","223"
"ethiopia","Sidama","2010-01","39.65","223"
"ethiopia","Sidama","2010-02","73.07","223"
"ethiopia","Sidama","2010-03","149.35","223"
"ethiopia","Sidama","2010-04","219.45","223"
"ethiopia","Sidama","2010-05","197.66","223"
"ethiopia","Sidama","2010-06","113.95","223"
"ethiopia","Sidama","2010-07","115.69","223"
"ethiopia","Sidama","2010-08","127.73","223"
"ethiopia","Sidama","2010-09","163.11","223"
"ethiopia","Sidama","2010-10","101.48","223"
"ethiopia","Sidama","2010-11","22.37","223"
"ethiopia","Sidama","2010-12","25.13","223"
"ethiopia","Sidama","2011-01","19.16","223"
"ethiopia","Sidama","2011-02","23.39","223"
"ethiopia","Sidama","2011-03","49.02","223"
"ethiopia","Sidama","2011-04","88.7","223"
"ethiopia","Sidama","2011-05","265.99","223"
"ethiopia","Sidama","2011-06","120.27","223"
"ethiopia","Sidama","2011-07","145.81","223"
"ethiopia","Sidama","2011-08","151.65","223"
"ethiopia","Sidama","2011-09","150.39","223"
"ethiopia","Sidama","2011-10","122.85","223"
"ethiopia","Sidama","2011-11","135.48","223"
"ethiopia","Sidama","2011-12","11.55","223"
"ethiopia","Sidama","2012-01","13.8","223"
"ethiopia","Sidama","2012-02","10.88","223"
"ethiopia","Sidama","2012-03","38.42","223"
"ethiopia","Sidama","2012-04","199.65","223"
"ethiopia","Sidama","2012-05","143.06","223"
"ethiopia","Sidama","2012-06","98.85","223"
"ethiopia","Sidama","2012-07","148.26","223"
"ethiopia","Sidama","2012-08","132.81","223"
"ethiopia","Sidama","2012-09","164.77","223"
"ethiopia","Sidama","2012-10","97.07","223"
"ethiopia","Sidama","2012-11","56.2","223"
"ethiopia","Sidama","2012-12","19.85","223"
"ethiopia","Sidama","2013-01","32.99","223"
"ethiopia","Sidama","2013-02","17.56","223"
"ethiopia","Sidama","2013-03","103.42","223"
"ethiopia","Sidama","2013-04","188.91","223"
"ethiopia","Sidama","2013-05","161.17","223"
"ethiopia","Sidama","2013-06","115.3","223"
"ethiopia","Sidama","2013-07","152.01","223"
"ethiopia","Sidama","2013-08","153.38","223"
"ethiopia","Sidama","2013-09","142.14","223"
"ethiopia","Sidama","2013-10","145.37","223"
"ethiopia","Sidama","2013-11","68.29","223"
"ethiopia","Sidama","2013-12","8.52","223"
"ethiopia","Sidama","2014-01","19.74","223"
"ethiopia","Sidama","2014-02","47.22","223"
"ethiopia","Sidama","2014-03","124.21","223"
"ethiopia","Sidama","2014-04","113.17","223"
"ethiopia","Sidama","2014-05","216.44","223"
"ethiopia","Sidama","2014-06","88.18","223"
"ethiopia","Sidama","2014-07","101.92","223"
"ethiopia","Sidama","2014-08","193.59","223"
"ethiopia","Sidama","2014-09","153.92","223"
"ethiopia","Sidama","2014-10","155.11","223"
"ethiopia","Sidama","2014-11","48.17","223"
"ethiopia","Sidama","2014-12","23.77","223"
"ethiopia","Sidama","2015-01","24.73","223"
"ethiopia","Sidama","2015-02","28.83","223"
"ethiopia","Sidama","2015-03","81.76","223"
"ethiopia","Sidama","2015-04","171.18","223"
"ethiopia","Sidama","2015-05","143.54","223"
"ethiopia","Sidama","2015-06","130.72","223"
"ethiopia","Sidama","2015-07","178.96","223"
"ethiopia","Sidama","2015-08","91.22","223"
"ethiopia","Sidama","2015-09","128.35","223"
"ethiopia","Sidama","2015-10","163.75","223"
"ethiopia","Sidama","2015-11","75.22","223"
"ethiopia","Sidama","2015-12","23.53","223"
"ethiopia","Sidama","2016-01","26.57","223"
"ethiopia","Sidama","2016-02","33.91","223"
"ethiopia","Sidama","2016-03","58.48","223"
"ethiopia","Sidama","2016-04","258.1","223"
"ethiopia","Sidama","2016-05","135.01","223"
"ethiopia","Sidama","2016-06","108.47","223"
"ethiopia","Sidama","2016-07","89.65","223"
"ethiopia","Sidama","2016-08","127.97","223"
"ethiopia","Sidama","2016-09","84.01","223"
"ethiopia","Sidama","2016-10","163.51","223"
"ethiopia","Sidama","2016-11","73.92","223"
"ethiopia","Sidama","2016-12","19.72","223"
"ethiopia","Sidama","2017-01","11.88","223"
"ethiopia","Sidama","2017-02","50.05","223"
"ethiopia","Sidama","2017-03","77.71","223"
"ethiopia","Sidama","2017-04","105.38","223"
"ethiopia","Sidama","2017-05","189.96","223"
"ethiopia","Sidama","2017-06","75.39","223"
"ethiopia","Sidama","2017-07","150.75","223"
"ethiopia","Sidama","2017-08","169.44","223"
"ethiopia","Sidama","2017-09","198.09","223"
"ethiopia","Sidama","2017-10","202.54","223"
"ethiopia","Sidama","2017-11","43.87","223"
"ethiopia","Sidama","2017-12","8.47","223"
"ethiopia","Sidama","2018-01","11.46","223"
"ethiopia","Sidama","2018-02","90.61","223"
"ethiopia","Sidama","2018-03","121.61","223"
"ethiopia","Sidama","2018-04","286.81","223"
"ethiopia","Sidama","2018-05","162.6","223"
"ethiopia","Sidama","2018-06","152.03","223"
"ethiopia","Sidama","2018-07","50.78","223"
"ethiopia","Sidama","2018-08","146.45","223"
"ethiopia","Sidama","2018-09","133.76","223"
"ethiopia","Sidama","2018-10","139.62","223"
"ethiopia","Sidama","2018-11","116.98","223"
"ethiopia","Sidama","2018-12","12.58","223"
"ethiopia","Sidama","2019-01","12.21","223"
"ethiopia","Sidama","2019-02","23.34","223"
"ethiopia","Sidama","2019-03","51.75","223"
"ethiopia","Sidama","2019-04","160.97","223"
"ethiopia","Sidama","2019-05","222.03","223"
"ethiopia","Sidama","2019-06","158.29","223"
"ethiopia","Sidama","2019-07","171.23","223"
"ethiopia","Sidama","2019-08","140.5","223"
"ethiopia","Sidama","2019-09","151.59","223"
"ethiopia","Sidama","2019-10","212.56","223"
"ethiopia","Sidama","2019-11","100.59","223"
"ethiopia","Sidama","2019-12","24.93","223"
"ethiopia","Sidama","2020-01","36.86","223"
"ethiopia","Sidama","2020-02","43.63","223"
"ethiopia","Sidama","2020-03","119.44","223"
"ethiopia","Sidama","2020-04","177.38","223"
"ethiopia","Sidama","2020-05","162.41","223"
"ethiopia","Sidama","2020-06","119.84","223"
"ethiopia","Sidama","2020-07","133.66","223"
"ethiopia","Sidama","2020-08","174.81","223"
"ethiopia","Sidama","2020-09","151.03","223"
"ethiopia","Sidama","2020-10","180.03","223"
"ethiopia","Sidama","2020-11","43.34","223"
"ethiopia","Sidama","2020-12","16.06","223"
"ethiopia","Sidama","2021-01","14.42","223"
"ethiopia","Sidama","2021-02","28.82","223"
"ethiopia","Sidama","2021-03","40.67","223"
"ethiopia","Sidama","2021-04","208.16","223"
"ethiopia","Sidama","2021-05","134.27","223"
"ethiopia","Sidama","2021-06","61.85","223"
"ethiopia","Sidama","2021-07","96.84","223"
"ethiopia","Sidama","2021-08","115.45","223"
"ethiopia","Sidama","2021-09","152.87","223"
"ethiopia","Sidama","2021-10","123.25","223"
"ethiopia","Sidama","2021-11","46.95","223"
"ethiopia","Sidama","2021-12","13.92","223"
"ethiopia","Sidama","2022-01","61.53","223"
"ethiopia","Sidama","2022-02","36.41","223"
"ethiopia","Sidama","2022-03","64.46","223"
"ethiopia","Sidama","2022-04","126.88","223"
"ethiopia","Sidama","2022-05","79.88","223"
"ethiopia","Sidama","2022-06","76.67","223"
"ethiopia","Sidama","2022-07","74.94","223"
"ethiopia","Sidama","2022-08","127.95","223"
"ethiopia","Sidama","2022-09","144.42","223"
"ethiopia","Sidama","2022-10","163.46","223"
"ethiopia","Sidama","2022-11","54.01","223"
"ethiopia","Sidama","2022-12","20.67","223"
"ethiopia","Sidama","2023-01","16.86","223"
"ethiopia","Sidama","2023-02","20.31","223"
"ethiopia","Sidama","2023-03","190.35","223"
"ethiopia","Sidama","2023-04","179.88","223"
"ethiopia","Sidama","2023-05","171.35","223"
"ethiopia","Sidama","2023-06","94.2","223"
"ethiopia","Sidama","2023-07","79.33","223"
"ethiopia","Sidama","2023-08","78.2","223"
"ethiopia","Sidama","2023-09","167.96","223"
"ethiopia","Sidama","2023-10","196.8","223"
"ethiopia","Sidama","2023-11","109.64","223"
"ethiopia","Sidama","2023-12","17.47","223"
"ethiopia","Sidama","2024-01","34.04","223"
"ethiopia","Sidama","2024-02","52.88","223"
"ethiopia","Sidama","2024-03","90.27","223"
"ethiopia","Sidama","2024-04","236.47","223"
"ethiopia","Sidama","2024-05","181.51","223"
"ethiopia","Sidama","2024-06","67.64","223"
"ethiopia","Sidama","2024-07","180.32","223"
"ethiopia","Sidama","2024-08","168.7","223"
"ethiopia","Sidama","2024-09","123.18","223"
"ethiopia","Sidama","2024-10","208.27","223"
"ethiopia","Sidama","2024-11","35.84","223"
"ethiopia","Sidama","2024-12","8.86","223"
"ethiopia","Sidama","2025-01","11.34","223"
"ethiopia","Sidama","2025-02","14.67","223"
"ethiopia","Sidama","2025-03","125.02","223"
"ethiopia","Sidama","2025-04","139.95","223"
"ethiopia","Sidama","2025-05","155.76","223"
"ethiopia","Sidama","2025-06","106.68","223"
"ethiopia","Sidama","2025-07","108.82","223"
"ethiopia","Sidama","2025-08","192.47","223"
"ethiopia","Sidama","2025-09","164.9","223"
"ethiopia","Sidama","2025-10","131.84","223"
"ethiopia","Sidama","2025-11","26.22","223"
"ethiopia","Sidama","2025-12","56.9","223"
"ethiopia","Sidama","2026-01","16.5","223"
"ethiopia","Sidama","2026-02","21.46","223"
"ethiopia","Sidama","2026-03","240.09","223"
"ethiopia","Sidama","2026-04","155.5","223"
"ethiopia","Sidama","2026-05","147.09","223"
"ethiopia","Sidama","2026-06","88.76","223"
"ethiopia","Sidama","2026-07","71.88","223"
"ethiopia","Sidama","2026-08","57.4","223"
"vietnam","Dak Lak","1981-01","15.12","437"
"vietnam","Dak Lak","1981-02","7.59","437"
"vietnam","Dak Lak","1981-03","16.07","437"
"vietnam","Dak Lak","1981-04","100.55","437"
"vietnam","Dak Lak","1981-05","224.19","437"
"vietnam","Dak Lak","1981-06","250.53","437"
"vietnam","Dak Lak","1981-07","310.06","437"
"vietnam","Dak Lak","1981-08","272.52","437"
"vietnam","Dak Lak","1981-09","248.09","437"
"vietnam","Dak Lak","1981-10","346.1","437"
"vietnam","Dak Lak","1981-11","233.59","437"
"vietnam","Dak Lak","1981-12","56.92","437"
"vietnam","Dak Lak","1982-01","6.43","437"
"vietnam","Dak Lak","1982-02","11.35","437"
"vietnam","Dak Lak","1982-03","41.98","437"
"vietnam","Dak Lak","1982-04","95.17","437"
"vietnam","Dak Lak","1982-05","147.06","437"
"vietnam","Dak Lak","1982-06","277.84","437"
"vietnam","Dak Lak","1982-07","195.21","437"
"vietnam","Dak Lak","1982-08","182.33","437"
"vietnam","Dak Lak","1982-09","236.74","437"
"vietnam","Dak Lak","1982-10","124.16","437"
"vietnam","Dak Lak","1982-11","36.14","437"
"vietnam","Dak Lak","1982-12","11.54","437"
"vietnam","Dak Lak","1983-01","7.96","437"
"vietnam","Dak Lak","1983-02","8.26","437"
"vietnam","Dak Lak","1983-03","20.47","437"
"vietnam","Dak Lak","1983-04","38.24","437"
"vietnam","Dak Lak","1983-05","163.99","437"
"vietnam","Dak Lak","1983-06","240.62","437"
"vietnam","Dak Lak","1983-07","324.61","437"
"vietnam","Dak Lak","1983-08","343.59","437"
"vietnam","Dak Lak","1983-09","269.07","437"
"vietnam","Dak Lak","1983-10","367.27","437"
"vietnam","Dak Lak","1983-11","73.72","437"
"vietnam","Dak Lak","1983-12","11.08","437"
"vietnam","Dak Lak","1984-01","8.09","437"
"vietnam","Dak Lak","1984-02","11.59","437"
"vietnam","Dak Lak","1984-03","59.94","437"
"vietnam","Dak Lak","1984-04","131.81","437"
"vietnam","Dak Lak","1984-05","270.55","437"
"vietnam","Dak Lak","1984-06","246.78","437"
"vietnam","Dak Lak","1984-07","299.04","437"
"vietnam","Dak Lak","1984-08","282.36","437"
"vietnam","Dak Lak","1984-09","198.26","437"
"vietnam","Dak Lak","1984-10","328.17","437"
"vietnam","Dak Lak","1984-11","121.79","437"
"vietnam","Dak Lak","1984-12","19.87","437"
"vietnam","Dak Lak","1985-01","6.48","437"
"vietnam","Dak Lak","1985-02","12.52","437"
"vietnam","Dak Lak","1985-03","36.5","437"
"vietnam","Dak Lak","1985-04","126.53","437"
"vietnam","Dak Lak","1985-05","166.25","437"
"vietnam","Dak Lak","1985-06","241.36","437"
"vietnam","Dak Lak","1985-07","265.5","437"
"vietnam","Dak Lak","1985-08","153.73","437"
"vietnam","Dak Lak","1985-09","271.37","437"
"vietnam","Dak Lak","1985-10","214.95","437"
"vietnam","Dak Lak","1985-11","137.48","437"
"vietnam","Dak Lak","1985-12","25.3","437"
"vietnam","Dak Lak","1986-01","6.33","437"
"vietnam","Dak Lak","1986-02","8.5","437"
"vietnam","Dak Lak","1986-03","30.02","437"
"vietnam","Dak Lak","1986-04","55.25","437"
"vietnam","Dak Lak","1986-05","207.83","437"
"vietnam","Dak Lak","1986-06","93.77","437"
"vietnam","Dak Lak","1986-07","297.49","437"
"vietnam","Dak Lak","1986-08","311.86","437"
"vietnam","Dak Lak","1986-09","229.45","437"
"vietnam","Dak Lak","1986-10","276.55","437"
"vietnam","Dak Lak","1986-11","103.63","437"
"vietnam","Dak Lak","1986-12","44.79","437"
"vietnam","Dak Lak","1987-01","6.18","437"
"vietnam","Dak Lak","1987-02","8.01","437"
"vietnam","Dak Lak","1987-03","29.06","437"
"vietnam","Dak Lak","1987-04","31.11","437"
"vietnam","Dak Lak","1987-05","143.5","437"
"vietnam","Dak Lak","1987-06","214.99","437"
"vietnam","Dak Lak","1987-07","208.78","437"
"vietnam","Dak Lak","1987-08","445.2","437"
"vietnam","Dak Lak","1987-09","198.82","437"
"vietnam","Dak Lak","1987-10","99.94","437"
"vietnam","Dak Lak","1987-11","222.53","437"
"vietnam","Dak Lak","1987-12","11.01","437"
"vietnam","Dak Lak","1988-01","7.44","437"
"vietnam","Dak Lak","1988-02","12.7","437"
"vietnam","Dak Lak","1988-03","14.63","437"
"vietnam","Dak Lak","1988-04","61.88","437"
"vietnam","Dak Lak","1988-05","166.82","437"
"vietnam","Dak Lak","1988-06","124.07","437"
"vietnam","Dak Lak","1988-07","240.59","437"
"vietnam","Dak Lak","1988-08","150.67","437"
"vietnam","Dak Lak","1988-09","292.64","437"
"vietnam","Dak Lak","1988-10","334.51","437"
"vietnam","Dak Lak","1988-11","102.92","437"
"vietnam","Dak Lak","1988-12","9.85","437"
"vietnam","Dak Lak","1989-01","6.01","437"
"vietnam","Dak Lak","1989-02","10.94","437"
"vietnam","Dak Lak","1989-03","31.12","437"
"vietnam","Dak Lak","1989-04","56.23","437"
"vietnam","Dak Lak","1989-05","326.01","437"
"vietnam","Dak Lak","1989-06","228.46","437"
"vietnam","Dak Lak","1989-07","385.36","437"
"vietnam","Dak Lak","1989-08","325.72","437"
"vietnam","Dak Lak","1989-09","267.53","437"
"vietnam","Dak Lak","1989-10","150.25","437"
"vietnam","Dak Lak","1989-11","31.97","437"
"vietnam","Dak Lak","1989-12","8.6","437"
"vietnam","Dak Lak","1990-01","5.42","437"
"vietnam","Dak Lak","1990-02","8.71","437"
"vietnam","Dak Lak","1990-03","21.29","437"
"vietnam","Dak Lak","1990-04","71.04","437"
"vietnam","Dak Lak","1990-05","177.99","437"
"vietnam","Dak Lak","1990-06","310.97","437"
"vietnam","Dak Lak","1990-07","295.55","437"
"vietnam","Dak Lak","1990-08","384.52","437"
"vietnam","Dak Lak","1990-09","213.3","437"
"vietnam","Dak Lak","1990-10","320.88","437"
"vietnam","Dak Lak","1990-11","156.78","437"
"vietnam","Dak Lak","1990-12","8.31","437"
"vietnam","Dak Lak","1991-01","5.39","437"
"vietnam","Dak Lak","1991-02","8.03","437"
"vietnam","Dak Lak","1991-03","29.77","437"
"vietnam","Dak Lak","1991-04","33.89","437"
"vietnam","Dak Lak","1991-05","145.47","437"
"vietnam","Dak Lak","1991-06","182.81","437"
"vietnam","Dak Lak","1991-07","221.41","437"
"vietnam","Dak Lak","1991-08","236.45","437"
"vietnam","Dak Lak","1991-09","322.13","437"
"vietnam","Dak Lak","1991-10","301.54","437"
"vietnam","Dak Lak","1991-11","70.22","437"
"vietnam","Dak Lak","1991-12","12.05","437"
"vietnam","Dak Lak","1992-01","6.57","437"
"vietnam","Dak Lak","1992-02","8.32","437"
"vietnam","Dak Lak","1992-03","15.29","437"
"vietnam","Dak Lak","1992-04","104.89","437"
"vietnam","Dak Lak","1992-05","215.83","437"
"vietnam","Dak Lak","1992-06","395.75","437"
"vietnam","Dak Lak","1992-07","378.82","437"
"vietnam","Dak Lak","1992-08","295.69","437"
"vietnam","Dak Lak","1992-09","204.11","437"
"vietnam","Dak Lak","1992-10","262.48","437"
"vietnam","Dak Lak","1992-11","37.22","437"
"vietnam","Dak Lak","1992-12","12.11","437"
"vietnam","Dak Lak","1993-01","5.83","437"
"vietnam","Dak Lak","1993-02","14.29","437"
"vietnam","Dak Lak","1993-03","50.08","437"
"vietnam","Dak Lak","1993-04","59.84","437"
"vietnam","Dak Lak","1993-05","233.26","437"
"vietnam","Dak Lak","1993-06","251.09","437"
"vietnam","Dak Lak","1993-07","133.5","437"
"vietnam","Dak Lak","1993-08","226.86","437"
"vietnam","Dak Lak","1993-09","281.89","437"
"vietnam","Dak Lak","1993-10","277.6","437"
"vietnam","Dak Lak","1993-11","115.48","437"
"vietnam","Dak Lak","1993-12","102.53","437"
"vietnam","Dak Lak","1994-01","6.53","437"
"vietnam","Dak Lak","1994-02","10.6","437"
"vietnam","Dak Lak","1994-03","15.76","437"
"vietnam","Dak Lak","1994-04","39.9","437"
"vietnam","Dak Lak","1994-05","191.5","437"
"vietnam","Dak Lak","1994-06","229.31","437"
"vietnam","Dak Lak","1994-07","215.59","437"
"vietnam","Dak Lak","1994-08","345.28","437"
"vietnam","Dak Lak","1994-09","375.05","437"
"vietnam","Dak Lak","1994-10","177.11","437"
"vietnam","Dak Lak","1994-11","26.75","437"
"vietnam","Dak Lak","1994-12","41.29","437"
"vietnam","Dak Lak","1995-01","8.88","437"
"vietnam","Dak Lak","1995-02","8.36","437"
"vietnam","Dak Lak","1995-03","44.53","437"
"vietnam","Dak Lak","1995-04","29.22","437"
"vietnam","Dak Lak","1995-05","185.36","437"
"vietnam","Dak Lak","1995-06","136.35","437"
"vietnam","Dak Lak","1995-07","339.69","437"
"vietnam","Dak Lak","1995-08","258.96","437"
"vietnam","Dak Lak","1995-09","308.22","437"
"vietnam","Dak Lak","1995-10","216.33","437"
"vietnam","Dak Lak","1995-11","155.19","437"
"vietnam","Dak Lak","1995-12","38.63","437"
"vietnam","Dak Lak","1996-01","7.38","437"
"vietnam","Dak Lak","1996-02","8.92","437"
"vietnam","Dak Lak","1996-03","21.04","437"
"vietnam","Dak Lak","1996-04","118.42","437"
"vietnam","Dak Lak","1996-05","266.48","437"
"vietnam","Dak Lak","1996-06","191.89","437"
"vietnam","Dak Lak","1996-07","374.63","437"
"vietnam","Dak Lak","1996-08","274.05","437"
"vietnam","Dak Lak","1996-09","325.28","437"
"vietnam","Dak Lak","1996-10","249.32","437"
"vietnam","Dak Lak","1996-11","303.02","437"
"vietnam","Dak Lak","1996-12","38.08","437"
"vietnam","Dak Lak","1997-01","5.53","437"
"vietnam","Dak Lak","1997-02","14.6","437"
"vietnam","Dak Lak","1997-03","14.78","437"
"vietnam","Dak Lak","1997-04","80.23","437"
"vietnam","Dak Lak","1997-05","158.75","437"
"vietnam","Dak Lak","1997-06","70.05","437"
"vietnam","Dak Lak","1997-07","326.58","437"
"vietnam","Dak Lak","1997-08","255.18","437"
"vietnam","Dak Lak","1997-09","313.66","437"
"vietnam","Dak Lak","1997-10","83.68","437"
"vietnam","Dak Lak","1997-11","44.8","437"
"vietnam","Dak Lak","1997-12","8.45","437"
"vietnam","Dak Lak","1998-01","5.21","437"
"vietnam","Dak Lak","1998-02","11.68","437"
"vietnam","Dak Lak","1998-03","10.5","437"
"vietnam","Dak Lak","1998-04","64.84","437"
"vietnam","Dak Lak","1998-05","166.95","437"
"vietnam","Dak Lak","1998-06","184.93","437"
"vietnam","Dak Lak","1998-07","255.99","437"
"vietnam","Dak Lak","1998-08","372.85","437"
"vietnam","Dak Lak","1998-09","307.71","437"
"vietnam","Dak Lak","1998-10","167.8","437"
"vietnam","Dak Lak","1998-11","323.62","437"
"vietnam","Dak Lak","1998-12","54.47","437"
"vietnam","Dak Lak","1999-01","25.76","437"
"vietnam","Dak Lak","1999-02","9.04","437"
"vietnam","Dak Lak","1999-03","28.7","437"
"vietnam","Dak Lak","1999-04","164.65","437"
"vietnam","Dak Lak","1999-05","269.23","437"
"vietnam","Dak Lak","1999-06","273.36","437"
"vietnam","Dak Lak","1999-07","236.7","437"
"vietnam","Dak Lak","1999-08","234.83","437"
"vietnam","Dak Lak","1999-09","225.2","437"
"vietnam","Dak Lak","1999-10","272.73","437"
"vietnam","Dak Lak","1999-11","147.71","437"
"vietnam","Dak Lak","1999-12","75.86","437"
"vietnam","Dak Lak","2000-01","12.95","437"
"vietnam","Dak Lak","2000-02","8.69","437"
"vietnam","Dak Lak","2000-03","22.15","437"
"vietnam","Dak Lak","2000-04","181.4","437"
"vietnam","Dak Lak","2000-05","487.71","437"
"vietnam","Dak Lak","2000-06","243.04","437"
"vietnam","Dak Lak","2000-07","271.74","437"
"vietnam","Dak Lak","2000-08","536.3","437"
"vietnam","Dak Lak","2000-09","243.71","437"
"vietnam","Dak Lak","2000-10","428.85","437"
"vietnam","Dak Lak","2000-11","229.84","437"
"vietnam","Dak Lak","2000-12","166.95","437"
"vietnam","Dak Lak","2001-01","23.36","437"
"vietnam","Dak Lak","2001-02","8.22","437"
"vietnam","Dak Lak","2001-03","103.62","437"
"vietnam","Dak Lak","2001-04","54.0","437"
"vietnam","Dak Lak","2001-05","166.08","437"
"vietnam","Dak Lak","2001-06","232.33","437"
"vietnam","Dak Lak","2001-07","171.13","437"
"vietnam","Dak Lak","2001-08","445.77","437"
"vietnam","Dak Lak","2001-09","281.01","437"
"vietnam","Dak Lak","2001-10","224.85","437"
"vietnam","Dak Lak","2001-11","100.46","437"
"vietnam","Dak Lak","2001-12","20.6","437"
"vietnam","Dak Lak","2002-01","3.92","437"
"vietnam","Dak Lak","2002-02","9.4","437"
"vietnam","Dak Lak","2002-03","24.67","437"
"vietnam","Dak Lak","2002-04","63.31","437"
"vietnam","Dak Lak","2002-05","184.71","437"
"vietnam","Dak Lak","2002-06","179.21","437"
"vietnam","Dak Lak","2002-07","209.52","437"
"vietnam","Dak Lak","2002-08","741.9","437"
"vietnam","Dak Lak","2002-09","398.43","437"
"vietnam","Dak Lak","2002-10","139.79","437"
"vietnam","Dak Lak","2002-11","212.16","437"
"vietnam","Dak Lak","2002-12","31.19","437"
"vietnam","Dak Lak","2003-01","3.95","437"
"vietnam","Dak Lak","2003-02","5.45","437"
"vietnam","Dak Lak","2003-03","22.18","437"
"vietnam","Dak Lak","2003-04","44.91","437"
"vietnam","Dak Lak","2003-05","311.14","437"
"vietnam","Dak Lak","2003-06","211.31","437"
"vietnam","Dak Lak","2003-07","311.28","437"
"vietnam","Dak Lak","2003-08","366.64","437"
"vietnam","Dak Lak","2003-09","241.07","437"
"vietnam","Dak Lak","2003-10","271.53","437"
"vietnam","Dak Lak","2003-11","140.44","437"
"vietnam","Dak Lak","2003-12","43.92","437"
"vietnam","Dak Lak","2004-01","5.03","437"
"vietnam","Dak Lak","2004-02","4.4","437"
"vietnam","Dak Lak","2004-03","22.12","437"
"vietnam","Dak Lak","2004-04","36.67","437"
"vietnam","Dak Lak","2004-05","272.58","437"
"vietnam","Dak Lak","2004-06","312.31","437"
"vietnam","Dak Lak","2004-07","275.64","437"
"vietnam","Dak Lak","2004-08","290.54","437"
"vietnam","Dak Lak","2004-09","229.45","437"
"vietnam","Dak Lak","2004-10","85.56","437"
"vietnam","Dak Lak","2004-11","38.35","437"
"vietnam","Dak Lak","2004-12","10.95","437"
"vietnam","Dak Lak","2005-01","3.65","437"
"vietnam","Dak Lak","2005-02","5.13","437"
"vietnam","Dak Lak","2005-03","27.11","437"
"vietnam","Dak Lak","2005-04","48.22","437"
"vietnam","Dak Lak","2005-05","402.62","437"
"vietnam","Dak Lak","2005-06","126.52","437"
"vietnam","Dak Lak","2005-07","211.43","437"
"vietnam","Dak Lak","2005-08","230.55","437"
"vietnam","Dak Lak","2005-09","326.89","437"
"vietnam","Dak Lak","2005-10","320.32","437"
"vietnam","Dak Lak","2005-11","171.43","437"
"vietnam","Dak Lak","2005-12","122.54","437"
"vietnam","Dak Lak","2006-01","13.71","437"
"vietnam","Dak Lak","2006-02","11.55","437"
"vietnam","Dak Lak","2006-03","32.52","437"
"vietnam","Dak Lak","2006-04","102.44","437"
"vietnam","Dak Lak","2006-05","209.49","437"
"vietnam","Dak Lak","2006-06","193.3","437"
"vietnam","Dak Lak","2006-07","247.57","437"
"vietnam","Dak Lak","2006-08","251.37","437"
"vietnam","Dak Lak","2006-09","300.78","437"
"vietnam","Dak Lak","2006-10","120.93","437"
"vietnam","Dak Lak","2006-11","41.97","437"
"vietnam","Dak Lak","2006-12","25.75","437"
"vietnam","Dak Lak","2007-01","15.55","437"
"vietnam","Dak Lak","2007-02","4.96","437"
"vietnam","Dak Lak","2007-03","31.33","437"
"vietnam","Dak Lak","2007-04","68.5","437"
"vietnam","Dak Lak","2007-05","421.63","437"
"vietnam","Dak Lak","2007-06","176.3","437"
"vietnam","Dak Lak","2007-07","166.85","437"
"vietnam","Dak Lak","2007-08","540.93","437"
"vietnam","Dak Lak","2007-09","262.9","437"
"vietnam","Dak Lak","2007-10","405.34","437"
"vietnam","Dak Lak","2007-11","363.8","437"
"vietnam","Dak Lak","2007-12","16.78","437"
"vietnam","Dak Lak","2008-01","19.37","437"
"vietnam","Dak Lak","2008-02","16.85","437"
"vietnam","Dak Lak","2008-03","32.53","437"
"vietnam","Dak Lak","2008-04","68.99","437"
"vietnam","Dak Lak","2008-05","317.21","437"
"vietnam","Dak Lak","2008-06","164.8","437"
"vietnam","Dak Lak","2008-07","214.2","437"
"vietnam","Dak Lak","2008-08","315.66","437"
"vietnam","Dak Lak","2008-09","325.79","437"
"vietnam","Dak Lak","2008-10","246.05","437"
"vietnam","Dak Lak","2008-11","240.32","437"
"vietnam","Dak Lak","2008-12","77.01","437"
"vietnam","Dak Lak","2009-01","14.8","437"
"vietnam","Dak Lak","2009-02","10.1","437"
"vietnam","Dak Lak","2009-03","68.08","437"
"vietnam","Dak Lak","2009-04","337.84","437"
"vietnam","Dak Lak","2009-05","422.56","437"
"vietnam","Dak Lak","2009-06","168.18","437"
"vietnam","Dak Lak","2009-07","279.31","437"
"vietnam","Dak Lak","2009-08","362.28","437"
"vietnam","Dak Lak","2009-09","324.89","437"
"vietnam","Dak Lak","2009-10","181.37","437"
"vietnam","Dak Lak","2009-11","131.72","437"
"vietnam","Dak Lak","2009-12","16.3","437"
"vietnam","Dak Lak","2010-01","20.12","437"
"vietnam","Dak Lak","2010-02","4.71","437"
"vietnam","Dak Lak","2010-03","16.93","437"
"vietnam","Dak Lak","2010-04","73.6","437"
"vietnam","Dak Lak","2010-05","172.86","437"
"vietnam","Dak Lak","2010-06","314.09","437"
"vietnam","Dak Lak","2010-07","553.67","437"
"vietnam","Dak Lak","2010-08","407.42","437"
"vietnam","Dak Lak","2010-09","214.89","437"
"vietnam","Dak Lak","2010-10","396.1","437"
"vietnam","Dak Lak","2010-11","443.83","437"
"vietnam","Dak Lak","2010-12","46.51","437"
"vietnam","Dak Lak","2011-01","16.69","437"
"vietnam","Dak Lak","2011-02","4.87","437"
"vietnam","Dak Lak","2011-03","42.28","437"
"vietnam","Dak Lak","2011-04","47.38","437"
"vietnam","Dak Lak","2011-05","540.8","437"
"vietnam","Dak Lak","2011-06","198.73","437"
"vietnam","Dak Lak","2011-07","253.74","437"
"vietnam","Dak Lak","2011-08","337.82","437"
"vietnam","Dak Lak","2011-09","334.53","437"
"vietnam","Dak Lak","2011-10","280.02","437"
"vietnam","Dak Lak","2011-11","156.34","437"
"vietnam","Dak Lak","2011-12","36.94","437"
"vietnam","Dak Lak","2012-01","17.46","437"
"vietnam","Dak Lak","2012-02","28.09","437"
"vietnam","Dak Lak","2012-03","53.82","437"
"vietnam","Dak Lak","2012-04","380.64","437"
"vietnam","Dak Lak","2012-05","277.27","437"
"vietnam","Dak Lak","2012-06","115.49","437"
"vietnam","Dak Lak","2012-07","366.05","437"
"vietnam","Dak Lak","2012-08","289.1","437"
"vietnam","Dak Lak","2012-09","499.45","437"
"vietnam","Dak Lak","2012-10","105.24","437"
"vietnam","Dak Lak","2012-11","126.93","437"
"vietnam","Dak Lak","2012-12","10.93","437"
"vietnam","Dak Lak","2013-01","24.72","437"
"vietnam","Dak Lak","2013-02","16.3","437"
"vietnam","Dak Lak","2013-03","52.18","437"
"vietnam","Dak Lak","2013-04","92.72","437"
"vietnam","Dak Lak","2013-05","244.5","437"
"vietnam","Dak Lak","2013-06","260.13","437"
"vietnam","Dak Lak","2013-07","395.16","437"
"vietnam","Dak Lak","2013-08","318.5","437"
"vietnam","Dak Lak","2013-09","306.69","437"
"vietnam","Dak Lak","2013-10","191.5","437"
"vietnam","Dak Lak","2013-11","268.05","437"
"vietnam","Dak Lak","2013-12","12.34","437"
"vietnam","Dak Lak","2014-01","3.4","437"
"vietnam","Dak Lak","2014-02","3.75","437"
"vietnam","Dak Lak","2014-03","18.33","437"
"vietnam","Dak Lak","2014-04","77.57","437"
"vietnam","Dak Lak","2014-05","128.42","437"
"vietnam","Dak Lak","2014-06","116.92","437"
"vietnam","Dak Lak","2014-07","257.32","437"
"vietnam","Dak Lak","2014-08","389.31","437"
"vietnam","Dak Lak","2014-09","191.61","437"
"vietnam","Dak Lak","2014-10","158.88","437"
"vietnam","Dak Lak","2014-11","92.46","437"
"vietnam","Dak Lak","2014-12","66.21","437"
"vietnam","Dak Lak","2015-01","12.39","437"
"vietnam","Dak Lak","2015-02","5.26","437"
"vietnam","Dak Lak","2015-03","16.16","437"
"vietnam","Dak Lak","2015-04","55.63","437"
"vietnam","Dak Lak","2015-05","217.15","437"
"vietnam","Dak Lak","2015-06","177.74","437"
"vietnam","Dak Lak","2015-07","154.69","437"
"vietnam","Dak Lak","2015-08","269.5","437"
"vietnam","Dak Lak","2015-09","178.14","437"
"vietnam","Dak Lak","2015-10","98.65","437"
"vietnam","Dak Lak","2015-11","165.81","437"
"vietnam","Dak Lak","2015-12","62.06","437"
"vietnam","Dak Lak","2016-01","5.87","437"
"vietnam","Dak Lak","2016-02","6.16","437"
"vietnam","Dak Lak","2016-03","10.24","437"
"vietnam","Dak Lak","2016-04","31.21","437"
"vietnam","Dak Lak","2016-05","232.35","437"
"vietnam","Dak Lak","2016-06","225.9","437"
"vietnam","Dak Lak","2016-07","191.51","437"
"vietnam","Dak Lak","2016-08","319.24","437"
"vietnam","Dak Lak","2016-09","255.55","437"
"vietnam","Dak Lak","2016-10","242.28","437"
"vietnam","Dak Lak","2016-11","169.98","437"
"vietnam","Dak Lak","2016-12","208.61","437"
"vietnam","Dak Lak","2017-01","32.21","437"
"vietnam","Dak Lak","2017-02","16.46","437"
"vietnam","Dak Lak","2017-03","24.53","437"
"vietnam","Dak Lak","2017-04","102.82","437"
"vietnam","Dak Lak","2017-05","314.56","437"
"vietnam","Dak Lak","2017-06","158.59","437"
"vietnam","Dak Lak","2017-07","235.81","437"
"vietnam","Dak Lak","2017-08","335.5","437"
"vietnam","Dak Lak","2017-09","191.04","437"
"vietnam","Dak Lak","2017-10","182.37","437"
"vietnam","Dak Lak","2017-11","220.96","437"
"vietnam","Dak Lak","2017-12","83.59","437"
"vietnam","Dak Lak","2018-01","9.11","437"
"vietnam","Dak Lak","2018-02","4.47","437"
"vietnam","Dak Lak","2018-03","22.04","437"
"vietnam","Dak Lak","2018-04","59.63","437"
"vietnam","Dak Lak","2018-05","146.41","437"
"vietnam","Dak Lak","2018-06","275.67","437"
"vietnam","Dak Lak","2018-07","160.77","437"
"vietnam","Dak Lak","2018-08","213.83","437"
"vietnam","Dak Lak","2018-09","377.25","437"
"vietnam","Dak Lak","2018-10","126.36","437"
"vietnam","Dak Lak","2018-11","180.54","437"
"vietnam","Dak Lak","2018-12","73.59","437"
"vietnam","Dak Lak","2019-01","27.02","437"
"vietnam","Dak Lak","2019-02","4.66","437"
"vietnam","Dak Lak","2019-03","23.21","437"
"vietnam","Dak Lak","2019-04","43.2","437"
"vietnam","Dak Lak","2019-05","175.69","437"
"vietnam","Dak Lak","2019-06","122.76","437"
"vietnam","Dak Lak","2019-07","159.69","437"
"vietnam","Dak Lak","2019-08","186.75","437"
"vietnam","Dak Lak","2019-09","187.73","437"
"vietnam","Dak Lak","2019-10","147.26","437"
"vietnam","Dak Lak","2019-11","196.18","437"
"vietnam","Dak Lak","2019-12","8.44","437"
"vietnam","Dak Lak","2020-01","3.04","437"
"vietnam","Dak Lak","2020-02","5.38","437"
"vietnam","Dak Lak","2020-03","10.16","437"
"vietnam","Dak Lak","2020-04","63.31","437"
"vietnam","Dak Lak","2020-05","119.48","437"
"vietnam","Dak Lak","2020-06","134.8","437"
"vietnam","Dak Lak","2020-07","187.58","437"
"vietnam","Dak Lak","2020-08","319.03","437"
"vietnam","Dak Lak","2020-09","225.71","437"
"vietnam","Dak Lak","2020-10","410.84","437"
"vietnam","Dak Lak","2020-11","173.92","437"
"vietnam","Dak Lak","2020-12","79.61","437"
"vietnam","Dak Lak","2021-01","7.88","437"
"vietnam","Dak Lak","2021-02","3.8","437"
"vietnam","Dak Lak","2021-03","10.91","437"
"vietnam","Dak Lak","2021-04","115.27","437"
"vietnam","Dak Lak","2021-05","214.08","437"
"vietnam","Dak Lak","2021-06","123.13","437"
"vietnam","Dak Lak","2021-07","184.25","437"
"vietnam","Dak Lak","2021-08","284.26","437"
"vietnam","Dak Lak","2021-09","373.8","437"
"vietnam","Dak Lak","2021-10","438.81","437"
"vietnam","Dak Lak","2021-11","237.31","437"
"vietnam","Dak Lak","2021-12","46.22","437"
"vietnam","Dak Lak","2022-01","5.63","437"
"vietnam","Dak Lak","2022-02","10.39","437"
"vietnam","Dak Lak","2022-03","90.97","437"
"vietnam","Dak Lak","2022-04","157.12","437"
"vietnam","Dak Lak","2022-05","294.77","437"
"vietnam","Dak Lak","2022-06","126.72","437"
"vietnam","Dak Lak","2022-07","255.11","437"
"vietnam","Dak Lak","2022-08","355.31","437"
"vietnam","Dak Lak","2022-09","354.52","437"
"vietnam","Dak Lak","2022-10","338.86","437"
"vietnam","Dak Lak","2022-11","180.94","437"
"vietnam","Dak Lak","2022-12","139.13","437"
"vietnam","Dak Lak","2023-01","41.55","437"
"vietnam","Dak Lak","2023-02","8.51","437"
"vietnam","Dak Lak","2023-03","12.72","437"
"vietnam","Dak Lak","2023-04","43.42","437"
"vietnam","Dak Lak","2023-05","397.23","437"
"vietnam","Dak Lak","2023-06","235.94","437"
"vietnam","Dak Lak","2023-07","431.2","437"
"vietnam","Dak Lak","2023-08","132.5","437"
"vietnam","Dak Lak","2023-09","338.05","437"
"vietnam","Dak Lak","2023-10","234.21","437"
"vietnam","Dak Lak","2023-11","135.93","437"
"vietnam","Dak Lak","2023-12","55.9","437"
"vietnam","Dak Lak","2024-01","7.55","437"
"vietnam","Dak Lak","2024-02","6.47","437"
"vietnam","Dak Lak","2024-03","25.43","437"
"vietnam","Dak Lak","2024-04","17.04","437"
"vietnam","Dak Lak","2024-05","204.32","437"
"vietnam","Dak Lak","2024-06","196.27","437"
"vietnam","Dak Lak","2024-07","306.73","437"
"vietnam","Dak Lak","2024-08","322.95","437"
"vietnam","Dak Lak","2024-09","229.72","437"
"vietnam","Dak Lak","2024-10","157.23","437"
"vietnam","Dak Lak","2024-11","51.84","437"
"vietnam","Dak Lak","2024-12","108.28","437"
"vietnam","Dak Lak","2025-01","6.57","437"
"vietnam","Dak Lak","2025-02","15.67","437"
"vietnam","Dak Lak","2025-03","30.44","437"
"vietnam","Dak Lak","2025-04","36.27","437"
"vietnam","Dak Lak","2025-05","339.07","437"
"vietnam","Dak Lak","2025-06","202.05","437"
"vietnam","Dak Lak","2025-07","186.24","437"
"vietnam","Dak Lak","2025-08","324.87","437"
"vietnam","Dak Lak","2025-09","378.13","437"
"vietnam","Dak Lak","2025-10","265.46","437"
"vietnam","Dak Lak","2025-11","244.05","437"
"vietnam","Dak Lak","2025-12","68.46","437"
"vietnam","Dak Lak","2026-01","5.02","437"
"vietnam","Dak Lak","2026-02","8.95","437"
"vietnam","Dak Lak","2026-03","31.28","437"
"vietnam","Dak Lak","2026-04","28.67","437"
"vietnam","Dak Lak","2026-05","214.14","437"
"vietnam","Dak Lak","2026-06","161.68","437"
"vietnam","Dak Lak","2026-07","215.31","437"
"vietnam","Dak Lak","2026-08","149.63","437"
"vietnam","Lam Dong","1981-01","24.98","322"
"vietnam","Lam Dong","1981-02","24.14","322"
"vietnam","Lam Dong","1981-03","35.59","322"
"vietnam","Lam Dong","1981-04","124.97","322"
"vietnam","Lam Dong","1981-05","252.98","322"
"vietnam","Lam Dong","1981-06","266.69","322"
"vietnam","Lam Dong","1981-07","414.03","322"
"vietnam","Lam Dong","1981-08","332.58","322"
"vietnam","Lam Dong","1981-09","342.48","322"
"vietnam","Lam Dong","1981-10","360.88","322"
"vietnam","Lam Dong","1981-11","207.78","322"
"vietnam","Lam Dong","1981-12","65.57","322"
"vietnam","Lam Dong","1982-01","10.36","322"
"vietnam","Lam Dong","1982-02","27.62","322"
"vietnam","Lam Dong","1982-03","89.62","322"
"vietnam","Lam Dong","1982-04","173.82","322"
"vietnam","Lam Dong","1982-05","214.11","322"
"vietnam","Lam Dong","1982-06","269.33","322"
"vietnam","Lam Dong","1982-07","251.75","322"
"vietnam","Lam Dong","1982-08","311.63","322"
"vietnam","Lam Dong","1982-09","270.1","322"
"vietnam","Lam Dong","1982-10","131.75","322"
"vietnam","Lam Dong","1982-11","84.09","322"
"vietnam","Lam Dong","1982-12","10.59","322"
"vietnam","Lam Dong","1983-01","10.97","322"
"vietnam","Lam Dong","1983-02","17.9","322"
"vietnam","Lam Dong","1983-03","45.29","322"
"vietnam","Lam Dong","1983-04","88.45","322"
"vietnam","Lam Dong","1983-05","155.86","322"
"vietnam","Lam Dong","1983-06","244.64","322"
"vietnam","Lam Dong","1983-07","387.44","322"
"vietnam","Lam Dong","1983-08","415.73","322"
"vietnam","Lam Dong","1983-09","300.68","322"
"vietnam","Lam Dong","1983-10","375.84","322"
"vietnam","Lam Dong","1983-11","96.22","322"
"vietnam","Lam Dong","1983-12","17.65","322"
"vietnam","Lam Dong","1984-01","11.98","322"
"vietnam","Lam Dong","1984-02","24.65","322"
"vietnam","Lam Dong","1984-03","88.31","322"
"vietnam","Lam Dong","1984-04","174.39","322"
"vietnam","Lam Dong","1984-05","298.04","322"
"vietnam","Lam Dong","1984-06","221.24","322"
"vietnam","Lam Dong","1984-07","328.4","322"
"vietnam","Lam Dong","1984-08","336.17","322"
"vietnam","Lam Dong","1984-09","258.3","322"
"vietnam","Lam Dong","1984-10","352.89","322"
"vietnam","Lam Dong","1984-11","101.27","322"
"vietnam","Lam Dong","1984-12","52.69","322"
"vietnam","Lam Dong","1985-01","10.14","322"
"vietnam","Lam Dong","1985-02","28.1","322"
"vietnam","Lam Dong","1985-03","55.31","322"
"vietnam","Lam Dong","1985-04","177.93","322"
"vietnam","Lam Dong","1985-05","230.22","322"
"vietnam","Lam Dong","1985-06","230.92","322"
"vietnam","Lam Dong","1985-07","362.83","322"
"vietnam","Lam Dong","1985-08","254.21","322"
"vietnam","Lam Dong","1985-09","288.27","322"
"vietnam","Lam Dong","1985-10","210.75","322"
"vietnam","Lam Dong","1985-11","152.22","322"
"vietnam","Lam Dong","1985-12","30.63","322"
"vietnam","Lam Dong","1986-01","7.05","322"
"vietnam","Lam Dong","1986-02","16.73","322"
"vietnam","Lam Dong","1986-03","55.16","322"
"vietnam","Lam Dong","1986-04","63.61","322"
"vietnam","Lam Dong","1986-05","178.73","322"
"vietnam","Lam Dong","1986-06","172.97","322"
"vietnam","Lam Dong","1986-07","377.25","322"
"vietnam","Lam Dong","1986-08","468.46","322"
"vietnam","Lam Dong","1986-09","294.82","322"
"vietnam","Lam Dong","1986-10","287.88","322"
"vietnam","Lam Dong","1986-11","65.93","322"
"vietnam","Lam Dong","1986-12","31.22","322"
"vietnam","Lam Dong","1987-01","6.61","322"
"vietnam","Lam Dong","1987-02","16.28","322"
"vietnam","Lam Dong","1987-03","53.89","322"
"vietnam","Lam Dong","1987-04","58.24","322"
"vietnam","Lam Dong","1987-05","132.45","322"
"vietnam","Lam Dong","1987-06","224.72","322"
"vietnam","Lam Dong","1987-07","344.55","322"
"vietnam","Lam Dong","1987-08","466.91","322"
"vietnam","Lam Dong","1987-09","253.86","322"
"vietnam","Lam Dong","1987-10","155.72","322"
"vietnam","Lam Dong","1987-11","185.26","322"
"vietnam","Lam Dong","1987-12","11.3","322"
"vietnam","Lam Dong","1988-01","11.59","322"
"vietnam","Lam Dong","1988-02","32.78","322"
"vietnam","Lam Dong","1988-03","29.6","322"
"vietnam","Lam Dong","1988-04","98.04","322"
"vietnam","Lam Dong","1988-05","192.07","322"
"vietnam","Lam Dong","1988-06","99.83","322"
"vietnam","Lam Dong","1988-07","329.0","322"
"vietnam","Lam Dong","1988-08","153.09","322"
"vietnam","Lam Dong","1988-09","364.02","322"
"vietnam","Lam Dong","1988-10","329.98","322"
"vietnam","Lam Dong","1988-11","100.23","322"
"vietnam","Lam Dong","1988-12","7.28","322"
"vietnam","Lam Dong","1989-01","9.68","322"
"vietnam","Lam Dong","1989-02","24.46","322"
"vietnam","Lam Dong","1989-03","66.99","322"
"vietnam","Lam Dong","1989-04","71.32","322"
"vietnam","Lam Dong","1989-05","315.83","322"
"vietnam","Lam Dong","1989-06","278.34","322"
"vietnam","Lam Dong","1989-07","473.96","322"
"vietnam","Lam Dong","1989-08","397.72","322"
"vietnam","Lam Dong","1989-09","266.35","322"
"vietnam","Lam Dong","1989-10","183.03","322"
"vietnam","Lam Dong","1989-11","29.28","322"
"vietnam","Lam Dong","1989-12","6.59","322"
"vietnam","Lam Dong","1990-01","6.84","322"
"vietnam","Lam Dong","1990-02","15.58","322"
"vietnam","Lam Dong","1990-03","49.71","322"
"vietnam","Lam Dong","1990-04","88.17","322"
"vietnam","Lam Dong","1990-05","122.76","322"
"vietnam","Lam Dong","1990-06","344.26","322"
"vietnam","Lam Dong","1990-07","412.08","322"
"vietnam","Lam Dong","1990-08","426.46","322"
"vietnam","Lam Dong","1990-09","261.13","322"
"vietnam","Lam Dong","1990-10","294.36","322"
"vietnam","Lam Dong","1990-11","157.07","322"
"vietnam","Lam Dong","1990-12","7.02","322"
"vietnam","Lam Dong","1991-01","7.91","322"
"vietnam","Lam Dong","1991-02","14.94","322"
"vietnam","Lam Dong","1991-03","49.34","322"
"vietnam","Lam Dong","1991-04","57.21","322"
"vietnam","Lam Dong","1991-05","214.0","322"
"vietnam","Lam Dong","1991-06","217.15","322"
"vietnam","Lam Dong","1991-07","258.67","322"
"vietnam","Lam Dong","1991-08","325.09","322"
"vietnam","Lam Dong","1991-09","308.71","322"
"vietnam","Lam Dong","1991-10","296.99","322"
"vietnam","Lam Dong","1991-11","82.89","322"
"vietnam","Lam Dong","1991-12","10.58","322"
"vietnam","Lam Dong","1992-01","9.55","322"
"vietnam","Lam Dong","1992-02","18.0","322"
"vietnam","Lam Dong","1992-03","39.56","322"
"vietnam","Lam Dong","1992-04","177.63","322"
"vietnam","Lam Dong","1992-05","236.26","322"
"vietnam","Lam Dong","1992-06","380.57","322"
"vietnam","Lam Dong","1992-07","433.16","322"
"vietnam","Lam Dong","1992-08","431.94","322"
"vietnam","Lam Dong","1992-09","229.14","322"
"vietnam","Lam Dong","1992-10","384.27","322"
"vietnam","Lam Dong","1992-11","53.77","322"
"vietnam","Lam Dong","1992-12","14.25","322"
"vietnam","Lam Dong","1993-01","6.95","322"
"vietnam","Lam Dong","1993-02","25.67","322"
"vietnam","Lam Dong","1993-03","86.39","322"
"vietnam","Lam Dong","1993-04","101.3","322"
"vietnam","Lam Dong","1993-05","172.88","322"
"vietnam","Lam Dong","1993-06","239.57","322"
"vietnam","Lam Dong","1993-07","182.71","322"
"vietnam","Lam Dong","1993-08","267.65","322"
"vietnam","Lam Dong","1993-09","339.08","322"
"vietnam","Lam Dong","1993-10","242.77","322"
"vietnam","Lam Dong","1993-11","111.7","322"
"vietnam","Lam Dong","1993-12","102.25","322"
"vietnam","Lam Dong","1994-01","10.07","322"
"vietnam","Lam Dong","1994-02","22.8","322"
"vietnam","Lam Dong","1994-03","60.94","322"
"vietnam","Lam Dong","1994-04","64.02","322"
"vietnam","Lam Dong","1994-05","227.17","322"
"vietnam","Lam Dong","1994-06","279.56","322"
"vietnam","Lam Dong","1994-07","307.13","322"
"vietnam","Lam Dong","1994-08","437.08","322"
"vietnam","Lam Dong","1994-09","334.44","322"
"vietnam","Lam Dong","1994-10","267.42","322"
"vietnam","Lam Dong","1994-11","40.65","322"
"vietnam","Lam Dong","1994-12","46.26","322"
"vietnam","Lam Dong","1995-01","12.26","322"
"vietnam","Lam Dong","1995-02","18.83","322"
"vietnam","Lam Dong","1995-03","95.65","322"
"vietnam","Lam Dong","1995-04","77.43","322"
"vietnam","Lam Dong","1995-05","180.33","322"
"vietnam","Lam Dong","1995-06","206.36","322"
"vietnam","Lam Dong","1995-07","432.68","322"
"vietnam","Lam Dong","1995-08","323.59","322"
"vietnam","Lam Dong","1995-09","305.89","322"
"vietnam","Lam Dong","1995-10","211.81","322"
"vietnam","Lam Dong","1995-11","135.59","322"
"vietnam","Lam Dong","1995-12","47.48","322"
"vietnam","Lam Dong","1996-01","9.76","322"
"vietnam","Lam Dong","1996-02","21.16","322"
"vietnam","Lam Dong","1996-03","51.23","322"
"vietnam","Lam Dong","1996-04","169.52","322"
"vietnam","Lam Dong","1996-05","291.66","322"
"vietnam","Lam Dong","1996-06","228.84","322"
"vietnam","Lam Dong","1996-07","385.21","322"
"vietnam","Lam Dong","1996-08","315.61","322"
"vietnam","Lam Dong","1996-09","308.62","322"
"vietnam","Lam Dong","1996-10","281.2","322"
"vietnam","Lam Dong","1996-11","184.09","322"
"vietnam","Lam Dong","1996-12","39.36","322"
"vietnam","Lam Dong","1997-01","6.41","322"
"vietnam","Lam Dong","1997-02","27.38","322"
"vietnam","Lam Dong","1997-03","31.22","322"
"vietnam","Lam Dong","1997-04","101.11","322"
"vietnam","Lam Dong","1997-05","154.55","322"
"vietnam","Lam Dong","1997-06","61.14","322"
"vietnam","Lam Dong","1997-07","365.93","322"
"vietnam","Lam Dong","1997-08","360.93","322"
"vietnam","Lam Dong","1997-09","280.67","322"
"vietnam","Lam Dong","1997-10","78.66","322"
"vietnam","Lam Dong","1997-11","38.16","322"
"vietnam","Lam Dong","1997-12","6.18","322"
"vietnam","Lam Dong","1998-01","6.35","322"
"vietnam","Lam Dong","1998-02","20.45","322"
"vietnam","Lam Dong","1998-03","25.11","322"
"vietnam","Lam Dong","1998-04","103.48","322"
"vietnam","Lam Dong","1998-05","201.97","322"
"vietnam","Lam Dong","1998-06","354.67","322"
"vietnam","Lam Dong","1998-07","290.96","322"
"vietnam","Lam Dong","1998-08","506.37","322"
"vietnam","Lam Dong","1998-09","320.35","322"
"vietnam","Lam Dong","1998-10","132.53","322"
"vietnam","Lam Dong","1998-11","296.88","322"
"vietnam","Lam Dong","1998-12","59.45","322"
"vietnam","Lam Dong","1999-01","32.65","322"
"vietnam","Lam Dong","1999-02","19.96","322"
"vietnam","Lam Dong","1999-03","71.34","322"
"vietnam","Lam Dong","1999-04","248.11","322"
"vietnam","Lam Dong","1999-05","274.69","322"
"vietnam","Lam Dong","1999-06","225.1","322"
"vietnam","Lam Dong","1999-07","305.86","322"
"vietnam","Lam Dong","1999-08","325.79","322"
"vietnam","Lam Dong","1999-09","238.22","322"
"vietnam","Lam Dong","1999-10","295.36","322"
"vietnam","Lam Dong","1999-11","128.5","322"
"vietnam","Lam Dong","1999-12","69.46","322"
"vietnam","Lam Dong","2000-01","19.72","322"
"vietnam","Lam Dong","2000-02","24.29","322"
"vietnam","Lam Dong","2000-03","86.08","322"
"vietnam","Lam Dong","2000-04","260.39","322"
"vietnam","Lam Dong","2000-05","336.23","322"
"vietnam","Lam Dong","2000-06","201.62","322"
"vietnam","Lam Dong","2000-07","338.26","322"
"vietnam","Lam Dong","2000-08","518.89","322"
"vietnam","Lam Dong","2000-09","217.46","322"
"vietnam","Lam Dong","2000-10","488.46","322"
"vietnam","Lam Dong","2000-11","169.45","322"
"vietnam","Lam Dong","2000-12","197.5","322"
"vietnam","Lam Dong","2001-01","30.4","322"
"vietnam","Lam Dong","2001-02","18.99","322"
"vietnam","Lam Dong","2001-03","189.74","322"
"vietnam","Lam Dong","2001-04","94.25","322"
"vietnam","Lam Dong","2001-05","194.84","322"
"vietnam","Lam Dong","2001-06","288.85","322"
"vietnam","Lam Dong","2001-07","290.86","322"
"vietnam","Lam Dong","2001-08","453.51","322"
"vietnam","Lam Dong","2001-09","317.92","322"
"vietnam","Lam Dong","2001-10","231.46","322"
"vietnam","Lam Dong","2001-11","73.9","322"
"vietnam","Lam Dong","2001-12","21.65","322"
"vietnam","Lam Dong","2002-01","5.55","322"
"vietnam","Lam Dong","2002-02","16.39","322"
"vietnam","Lam Dong","2002-03","46.49","322"
"vietnam","Lam Dong","2002-04","166.1","322"
"vietnam","Lam Dong","2002-05","157.99","322"
"vietnam","Lam Dong","2002-06","251.79","322"
"vietnam","Lam Dong","2002-07","216.96","322"
"vietnam","Lam Dong","2002-08","673.09","322"
"vietnam","Lam Dong","2002-09","335.83","322"
"vietnam","Lam Dong","2002-10","161.92","322"
"vietnam","Lam Dong","2002-11","173.53","322"
"vietnam","Lam Dong","2002-12","45.97","322"
"vietnam","Lam Dong","2003-01","5.26","322"
"vietnam","Lam Dong","2003-02","13.81","322"
"vietnam","Lam Dong","2003-03","38.97","322"
"vietnam","Lam Dong","2003-04","57.97","322"
"vietnam","Lam Dong","2003-05","319.75","322"
"vietnam","Lam Dong","2003-06","182.68","322"
"vietnam","Lam Dong","2003-07","383.4","322"
"vietnam","Lam Dong","2003-08","389.75","322"
"vietnam","Lam Dong","2003-09","265.62","322"
"vietnam","Lam Dong","2003-10","322.26","322"
"vietnam","Lam Dong","2003-11","127.27","322"
"vietnam","Lam Dong","2003-12","49.09","322"
"vietnam","Lam Dong","2004-01","6.33","322"
"vietnam","Lam Dong","2004-02","12.36","322"
"vietnam","Lam Dong","2004-03","48.74","322"
"vietnam","Lam Dong","2004-04","95.58","322"
"vietnam","Lam Dong","2004-05","336.24","322"
"vietnam","Lam Dong","2004-06","256.22","322"
"vietnam","Lam Dong","2004-07","323.97","322"
"vietnam","Lam Dong","2004-08","372.58","322"
"vietnam","Lam Dong","2004-09","211.85","322"
"vietnam","Lam Dong","2004-10","115.39","322"
"vietnam","Lam Dong","2004-11","48.59","322"
"vietnam","Lam Dong","2004-12","6.29","322"
"vietnam","Lam Dong","2005-01","5.97","322"
"vietnam","Lam Dong","2005-02","14.3","322"
"vietnam","Lam Dong","2005-03","92.79","322"
"vietnam","Lam Dong","2005-04","47.5","322"
"vietnam","Lam Dong","2005-05","348.75","322"
"vietnam","Lam Dong","2005-06","190.85","322"
"vietnam","Lam Dong","2005-07","277.57","322"
"vietnam","Lam Dong","2005-08","237.01","322"
"vietnam","Lam Dong","2005-09","313.74","322"
"vietnam","Lam Dong","2005-10","343.51","322"
"vietnam","Lam Dong","2005-11","143.93","322"
"vietnam","Lam Dong","2005-12","154.1","322"
"vietnam","Lam Dong","2006-01","16.67","322"
"vietnam","Lam Dong","2006-02","23.48","322"
"vietnam","Lam Dong","2006-03","74.04","322"
"vietnam","Lam Dong","2006-04","125.36","322"
"vietnam","Lam Dong","2006-05","229.06","322"
"vietnam","Lam Dong","2006-06","253.95","322"
"vietnam","Lam Dong","2006-07","356.4","322"
"vietnam","Lam Dong","2006-08","326.03","322"
"vietnam","Lam Dong","2006-09","327.96","322"
"vietnam","Lam Dong","2006-10","190.72","322"
"vietnam","Lam Dong","2006-11","66.7","322"
"vietnam","Lam Dong","2006-12","29.08","322"
"vietnam","Lam Dong","2007-01","20.76","322"
"vietnam","Lam Dong","2007-02","13.2","322"
"vietnam","Lam Dong","2007-03","51.86","322"
"vietnam","Lam Dong","2007-04","90.69","322"
"vietnam","Lam Dong","2007-05","387.35","322"
"vietnam","Lam Dong","2007-06","205.8","322"
"vietnam","Lam Dong","2007-07","295.32","322"
"vietnam","Lam Dong","2007-08","551.02","322"
"vietnam","Lam Dong","2007-09","334.09","322"
"vietnam","Lam Dong","2007-10","331.91","322"
"vietnam","Lam Dong","2007-11","265.71","322"
"vietnam","Lam Dong","2007-12","20.34","322"
"vietnam","Lam Dong","2008-01","21.93","322"
"vietnam","Lam Dong","2008-02","30.28","322"
"vietnam","Lam Dong","2008-03","97.29","322"
"vietnam","Lam Dong","2008-04","144.97","322"
"vietnam","Lam Dong","2008-05","333.93","322"
"vietnam","Lam Dong","2008-06","197.84","322"
"vietnam","Lam Dong","2008-07","305.43","322"
"vietnam","Lam Dong","2008-08","359.2","322"
"vietnam","Lam Dong","2008-09","303.3","322"
"vietnam","Lam Dong","2008-10","236.55","322"
"vietnam","Lam Dong","2008-11","178.34","322"
"vietnam","Lam Dong","2008-12","86.45","322"
"vietnam","Lam Dong","2009-01","15.07","322"
"vietnam","Lam Dong","2009-02","24.62","322"
"vietnam","Lam Dong","2009-03","120.84","322"
"vietnam","Lam Dong","2009-04","508.52","322"
"vietnam","Lam Dong","2009-05","363.0","322"
"vietnam","Lam Dong","2009-06","169.0","322"
"vietnam","Lam Dong","2009-07","336.26","322"
"vietnam","Lam Dong","2009-08","393.92","322"
"vietnam","Lam Dong","2009-09","302.21","322"
"vietnam","Lam Dong","2009-10","230.63","322"
"vietnam","Lam Dong","2009-11","112.34","322"
"vietnam","Lam Dong","2009-12","17.37","322"
"vietnam","Lam Dong","2010-01","29.57","322"
"vietnam","Lam Dong","2010-02","11.79","322"
"vietnam","Lam Dong","2010-03","64.85","322"
"vietnam","Lam Dong","2010-04","128.85","322"
"vietnam","Lam Dong","2010-05","197.23","322"
"vietnam","Lam Dong","2010-06","301.16","322"
"vietnam","Lam Dong","2010-07","517.42","322"
"vietnam","Lam Dong","2010-08","302.03","322"
"vietnam","Lam Dong","2010-09","234.62","322"
"vietnam","Lam Dong","2010-10","462.9","322"
"vietnam","Lam Dong","2010-11","380.9","322"
"vietnam","Lam Dong","2010-12","65.33","322"
"vietnam","Lam Dong","2011-01","26.17","322"
"vietnam","Lam Dong","2011-02","13.45","322"
"vietnam","Lam Dong","2011-03","106.18","322"
"vietnam","Lam Dong","2011-04","106.97","322"
"vietnam","Lam Dong","2011-05","489.75","322"
"vietnam","Lam Dong","2011-06","202.78","322"
"vietnam","Lam Dong","2011-07","330.81","322"
"vietnam","Lam Dong","2011-08","408.77","322"
"vietnam","Lam Dong","2011-09","299.16","322"
"vietnam","Lam Dong","2011-10","250.71","322"
"vietnam","Lam Dong","2011-11","108.04","322"
"vietnam","Lam Dong","2011-12","43.26","322"
"vietnam","Lam Dong","2012-01","28.05","322"
"vietnam","Lam Dong","2012-02","57.32","322"
"vietnam","Lam Dong","2012-03","110.26","322"
"vietnam","Lam Dong","2012-04","498.6","322"
"vietnam","Lam Dong","2012-05","302.56","322"
"vietnam","Lam Dong","2012-06","138.73","322"
"vietnam","Lam Dong","2012-07","451.97","322"
"vietnam","Lam Dong","2012-08","270.65","322"
"vietnam","Lam Dong","2012-09","473.81","322"
"vietnam","Lam Dong","2012-10","181.13","322"
"vietnam","Lam Dong","2012-11","110.23","322"
"vietnam","Lam Dong","2012-12","8.89","322"
"vietnam","Lam Dong","2013-01","31.62","322"
"vietnam","Lam Dong","2013-02","30.34","322"
"vietnam","Lam Dong","2013-03","89.32","322"
"vietnam","Lam Dong","2013-04","117.82","322"
"vietnam","Lam Dong","2013-05","190.91","322"
"vietnam","Lam Dong","2013-06","253.3","322"
"vietnam","Lam Dong","2013-07","345.21","322"
"vietnam","Lam Dong","2013-08","353.84","322"
"vietnam","Lam Dong","2013-09","285.63","322"
"vietnam","Lam Dong","2013-10","175.06","322"
"vietnam","Lam Dong","2013-11","182.32","322"
"vietnam","Lam Dong","2013-12","15.2","322"
"vietnam","Lam Dong","2014-01","6.22","322"
"vietnam","Lam Dong","2014-02","9.93","322"
"vietnam","Lam Dong","2014-03","46.01","322"
"vietnam","Lam Dong","2014-04","122.64","322"
"vietnam","Lam Dong","2014-05","195.61","322"
"vietnam","Lam Dong","2014-06","176.1","322"
"vietnam","Lam Dong","2014-07","290.43","322"
"vietnam","Lam Dong","2014-08","405.13","322"
"vietnam","Lam Dong","2014-09","266.27","322"
"vietnam","Lam Dong","2014-10","219.39","322"
"vietnam","Lam Dong","2014-11","72.08","322"
"vietnam","Lam Dong","2014-12","62.1","322"
"vietnam","Lam Dong","2015-01","13.22","322"
"vietnam","Lam Dong","2015-02","11.27","322"
"vietnam","Lam Dong","2015-03","27.87","322"
"vietnam","Lam Dong","2015-04","96.81","322"
"vietnam","Lam Dong","2015-05","259.52","322"
"vietnam","Lam Dong","2015-06","174.91","322"
"vietnam","Lam Dong","2015-07","236.42","322"
"vietnam","Lam Dong","2015-08","237.51","322"
"vietnam","Lam Dong","2015-09","209.12","322"
"vietnam","Lam Dong","2015-10","152.82","322"
"vietnam","Lam Dong","2015-11","128.84","322"
"vietnam","Lam Dong","2015-12","97.25","322"
"vietnam","Lam Dong","2016-01","5.34","322"
"vietnam","Lam Dong","2016-02","13.95","322"
"vietnam","Lam Dong","2016-03","30.97","322"
"vietnam","Lam Dong","2016-04","60.91","322"
"vietnam","Lam Dong","2016-05","241.99","322"
"vietnam","Lam Dong","2016-06","253.29","322"
"vietnam","Lam Dong","2016-07","294.71","322"
"vietnam","Lam Dong","2016-08","399.67","322"
"vietnam","Lam Dong","2016-09","289.26","322"
"vietnam","Lam Dong","2016-10","297.89","322"
"vietnam","Lam Dong","2016-11","159.66","322"
"vietnam","Lam Dong","2016-12","213.45","322"
"vietnam","Lam Dong","2017-01","46.91","322"
"vietnam","Lam Dong","2017-02","30.8","322"
"vietnam","Lam Dong","2017-03","41.36","322"
"vietnam","Lam Dong","2017-04","139.63","322"
"vietnam","Lam Dong","2017-05","282.77","322"
"vietnam","Lam Dong","2017-06","182.2","322"
"vietnam","Lam Dong","2017-07","257.1","322"
"vietnam","Lam Dong","2017-08","390.47","322"
"vietnam","Lam Dong","2017-09","213.04","322"
"vietnam","Lam Dong","2017-10","232.27","322"
"vietnam","Lam Dong","2017-11","170.86","322"
"vietnam","Lam Dong","2017-12","59.53","322"
"vietnam","Lam Dong","2018-01","13.98","322"
"vietnam","Lam Dong","2018-02","13.8","322"
"vietnam","Lam Dong","2018-03","47.15","322"
"vietnam","Lam Dong","2018-04","79.64","322"
"vietnam","Lam Dong","2018-05","197.25","322"
"vietnam","Lam Dong","2018-06","232.27","322"
"vietnam","Lam Dong","2018-07","227.19","322"
"vietnam","Lam Dong","2018-08","287.08","322"
"vietnam","Lam Dong","2018-09","404.36","322"
"vietnam","Lam Dong","2018-10","160.2","322"
"vietnam","Lam Dong","2018-11","153.89","322"
"vietnam","Lam Dong","2018-12","60.0","322"
"vietnam","Lam Dong","2019-01","39.43","322"
"vietnam","Lam Dong","2019-02","11.39","322"
"vietnam","Lam Dong","2019-03","49.39","322"
"vietnam","Lam Dong","2019-04","84.78","322"
"vietnam","Lam Dong","2019-05","158.75","322"
"vietnam","Lam Dong","2019-06","175.62","322"
"vietnam","Lam Dong","2019-07","258.22","322"
"vietnam","Lam Dong","2019-08","265.6","322"
"vietnam","Lam Dong","2019-09","269.39","322"
"vietnam","Lam Dong","2019-10","144.79","322"
"vietnam","Lam Dong","2019-11","155.54","322"
"vietnam","Lam Dong","2019-12","5.2","322"
"vietnam","Lam Dong","2020-01","4.49","322"
"vietnam","Lam Dong","2020-02","11.91","322"
"vietnam","Lam Dong","2020-03","34.34","322"
"vietnam","Lam Dong","2020-04","98.46","322"
"vietnam","Lam Dong","2020-05","134.54","322"
"vietnam","Lam Dong","2020-06","155.75","322"
"vietnam","Lam Dong","2020-07","210.93","322"
"vietnam","Lam Dong","2020-08","353.74","322"
"vietnam","Lam Dong","2020-09","200.08","322"
"vietnam","Lam Dong","2020-10","349.18","322"
"vietnam","Lam Dong","2020-11","135.23","322"
"vietnam","Lam Dong","2020-12","95.12","322"
"vietnam","Lam Dong","2021-01","9.37","322"
"vietnam","Lam Dong","2021-02","9.7","322"
"vietnam","Lam Dong","2021-03","49.0","322"
"vietnam","Lam Dong","2021-04","276.02","322"
"vietnam","Lam Dong","2021-05","299.29","322"
"vietnam","Lam Dong","2021-06","198.3","322"
"vietnam","Lam Dong","2021-07","242.02","322"
"vietnam","Lam Dong","2021-08","375.76","322"
"vietnam","Lam Dong","2021-09","350.21","322"
"vietnam","Lam Dong","2021-10","410.96","322"
"vietnam","Lam Dong","2021-11","200.4","322"
"vietnam","Lam Dong","2021-12","19.83","322"
"vietnam","Lam Dong","2022-01","7.69","322"
"vietnam","Lam Dong","2022-02","27.67","322"
"vietnam","Lam Dong","2022-03","230.6","322"
"vietnam","Lam Dong","2022-04","256.58","322"
"vietnam","Lam Dong","2022-05","261.14","322"
"vietnam","Lam Dong","2022-06","134.75","322"
"vietnam","Lam Dong","2022-07","301.28","322"
"vietnam","Lam Dong","2022-08","358.65","322"
"vietnam","Lam Dong","2022-09","341.36","322"
"vietnam","Lam Dong","2022-10","344.7","322"
"vietnam","Lam Dong","2022-11","154.73","322"
"vietnam","Lam Dong","2022-12","134.62","322"
"vietnam","Lam Dong","2023-01","49.68","322"
"vietnam","Lam Dong","2023-02","13.45","322"
"vietnam","Lam Dong","2023-03","37.62","322"
"vietnam","Lam Dong","2023-04","68.62","322"
"vietnam","Lam Dong","2023-05","324.49","322"
"vietnam","Lam Dong","2023-06","338.93","322"
"vietnam","Lam Dong","2023-07","390.75","322"
"vietnam","Lam Dong","2023-08","244.93","322"
"vietnam","Lam Dong","2023-09","292.55","322"
"vietnam","Lam Dong","2023-10","189.84","322"
"vietnam","Lam Dong","2023-11","125.84","322"
"vietnam","Lam Dong","2023-12","47.05","322"
"vietnam","Lam Dong","2024-01","11.15","322"
"vietnam","Lam Dong","2024-02","13.22","322"
"vietnam","Lam Dong","2024-03","37.34","322"
"vietnam","Lam Dong","2024-04","44.68","322"
"vietnam","Lam Dong","2024-05","276.64","322"
"vietnam","Lam Dong","2024-06","197.53","322"
"vietnam","Lam Dong","2024-07","369.14","322"
"vietnam","Lam Dong","2024-08","394.55","322"
"vietnam","Lam Dong","2024-09","292.82","322"
"vietnam","Lam Dong","2024-10","222.8","322"
"vietnam","Lam Dong","2024-11","81.69","322"
"vietnam","Lam Dong","2024-12","163.49","322"
"vietnam","Lam Dong","2025-01","12.53","322"
"vietnam","Lam Dong","2025-02","28.53","322"
"vietnam","Lam Dong","2025-03","61.53","322"
"vietnam","Lam Dong","2025-04","66.6","322"
"vietnam","Lam Dong","2025-05","260.74","322"
"vietnam","Lam Dong","2025-06","166.13","322"
"vietnam","Lam Dong","2025-07","230.29","322"
"vietnam","Lam Dong","2025-08","296.42","322"
"vietnam","Lam Dong","2025-09","351.34","322"
"vietnam","Lam Dong","2025-10","271.38","322"
"vietnam","Lam Dong","2025-11","253.75","322"
"vietnam","Lam Dong","2025-12","71.66","322"
"vietnam","Lam Dong","2026-01","6.24","322"
"vietnam","Lam Dong","2026-02","19.65","322"
"vietnam","Lam Dong","2026-03","51.43","322"
"vietnam","Lam Dong","2026-04","40.74","322"
"vietnam","Lam Dong","2026-05","253.64","322"
"vietnam","Lam Dong","2026-06","208.03","322"
"vietnam","Lam Dong","2026-07","257.01","322"
"vietnam","Lam Dong","2026-08","217.65","322"
