"Country","Loan_ID","Amount_USD","Term_Months","Status","Raised_Date","Disbursal_Date","Defaulted_Date","Ended_Date","Delinquent","Borrower_Count","Activity","Coffee_Mention","Local_Currency","Disbursal_Amount_LCU","Partner_ID"
"CO","3250693","650.0","17","fundraising","","2026-09-04","","","no","1","Pigs","no","COP","2100000.00","701"
"CO","3250678","325.0","14","funded","2026-10-07","2026-09-03","","","no","1","Pigs","no","COP","1060000.00","701"
"CO","3250670","500.0","14","fundraising","","2026-09-04","","","no","1","Pigs","no","COP","1600000.00","701"
"CO","3250675","1500.0","26","fundraising","","2026-09-04","","","no","1","Poultry","no","COP","5000000.00","701"
"CO","3250665","325.0","14","fundraising","","2026-09-01","","","no","1","Farming","no","COP","1070000.00","701"
"CO","3248405","625.0","21","fundraising","","2026-08-25","","","no","1","Pigs","no","COP","2000000.00","701"
"CO","3248394","1075.0","20","fundraising","","2026-09-16","","","no","1","Farming","no","COP","3400000.00","667"
"CO","3248393","1675.0","10","fundraising","","2026-09-16","","","no","1","Farming","no","COP","5300000.00","667"
"CO","3248392","700.0","20","funded","2026-10-06","2026-09-15","","","no","1","Farming","no","COP","2213000.00","667"
"CO","3248390","1375.0","8","fundraising","","2026-09-11","","","no","1","Pigs","no","COP","4370000.00","667"
"CO","3248389","1350.0","14","fundraising","","2026-09-11","","","no","1","Farming","no","COP","4300000.00","667"
"CO","3248388","1100.0","14","fundraising","","2026-09-11","","","no","1","Farming","no","COP","3520000.00","667"
"CO","3248383","1675.0","26","fundraising","","2026-09-04","","","no","1","Cattle","no","COP","5350000.00","667"
"CO","3248385","700.0","17","fundraising","","2026-09-05","","","no","1","Animal Sales","no","COP","2200000.00","667"
"CO","3248387","1050.0","20","fundraising","","2026-09-10","","","no","1","Animal Sales","no","COP","3300000.00","667"
"CO","3248380","1000.0","8","fundraising","","2026-09-08","","","no","1","Farming","no","COP","3200000.00","667"
"CO","3248377","700.0","12","fundraising","","2026-09-09","","","no","1","Animal Sales","no","COP","2200000.00","667"
"CO","3244918","1625.0","21","fundraising","","2026-08-28","","","no","1","Farming","no","COP","5000000.00","701"
"CO","3244206","825.0","18","fundraising","","2026-08-27","","","no","1","Poultry","no","COP","2500000.00","701"
"CO","3244149","525.0","21","funded","2026-09-29","2026-08-25","","","no","1","Agriculture","yes","COP","1605000.00","701"
"CO","3243185","1625.0","27","fundraising","","2026-08-26","","","no","1","Poultry","no","COP","5000000.00","701"
"CO","3242266","500.0","15","funded","2026-09-24","2026-08-26","","","no","1","Farming","no","COP","1500000.00","701"
"CO","3242203","325.0","15","funded","2026-09-22","2026-08-25","","","no","1","Pigs","no","COP","1000000.00","701"
"CO","3240153","650.0","15","funded","2026-09-24","2026-08-27","","","no","1","Farming","no","COP","2000000.00","701"
"CO","3238666","350.0","12","funded","2026-09-17","2026-08-20","","","no","1","Poultry","no","COP","1050000.00","701"
"CO","3238661","1025.0","20","fundraising","","2026-08-20","","","no","1","Poultry","no","COP","3200000.00","701"
"CO","3238650","500.0","10","funded","2026-09-19","2026-08-20","","","no","1","Poultry","no","COP","1500000.00","701"
"CO","3238637","1600.0","14","fundraising","","2026-08-20","","","no","1","Agriculture","no","COP","5000000.00","701"
"CO","3237890","800.0","17","funded","2026-09-22","2026-08-19","","","no","1","Aquaculture","no","COP","2500000.00","701"
"CO","3237881","350.0","15","funded","2026-09-17","2026-08-20","","","no","1","Farming","yes","COP","1100000.00","701"
"CO","3234692","1050.0","14","funded","2026-09-19","2026-08-19","","","no","1","Agriculture","no","COP","3300000.00","667"
"CO","3235636","475.0","14","funded","2026-09-18","2026-08-12","","","no","1","Pigs","no","COP","1500000.00","701"
"CO","3234719","1575.0","17","funded","2026-09-30","2026-08-20","","","no","1","Animal Sales","no","COP","4900000.00","667"
"CO","3235599","1675.0","27","fundraising","","2026-08-28","","","no","1","Livestock","no","COP","5340000.00","667"
"CO","3235593","1025.0","18","fundraising","","2026-08-28","","","no","1","Pigs","no","COP","3250000.00","667"
"CO","3235597","1675.0","15","fundraising","","2026-08-30","","","no","1","Farming","no","COP","5321000.00","667"
"CO","3235590","1750.0","14","funded","2026-09-21","2026-08-29","","","no","1","Farming","no","COP","5600000.00","667"
"CO","3235601","700.0","15","funded","2026-09-17","2026-08-31","","","no","1","Animal Sales","no","COP","2213000.00","667"
"CO","3235557","1675.0","21","fundraising","","2026-08-26","","","no","1","Agriculture","no","COP","5350000.00","667"
"CO","3235553","1025.0","20","funded","2026-09-28","2026-08-27","","","no","1","Animal Sales","no","COP","3260000.00","667"
"CO","3235552","1675.0","15","funded","2026-09-27","2026-08-25","","","no","1","Dairy","no","COP","5350000.00","667"
"CO","3234687","1200.0","20","fundraising","","2026-08-15","","","no","1","Dairy","no","COP","3760000.00","667"
"CO","3233633","900.0","17","fundraising","","2026-08-13","","","no","1","Animal Sales","no","COP","2732000.00","667"
"CO","3233632","1625.0","14","fundraising","","2026-08-14","","","no","1","Farming","no","COP","5000000.00","701"
"CO","3233625","400.0","7","funded","2026-09-13","2026-08-12","","","no","1","Dairy","no","COP","1200000.00","667"
"CO","3233622","975.0","20","funded","2026-09-20","2026-08-14","","","no","1","Poultry","no","COP","3000000.00","701"
"CO","3233565","650.0","14","funded","2026-09-18","2026-08-13","","","no","1","Pigs","no","COP","2000000.00","701"
"CO","3232966","675.0","14","funded","2026-09-16","2026-08-14","","","no","1","Livestock","no","COP","2000000.00","701"
"CO","3232959","1650.0","26","funded","2026-10-02","2026-08-11","","","no","1","Poultry","no","COP","5000000.00","701"
"CO","3233618","1075.0","17","funded","2026-09-28","2026-08-11","","","no","1","Animal Sales","no","COP","3300000.00","667"
"CO","3233637","1075.0","20","fundraising","","2026-08-14","","","no","1","Dairy","no","COP","3300000.00","667"
"CO","3233660","975.0","14","fundraising","","2026-08-14","","","no","1","Cattle","no","COP","3000000.00","701"
"CO","3232954","1325.0","26","fundraising","","2026-08-11","","","no","1","Poultry","no","COP","4000000.00","701"
"CO","3233629","1400.0","14","funded","2026-10-04","2026-08-13","","","no","1","Agriculture","no","COP","4300000.00","667"
"CO","3233626","825.0","20","fundraising","","2026-08-14","","","no","1","Farming","no","COP","2500000.00","701"
"CO","3233613","1100.0","26","funded","2026-09-22","2026-08-14","","","no","1","Farming","no","COP","3400000.00","701"
"CO","3233615","1300.0","20","funded","2026-09-29","2026-08-14","","","no","1","Livestock","no","COP","4000000.00","701"
"CO","3233584","750.0","26","funded","2026-09-17","2026-08-13","","","no","1","Livestock","no","COP","2250000.00","701"
"CO","3233552","1625.0","26","fundraising","","2026-08-11","","","no","1","Cattle","no","COP","5000000.00","701"
"CO","3233563","500.0","14","funded","2026-09-17","2026-08-10","","","no","1","Farming","no","COP","1500000.00","701"
"CO","3232990","1325.0","20","fundraising","","2026-08-13","","","no","1","Pigs","no","COP","4000000.00","701"
"CO","3232054","500.0","14","funded","2026-09-17","2026-08-05","","","no","1","Farming","no","COP","1500000.00","701"
"CO","3232192","1750.0","14","funded","2026-10-01","2026-08-05","","","no","1","Agriculture","no","COP","5320000.00","667"
"CO","3232196","750.0","14","funded","2026-09-19","2026-08-11","","","no","1","Pigs","no","COP","2230000.00","667"
"CO","3232195","1500.0","26","funded","2026-09-24","2026-08-05","","","no","1","Dairy","no","COP","4500000.00","667"
"CO","3232187","750.0","18","funded","2026-09-22","2026-07-30","","","no","1","Animal Sales","no","COP","2213000.00","667"
"CO","3232191","675.0","17","funded","2026-09-13","2026-08-04","","","no","1","Agriculture","no","COP","2000000.00","667"
"CO","3232143","725.0","26","fundraising","","2026-08-05","","","no","1","Agriculture","yes","COP","2180000.00","701"
"CO","3232078","1975.0","25","fundraising","","2026-08-19","","","no","1","Pigs","no","COP","6000000.00","688"
"CO","3232039","1325.0","26","fundraising","","2026-08-06","","","no","1","Poultry","no","COP","4000000.00","701"
"CO","3231236","1475.0","18","funded","2026-09-25","2026-07-29","","","no","1","Cattle","no","COP","4500000.00","667"
"CO","3231234","725.0","15","funded","2026-09-17","2026-07-30","","","no","1","Cattle","no","COP","2205000.00","667"
"CO","3225585","650.0","15","funded","2026-09-13","2026-07-30","","","no","1","Poultry","no","COP","2000000.00","701"
"CO","3225604","1290.0","15","funded","2026-09-30","2026-07-30","","","no","1","Poultry","no","COP","4300000.00","701"
"CO","3225602","975.0","21","funded","2026-09-14","2026-07-31","","","no","1","Poultry","no","COP","3000000.00","701"
"CO","3225546","550.0","15","funded","2026-09-08","2026-07-31","","","no","1","Pigs","no","COP","1700000.00","701"
"CO","3225560","150.0","27","funded","2026-09-30","2026-07-30","","","no","1","Pigs","no","COP","3000000.00","701"
"CO","3229598","1600.0","21","funded","2026-09-18","2026-07-23","","","no","1","Agriculture","yes","COP","4952667.00","621"
"CO","3229595","450.0","15","funded","2026-08-26","2026-07-23","","","no","1","Agriculture","no","COP","1328092.00","621"
"CO","3229594","400.0","15","funded","2026-08-25","2026-07-22","","","no","1","Agriculture","yes","COP","1184212.00","621"
"CO","3229591","1925.0","27","funded","2026-09-28","2026-07-22","","","no","1","Agriculture","no","COP","5921061.00","621"
"CO","3229592","500.0","15","funded","2026-08-28","2026-07-22","","","no","1","Agriculture","no","COP","1539476.00","621"
"CO","3229593","575.0","15","funded","2026-08-25","2026-07-22","","","no","1","Agriculture","no","COP","1776318.00","621"
"CO","3229586","825.0","15","funded","2026-08-26","2026-07-22","","","no","1","Agriculture","yes","COP","2512304.00","621"
"CO","3216215","675.0","6","funded","2026-08-23","2026-07-02","","","no","1","Farming","no","COP","2000000.00","701"
"CO","3222305","1325.0","18","funded","2026-09-15","2026-07-29","","","no","1","Pigs","no","COP","4200000.00","701"
"CO","3222298","650.0","21","funded","2026-09-04","2026-07-29","","","no","1","Pigs","no","COP","2000000.00","701"
"CO","3221666","950.0","27","funded","2026-09-15","2026-07-28","","","no","1","Farming","no","COP","3000000.00","701"
"CO","3228822","1250.0","27","funded","2026-08-31","2026-07-22","","","no","1","Pigs","no","COP","3840395.00","621"
"CO","3228817","650.0","21","funded","2026-08-25","2026-07-22","","","no","1","Farming","no","COP","1980294.00","621"
"CO","3228827","425.0","15","funded","2026-08-20","2026-07-22","","","no","1","Farm Supplies","yes","COP","1328092.00","621"
"CO","3228812","1250.0","27","funded","2026-09-17","2026-07-21","","","no","1","Cattle","no","COP","3840397.00","621"
"CO","3228802","1000.0","26","funded","2026-09-01","2026-07-21","","","no","1","Agriculture","no","COP","3078953.00","621"
"CO","3228797","2000.0","26","funded","2026-09-04","2026-07-21","","","no","1","Agriculture","yes","COP","6208820.00","621"
"CO","3228769","775.0","27","funded","2026-08-25","2026-07-21","","","no","1","Farming","yes","COP","2368426.00","621"
"CO","3228796","1150.0","21","funded","2026-09-07","2026-07-21","","","no","1","Farming","yes","COP","3552636.00","621"
"CO","3228767","825.0","20","funded","2026-08-25","2026-07-21","","","no","1","Farming","no","COP","2584244.00","621"
"CO","3227195","450.0","14","funded","2026-08-22","2026-07-18","","","no","1","Farming","yes","COP","1328092.00","621"
"CO","3227196","1375.0","20","funded","2026-09-23","2026-07-18","","","no","1","Agriculture","yes","COP","4943847.00","621"
"CO","3227194","1200.0","15","funded","2026-09-02","2026-07-18","","","no","1","Farming","no","COP","3696516.00","621"
"CO","3227192","850.0","20","funded","2026-09-01","2026-07-18","","","no","1","Agriculture","yes","COP","2584244.00","621"
"CO","3227190","475.0","14","funded","2026-08-25","2026-07-17","","","no","1","Farming","no","COP","1421053.00","621"
"CO","3227189","400.0","14","funded","2026-08-22","2026-07-17","","","no","1","Farming","no","COP","1184212.00","621"
"CO","3227188","550.0","26","funded","2026-09-23","2026-07-17","","","no","1","Dairy","no","COP","3840397.00","621"
"CO","3227187","1900.0","26","funded","2026-09-18","2026-07-17","","","no","1","Farming","no","COP","5921060.00","621"
"CO","3227184","1150.0","26","funded","2026-09-07","2026-07-17","","","no","1","Farming","yes","COP","3552636.00","621"
"CO","3227182","450.0","14","funded","2026-08-24","2026-07-17","","","no","1","Farming","no","COP","1328092.00","621"
"CO","3227180","450.0","14","funded","2026-08-25","2026-07-17","","","no","1","Farming","yes","COP","1328092.00","621"
"CO","3227178","875.0","26","funded","2026-09-01","2026-07-16","","","no","1","Farming","no","COP","2656184.00","621"
"CO","3226288","425.0","14","funded","2026-08-25","2026-07-16","","","no","1","Farming","no","COP","1328092.00","621"
"CO","3226287","425.0","14","funded","2026-08-21","2026-07-16","","","no","1","Poultry","no","COP","1328093.00","621"
"CO","3226280","1225.0","26","funded","2026-09-17","2026-07-16","","","no","1","Farming","no","COP","3840395.00","621"
"CO","3226285","400.0","14","funded","2026-08-20","2026-07-16","","","no","1","Farming","yes","COP","1184211.00","621"
"CO","3226281","425.0","14","funded","2026-08-25","2026-07-16","","","no","1","Poultry","no","COP","1322211.00","621"
"CO","3226274","800.0","14","funded","2026-09-02","2026-07-16","","","no","1","Farming","no","COP","2512302.00","621"
"CO","3226275","775.0","20","funded","2026-08-25","2026-07-16","","","no","1","Farming","yes","COP","2368423.00","621"
"CO","3226268","800.0","14","funded","2026-08-28","2026-07-16","","","no","1","Farming","no","COP","2512305.00","621"
"CO","3226270","400.0","14","funded","2026-08-21","2026-07-16","","","no","1","Farming","yes","COP","1184211.00","621"
"CO","3226263","625.0","14","funded","2026-08-25","2026-07-16","","","no","1","Farming","no","COP","1956197.00","621"
"CO","3226255","775.0","26","funded","2026-09-09","2026-07-15","","","no","1","Farming","no","COP","2368422.00","621"
"CO","3226257","675.0","26","funded","2026-08-29","2026-07-15","","","no","1","Farming","yes","COP","2064077.00","621"
"CO","3226251","1600.0","26","funded","2026-09-18","2026-07-15","","","no","1","Agriculture","no","COP","5024609.00","621"
"CO","3225690","800.0","14","funded","2026-09-01","2026-07-15","","","no","1","Agriculture","yes","COP","2506423.00","621"
"CO","3226250","400.0","14","funded","2026-08-25","2026-07-15","","","no","1","Agriculture","no","COP","1184211.00","621"
"CO","3225686","1000.0","14","funded","2026-09-01","2026-07-15","","","no","1","Farming","no","COP","3068258.00","621"
"CO","3225687","1050.0","20","funded","2026-08-25","2026-07-15","","","no","1","Agriculture","no","COP","3247402.00","621"
"CO","3225683","1825.0","17","funded","2026-09-23","2026-07-15","","","no","1","Agriculture","no","COP","5646656.00","621"
"CO","3225678","825.0","20","funded","2026-09-01","2026-07-15","","","no","1","Farming","no","COP","2575424.00","621"
"CO","3225680","825.0","14","funded","2026-08-21","2026-07-15","","","no","1","Farming","no","COP","2512304.00","621"
"CO","3225679","1025.0","20","funded","2026-09-03","2026-07-15","","","no","1","Agriculture","yes","COP","3176350.00","621"
"CO","3225670","625.0","14","funded","2026-08-27","2026-07-14","","","no","1","Farming","no","COP","1914317.00","621"
"CO","3225667","730.0","14","funded","2026-09-23","2026-07-14","","","no","1","Farming","no","COP","4378633.00","621"
"CO","3225663","1325.0","20","funded","2026-09-19","2026-07-14","","","no","1","Farming","no","COP","4123720.00","621"
"CO","3225665","825.0","14","funded","2026-09-04","2026-07-14","","","no","1","Farming","no","COP","2512304.00","621"
"CO","3222336","1425.0","20","funded","2026-09-20","2026-07-10","","","no","1","Farming","no","COP","4470162.00","621"
"CO","3222337","800.0","14","funded","2026-09-01","2026-07-10","","","no","1","Farming","no","COP","2506424.00","621"
"CO","3222330","950.0","22","funded","2026-09-03","2026-07-10","","","no","1","Farming","yes","COP","2960528.00","621"
"CO","3222325","1125.0","22","funded","2026-09-17","2026-07-09","","","no","1","Farming","yes","COP","3552634.00","621"
"CO","3222326","1600.0","26","funded","2026-09-20","2026-07-09","","","no","1","Agriculture","no","COP","5012848.00","621"
"CO","3221713","425.0","14","funded","2026-08-20","2026-07-09","","","no","1","Farming","yes","COP","1322212.00","621"
"CO","3221711","800.0","14","funded","2026-08-25","2026-07-09","","","no","1","Agriculture","yes","COP","2506423.00","621"
"CO","3221709","825.0","20","funded","2026-08-24","2026-07-09","","","no","1","Farming","yes","COP","2575423.00","621"
"CO","3221710","725.0","14","funded","2026-08-26","2026-07-09","","","no","1","Farming","yes","COP","2250004.00","621"
"CO","3221707","1025.0","26","funded","2026-08-29","2026-07-09","","","no","1","Agriculture","no","COP","3236532.00","621"
"CO","3221706","800.0","14","funded","2026-08-24","2026-07-09","","","no","1","Farming","yes","COP","2506423.00","621"
"CO","3221704","800.0","17","funded","2026-08-30","2026-07-09","","","no","1","Agriculture","yes","COP","2540923.00","621"
"CO","3221701","1200.0","26","funded","2026-09-18","2026-07-08","","","no","1","Agriculture","no","COP","3828637.00","621"
"CO","3220836","775.0","14","funded","2026-09-03","2026-07-08","","","no","1","Pigs","no","COP","2506423.00","621"
"CO","3220834","1775.0","14","funded","2026-09-22","2026-07-07","","","no","1","Farming","no","COP","5705694.00","621"
"CO","3220825","850.0","20","funded","2026-08-25","2026-07-07","","","no","1","Farming","yes","COP","2693843.00","621"
"CO","3220830","800.0","20","funded","2026-08-25","2026-07-07","","","no","1","Agriculture","yes","COP","2575424.00","621"
"CO","3220819","800.0","20","funded","2026-08-22","2026-07-07","","","no","1","Agriculture","no","COP","2575425.00","621"
"CO","3220828","725.0","14","funded","2026-08-21","2026-07-07","","","no","1","Agriculture","yes","COP","2340634.00","621"
"CO","3220704","575.0","21","funded","2026-08-20","2026-07-27","","","no","1","Poultry","no","COP","1800000.00","701"
"CO","3219988","325.0","14","funded","2026-08-18","2026-07-17","","","no","1","Pigs","no","COP","1000000.00","701"
"CO","3219985","325.0","14","funded","2026-08-26","2026-07-17","","","no","1","Poultry","no","COP","1000000.00","701"
"CO","3219975","350.0","14","funded","2026-08-20","2026-07-16","","","no","1","Agriculture","no","COP","1060000.00","701"
"CO","3219144","1725.0","15","funded","2026-09-18","2026-07-24","","","no","1","Agriculture","no","COP","5310000.00","667"
"CO","3219139","1400.0","20","funded","2026-09-18","2026-07-23","","","no","1","Animal Sales","no","COP","4300000.00","667"
"CO","3219128","1050.0","14","funded","2026-09-18","2026-07-15","","","no","1","Farming","no","COP","3250000.00","667"
"CO","3219132","725.0","14","funded","2026-09-01","2026-07-21","","","no","1","Dairy","no","COP","2211000.00","667"
"CO","3219133","725.0","15","funded","2026-09-15","2026-07-21","","","no","1","Animal Sales","no","COP","2200000.00","667"
"CO","3219127","725.0","14","funded","2026-08-19","2026-07-14","","","no","1","Farming","no","COP","2195000.00","667"
"CO","3219130","1550.0","15","funded","2026-08-28","2026-07-21","","","no","1","Dairy","no","COP","4800000.00","667"
"CO","3219134","1400.0","27","funded","2026-09-18","2026-07-22","","","no","1","Dairy","no","COP","4300000.00","667"
"CO","3219129","725.0","14","funded","2026-08-26","2026-07-17","","","no","1","Poultry","no","COP","2220000.00","667"
"CO","3219124","1875.0","14","funded","2026-09-17","2026-07-10","","","no","1","Aquaculture","no","COP","5840000.00","667"
"CO","3221699","425.0","14","funded","2026-08-17","2026-07-08","","","no","1","Poultry","no","COP","1322210.00","621"
"CO","3219081","975.0","20","funded","2026-09-03","2026-07-17","","","no","1","Livestock","no","COP","3000000.00","701"
"CO","3219042","975.0","27","funded","2026-09-17","2026-07-24","","","no","1","Farming","yes","COP","3000000.00","701"
"CO","3219012","975.0","14","funded","2026-09-18","2026-07-17","","","no","1","Poultry","no","COP","3000000.00","701"
"CO","3218984","1400.0","26","funded","2026-09-12","2026-07-17","","","no","1","Farming","no","COP","4360000.00","701"
"CO","3218333","275.0","14","funded","2026-08-13","2026-07-07","","","no","1","Farming","yes","COP","850000.00","701"
"CO","3218363","1275.0","26","funded","2026-09-17","2026-07-21","","","no","1","Pigs","no","COP","4000000.00","701"
"CO","3218367","950.0","26","funded","2026-09-17","2026-07-14","","","no","1","Poultry","no","COP","3000000.00","701"
"CO","3220837","425.0","14","funded","2026-08-13","2026-07-08","","","no","1","Farming","yes","COP","1322212.00","621"
"CO","3217571","1250.0","26","funded","2026-09-14","2026-07-10","","","no","1","Farming","no","COP","4000000.00","701"
"CO","3217676","475.0","13","funded","2026-08-18","2026-07-08","","","no","1","Poultry","no","COP","1500000.00","701"
"CO","3217665","1025.0","26","funded","2026-09-15","2026-07-08","","","no","1","Animal Sales","no","COP","3255000.00","667"
"CO","3217650","500.0","17","funded","2026-08-18","2026-07-08","","","no","1","Poultry","no","COP","1600000.00","701"
"CO","3217648","700.0","14","funded","2026-08-17","2026-07-06","","","no","1","Poultry","no","COP","2199000.00","667"
"CO","3217640","150.0","19","funded","2026-09-15","2026-07-09","","","no","1","Poultry","no","COP","2000000.00","701"
"CO","3217634","625.0","14","funded","2026-08-25","2026-07-07","","","no","1","Pigs","no","COP","2000000.00","701"
"CO","3217630","175.0","19","funded","2026-09-15","2026-07-09","","","no","1","Pigs","no","COP","3000000.00","701"
"CO","3217629","625.0","26","funded","2026-08-13","2026-07-08","","","no","1","Livestock","no","COP","2000000.00","701"
"CO","3217608","525.0","26","funded","2026-09-15","2026-07-07","","","no","1","Poultry","no","COP","4000000.00","701"
"CO","3217589","245.0","26","funded","2026-09-15","2026-07-10","","","no","1","Farming","no","COP","4815000.00","701"
"CO","3217579","1250.0","8","funded","2026-08-22","2026-07-10","","","no","1","Aquaculture","no","COP","4000000.00","701"
"CO","3217559","375.0","14","funded","2026-08-13","2026-07-16","","","no","1","Poultry","no","COP","1200000.00","688"
"CO","3217098","1975.0","20","funded","2026-09-14","2026-07-14","","","no","1","Pigs","no","COP","6300000.00","688"
"CO","3216995","1050.0","17","funded","2026-08-23","2026-07-08","","","no","1","Pigs","no","COP","3300000.00","688"
"CO","3216993","475.0","12","funded","2026-08-18","2026-07-03","","","no","1","Poultry","no","COP","1500000.00","701"
"CO","3216987","325.0","14","funded","2026-08-13","2026-07-03","","","no","1","Poultry","no","COP","1000000.00","701"
"CO","3216961","625.0","20","funded","2026-08-19","2026-07-03","","","no","1","Farming","no","COP","2000000.00","701"
"CO","3216219","1100.0","22","funded","2026-09-12","2026-07-03","","","no","1","Farming","no","COP","3500000.00","701"
"CO","3216213","475.0","14","funded","2026-09-13","2026-07-02","","","no","1","Farming","yes","COP","1500000.00","701"
"CO","3219972","805.0","14","funded","2026-09-12","2026-07-06","","","no","1","Pigs","no","COP","3690636.00","621"
"CO","3219979","550.0","14","funded","2026-08-13","2026-07-06","","","no","1","Cattle","no","COP","1659713.00","621"
"CO","3219965","1175.0","14","funded","2026-09-11","2026-07-06","","","no","1","Farming","no","COP","3690636.00","621"
"CO","3215065","950.0","27","funded","2026-09-10","2026-06-26","","","no","1","Farming","no","COP","3000000.00","701"
"CO","3214529","625.0","21","funded","2026-08-24","2026-06-26","","","no","1","Pigs","no","COP","2000000.00","701"
"CO","3214494","425.0","12","funded","2026-08-06","2026-06-26","","","no","1","Poultry","no","COP","1300000.00","701"
"CO","3214465","325.0","13","funded","2026-08-08","2026-06-23","","","no","1","Pigs","no","COP","1000000.00","701"
"CO","3214457","475.0","21","funded","2026-08-21","2026-06-23","","","no","1","Agriculture","no","COP","1500000.00","701"
"CO","3214447","625.0","15","funded","2026-08-19","2026-06-23","","","no","1","Aquaculture","no","COP","2000000.00","701"
"CO","3219959","1275.0","14","funded","2026-08-19","2026-07-04","","","no","1","Farming","yes","COP","3986687.00","621"
"CO","3219954","1925.0","14","funded","2026-09-07","2026-07-04","","","no","1","Farming","no","COP","6059059.00","621"
"CO","3218419","1375.0","15","funded","2026-09-06","2026-06-30","","","no","1","Agriculture","no","COP","4368006.00","621"
"CO","3218414","525.0","27","funded","2026-09-07","2026-06-30","","","no","1","Agriculture","yes","COP","5604956.00","621"
"CO","3219085","400.0","14","funded","2026-08-03","2026-07-01","","","no","1","Agriculture","yes","COP","1184211.00","621"
"CO","3218413","275.0","27","funded","2026-09-06","2026-06-30","","","no","1","Farming","no","COP","4756322.00","621"
"CO","3218409","225.0","15","funded","2026-09-06","2026-06-30","","","no","1","Farming","no","COP","5818666.00","621"
"CO","3218408","535.0","27","funded","2026-09-06","2026-06-30","","","no","1","Farming","no","COP","5554483.00","621"
"CO","3218405","375.0","15","funded","2026-08-03","2026-06-30","","","no","1","Cattle","no","COP","1184211.00","621"
"CO","3211224","1000.0","14","funded","2026-09-04","2026-07-08","","","no","1","Agriculture","no","COP","3250000.00","667"
"CO","3211225","375.0","8","funded","2026-08-01","2026-07-08","","","no","1","Agriculture","no","COP","1165000.00","667"
"CO","3211220","1025.0","20","funded","2026-08-13","2026-07-07","","","no","1","Livestock","no","COP","3280000.00","667"
"CO","3211222","1350.0","14","funded","2026-09-04","2026-07-08","","","no","1","Animal Sales","no","COP","4400000.00","667"
"CO","3211124","1875.0","21","funded","2026-09-04","2026-06-30","","","no","1","Pigs","no","COP","6000000.00","688"
"CO","3217594","925.0","27","funded","2026-09-04","2026-06-30","","","no","1","Farming","yes","COP","2940476.00","621"
"CO","3217605","1175.0","15","funded","2026-08-17","2026-06-30","","","no","1","Agriculture","yes","COP","3690634.00","621"
"CO","3217601","375.0","15","funded","2026-08-01","2026-06-30","","","no","1","Agriculture","no","COP","1184212.00","621"
"CO","3217600","650.0","15","funded","2026-07-31","2026-06-30","","","no","1","Livestock","no","COP","2009057.00","621"
"CO","3217582","825.0","27","funded","2026-08-04","2026-06-30","","","no","1","Agriculture","yes","COP","2644423.00","621"
"CO","3217583","1375.0","21","funded","2026-08-18","2026-06-30","","","no","1","Agriculture","yes","COP","4351741.00","621"
"CO","3217093","375.0","15","funded","2026-08-01","2026-06-30","","","no","1","Agriculture","no","COP","1184211.00","621"
"CO","3217092","1175.0","27","funded","2026-09-04","2026-06-30","","","no","1","Agriculture","yes","COP","3828637.00","621"
"CO","3217091","1200.0","23","funded","2026-09-02","2026-06-30","","","no","1","Agriculture","no","COP","3782635.00","621"
"CO","3217089","750.0","15","funded","2026-08-18","2026-06-30","","","no","1","Agriculture","no","COP","2368424.00","621"
"CO","3217087","825.0","21","funded","2026-08-02","2026-06-30","","","no","1","Livestock","no","COP","2575424.00","621"
"CO","3217088","725.0","18","funded","2026-08-11","2026-06-30","","","no","1","Pigs","no","COP","2304082.00","621"
"CO","3217080","1000.0","21","funded","2026-09-03","2026-06-30","","","no","1","Agriculture","no","COP","3197373.00","621"
"CO","3217083","800.0","16","funded","2026-08-02","2026-06-30","","","no","1","Agriculture","yes","COP","2517924.00","621"
"CO","3217063","1675.0","27","funded","2026-09-03","2026-06-30","","","no","1","Agriculture","yes","COP","5351624.00","621"
"CO","3216260","1800.0","15","funded","2026-09-02","2026-06-27","","","no","1","Agriculture","no","COP","5786370.00","621"
"CO","3216259","600.0","15","funded","2026-08-11","2026-06-27","","","no","1","Pigs","no","COP","1914318.00","621"
"CO","3216255","825.0","21","funded","2026-07-31","2026-06-27","","","no","1","Farming","yes","COP","2575422.00","621"
"CO","3216253","425.0","15","funded","2026-07-30","2026-06-27","","","no","1","Agriculture","yes","COP","1322211.00","621"
"CO","3216252","725.0","21","funded","2026-08-08","2026-06-27","","","no","1","Farming","no","COP","2279374.00","621"
"CO","3216243","800.0","15","funded","2026-09-01","2026-06-27","","","no","1","Farming","no","COP","2506423.00","621"
"CO","3216245","625.0","21","funded","2026-07-30","2026-06-27","","","no","1","Farming","yes","COP","1983317.00","621"
"CO","3216244","425.0","15","funded","2026-08-01","2026-06-27","","","no","1","Agriculture","yes","COP","1322212.00","621"
"CO","3216240","375.0","15","funded","2026-07-31","2026-06-27","","","no","1","Farming","yes","COP","1184212.00","621"
"CO","3216239","750.0","21","funded","2026-08-20","2026-06-27","","","no","1","Agriculture","no","COP","2368423.00","621"
"CO","3216232","375.0","15","funded","2026-07-31","2026-06-27","","","no","1","Agriculture","no","COP","1184212.00","621"
"CO","3216233","800.0","18","funded","2026-08-18","2026-06-27","","","no","1","Farming","yes","COP","2540925.00","621"
"CO","3216223","650.0","21","funded","2026-08-03","2026-06-27","","","no","1","Farming","yes","COP","2042530.00","621"
"CO","3216224","1525.0","18","funded","2026-09-02","2026-06-27","","","no","1","Agriculture","yes","COP","4885661.00","621"
"CO","3216211","1275.0","21","funded","2026-09-02","2026-06-27","","","no","1","Farming","no","COP","4033915.00","621"
"CO","3216220","1650.0","27","funded","2026-09-02","2026-06-27","","","no","1","Farming","yes","COP","5245872.00","621"
"CO","3216212","600.0","21","funded","2026-08-01","2026-06-27","","","no","1","Agriculture","no","COP","1894739.00","621"
"CO","3216221","750.0","15","funded","2026-08-18","2026-06-27","","","no","1","Agriculture","yes","COP","2368424.00","621"
"CO","3216209","375.0","15","funded","2026-07-31","2026-06-27","","","no","1","Agriculture","no","COP","1184213.00","621"
"CO","3216208","800.0","18","funded","2026-08-04","2026-06-27","","","no","1","Agriculture","yes","COP","2540926.00","621"
"CO","3209728","675.0","14","funded","2026-08-05","2026-07-03","","","no","1","Animal Sales","no","COP","2200000.00","667"
"CO","3209723","1650.0","15","funded","2026-09-02","2026-06-24","","","no","1","Dairy","no","COP","5350000.00","667"
"CO","3215333","375.0","15","funded","2026-07-29","2026-06-26","","","no","1","Agriculture","no","COP","1184212.00","621"
"CO","3215328","1850.0","27","funded","2026-09-01","2026-06-26","","","no","1","Livestock","no","COP","5944183.00","621"
"CO","3215330","425.0","15","funded","2026-07-29","2026-06-26","","","no","1","Pigs","no","COP","1322211.00","621"
"CO","3215325","1600.0","27","funded","2026-09-01","2026-06-26","","","no","1","Pigs","no","COP","5107086.00","621"
"CO","3215327","1175.0","18","funded","2026-09-01","2026-06-26","","","no","1","Agriculture","no","COP","3725136.00","621"
"CO","3215321","1700.0","27","funded","2026-08-18","2026-06-26","","","no","1","Agriculture","yes","COP","5415480.00","621"
"CO","3215315","1575.0","27","funded","2026-09-01","2026-06-26","","","no","1","Agriculture","yes","COP","5012847.00","621"
"CO","3215209","450.0","15","funded","2026-08-01","2026-06-26","","","no","1","Farming","no","COP","1370134.00","621"
"CO","3215211","950.0","15","funded","2026-07-31","2026-06-26","","","no","1","Farming","yes","COP","2997873.00","621"
"CO","3215214","425.0","15","funded","2026-07-31","2026-06-26","","","no","1","Farming","yes","COP","1322211.00","621"
"CO","3215207","525.0","15","funded","2026-07-30","2026-06-26","","","no","1","Farming","no","COP","1626555.00","621"
"CO","3215208","825.0","15","funded","2026-08-12","2026-06-26","","","no","1","Farming","yes","COP","2565634.00","621"
"CO","3215210","1625.0","21","funded","2026-09-01","2026-06-26","","","no","1","Pigs","no","COP","5146824.00","621"
"CO","3215206","1300.0","21","funded","2026-09-01","2026-06-25","","","no","1","Farming","no","COP","4091216.00","621"
"CO","3215203","425.0","15","funded","2026-08-03","2026-06-25","","","no","1","Farming","no","COP","1322213.00","621"
"CO","3215204","800.0","15","funded","2026-08-05","2026-06-25","","","no","1","Poultry","no","COP","2506424.00","621"
"CO","3208823","1100.0","18","funded","2026-08-31","2026-06-27","","","no","1","Animal Sales","no","COP","3500000.00","688"
"CO","3214677","375.0","15","funded","2026-07-28","2026-06-24","","","no","1","Agriculture","no","COP","1184212.00","621"
"CO","3214676","625.0","21","funded","2026-08-04","2026-06-24","","","no","1","Pigs","no","COP","1983317.00","621"
"CO","3214675","800.0","15","funded","2026-08-20","2026-06-24","","","no","1","Agriculture","no","COP","2506424.00","621"
"CO","3214696","1350.0","15","funded","2026-08-31","2026-06-25","","","no","1","Agriculture","no","COP","4274452.00","621"
"CO","3214690","1525.0","27","funded","2026-08-31","2026-06-25","","","no","1","Farming","yes","COP","4854536.00","621"
"CO","3214692","425.0","15","funded","2026-08-01","2026-06-25","","","no","1","Pigs","no","COP","1322211.00","621"
"CO","3214684","1125.0","27","funded","2026-08-13","2026-06-25","","","no","1","Farming","yes","COP","3552636.00","621"
"CO","3214688","1850.0","15","funded","2026-08-31","2026-06-25","","","no","1","Farming","no","COP","5916155.00","621"
"CO","3214682","1875.0","27","funded","2026-08-31","2026-06-24","","","no","1","Farming","no","COP","5968739.00","621"
"CO","3214678","1725.0","21","funded","2026-08-31","2026-06-24","","","no","1","Farming","no","COP","5533016.00","621"
"CO","3214680","1575.0","27","funded","2026-08-21","2026-06-24","","","no","1","Farming","no","COP","5012848.00","621"
"CO","3214674","1025.0","27","funded","2026-08-31","2026-06-24","","","no","1","Agriculture","no","COP","3276090.00","621"
"CO","3212993","750.0","27","funded","2026-08-01","2026-06-22","","","no","1","Farming","yes","COP","2368424.00","621"
"CO","3212990","625.0","21","funded","2026-08-20","2026-06-22","","","no","1","Farming","yes","COP","2020804.00","621"
"CO","3212974","925.0","15","funded","2026-08-14","2026-06-22","","","no","1","Agriculture","yes","COP","2956424.00","621"
"CO","3213732","750.0","21","funded","2026-08-01","2026-06-23","","","no","1","Farming","yes","COP","2368425.00","621"
"CO","3213739","575.0","21","funded","2026-07-31","2026-06-24","","","no","1","Farming","yes","COP","1776319.00","621"
"CO","3213738","750.0","21","funded","2026-08-10","2026-06-24","","","no","1","Agriculture","yes","COP","2368425.00","621"
"CO","3213734","1175.0","18","funded","2026-08-29","2026-06-23","","","no","1","Pigs","no","COP","3725137.00","621"
"CO","3213735","550.0","15","funded","2026-08-05","2026-06-23","","","no","1","Agriculture","no","COP","1746712.00","621"
"CO","3213736","1025.0","15","funded","2026-08-29","2026-06-23","","","no","1","Agriculture","no","COP","3264319.00","621"
"CO","3213733","600.0","15","funded","2026-07-29","2026-06-23","","","no","1","Farming","yes","COP","1914318.00","621"
"CO","3213729","800.0","15","funded","2026-08-05","2026-06-23","","","no","1","Dairy","no","COP","2506424.00","621"
"CO","3213731","750.0","21","funded","2026-08-02","2026-06-23","","","no","1","Agriculture","no","COP","2368425.00","621"
"CO","3213722","1000.0","21","funded","2026-08-06","2026-06-22","","","no","1","Farming","yes","COP","3167531.00","621"
"CO","3213725","375.0","15","funded","2026-07-26","2026-06-23","","","no","1","Farming","yes","COP","1184213.00","621"
"CO","3212994","1000.0","27","funded","2026-08-28","2026-06-22","","","no","1","Farming","no","COP","3236531.00","621"
"CO","3212983","1225.0","15","funded","2026-07-31","2026-06-22","","","no","1","Dairy","no","COP","3916821.00","621"
"CO","3212980","450.0","15","funded","2026-07-27","2026-06-22","","","no","1","Farming","yes","COP","1395040.00","621"
"CO","3212979","625.0","21","funded","2026-08-02","2026-06-22","","","no","1","Pigs","no","COP","1983320.00","621"
"CO","3212978","775.0","15","funded","2026-08-03","2026-06-22","","","no","1","Pigs","no","COP","2506424.00","621"
"CO","3212973","1100.0","21","funded","2026-07-31","2026-06-22","","","no","1","Farming","no","COP","3552637.00","621"
"CO","3212977","1675.0","27","funded","2026-08-28","2026-06-22","","","no","1","Farming","yes","COP","5434237.00","621"
"CO","3211298","1500.0","15","funded","2026-08-25","2026-06-20","","","no","1","Agriculture","no","COP","4832638.00","621"
"CO","3211297","425.0","15","funded","2026-07-22","2026-06-20","","","no","1","Agriculture","yes","COP","1322212.00","621"
"CO","3211295","825.0","15","funded","2026-08-20","2026-06-20","","","no","1","Agriculture","yes","COP","2624846.00","621"
"CO","3211289","425.0","15","funded","2026-07-21","2026-06-20","","","no","1","Pigs","no","COP","1322212.00","621"
"CO","3211288","800.0","21","funded","2026-08-05","2026-06-20","","","no","1","Agriculture","yes","COP","2575424.00","621"
"CO","3211286","1150.0","21","funded","2026-07-25","2026-06-20","","","no","1","Agriculture","yes","COP","3759635.00","621"
"CO","3211287","1825.0","15","funded","2026-08-25","2026-06-20","","","no","1","Agriculture","no","COP","5933691.00","621"
"CO","3211284","1075.0","20","funded","2026-08-25","2026-06-19","","","no","1","Farming","no","COP","3484149.00","621"
"CO","3211285","750.0","20","funded","2026-08-03","2026-06-19","","","no","1","Agriculture","yes","COP","2427635.00","621"
"CO","3211283","1175.0","27","funded","2026-07-28","2026-06-19","","","no","1","Agriculture","no","COP","3828637.00","621"
"CO","3211281","1350.0","14","funded","2026-08-18","2026-06-19","","","no","1","Pigs","no","COP","4361095.00","621"
"CO","3211278","925.0","14","funded","2026-08-22","2026-06-19","","","no","1","Farming","yes","COP","2960529.00","621"
"CO","3211277","800.0","14","funded","2026-08-20","2026-06-19","","","no","1","Farming","yes","COP","2565634.00","621"
"CO","3211272","825.0","14","funded","2026-07-22","2026-06-19","","","no","1","Agriculture","yes","COP","2624845.00","621"
"CO","3211275","375.0","14","funded","2026-07-22","2026-06-19","","","no","1","Farming","no","COP","1184211.00","621"
"CO","3211276","600.0","14","funded","2026-07-23","2026-06-19","","","no","1","Farming","yes","COP","1901291.00","621"
"CO","3211274","725.0","20","funded","2026-08-02","2026-06-19","","","no","1","Farming","no","COP","2368425.00","621"
"CO","3211270","850.0","26","funded","2026-08-03","2026-06-19","","","no","1","Farming","no","COP","2723689.00","621"
"CO","3211157","700.0","14","funded","2026-07-26","2026-06-18","","","no","1","Farming","no","COP","2210372.00","621"
"CO","3211154","600.0","14","funded","2026-07-21","2026-06-18","","","no","1","Farming","yes","COP","1914319.00","621"
"CO","3211155","1325.0","14","funded","2026-08-25","2026-06-18","","","no","1","Farming","no","COP","4242303.00","621"
"CO","3211156","825.0","20","funded","2026-07-22","2026-06-18","","","no","1","Farming","yes","COP","2617107.00","621"
"CO","3211151","800.0","20","funded","2026-08-25","2026-06-18","","","no","1","Poultry","no","COP","2575424.00","621"
"CO","3211148","1200.0","26","funded","2026-07-23","2026-06-18","","","no","1","Farming","no","COP","3828637.00","621"
"CO","3211145","975.0","14","funded","2026-07-23","2026-06-18","","","no","1","Farming","yes","COP","3098530.00","621"
"CO","3211146","1475.0","26","funded","2026-07-31","2026-06-18","","","no","1","Farming","no","COP","4736849.00","621"
"CO","3211144","1375.0","17","funded","2026-08-25","2026-06-18","","","no","1","Cattle","no","COP","4376452.00","621"
"CO","3199783","525.0","38","funded","2026-08-23","2026-06-20","","","no","1","Farming","no","COP","4319600.00","690"
"CO","3211141","1500.0","26","funded","2026-08-21","2026-06-18","","","no","1","Farming","no","COP","4847986.00","621"
"CO","3211134","1150.0","14","funded","2026-08-21","2026-06-17","","","no","1","Agriculture","no","COP","3690637.00","621"
"CO","3211128","725.0","14","funded","2026-07-18","2026-06-17","","","no","1","Agriculture","yes","COP","2328793.00","621"
"CO","3211131","1150.0","15","funded","2026-07-21","2026-06-17","","","no","1","Agriculture","yes","COP","3702137.00","621"
"CO","3211125","375.0","14","funded","2026-07-18","2026-06-17","","","no","1","Agriculture","yes","COP","1184211.00","621"
"CO","3211127","775.0","15","funded","2026-07-30","2026-06-17","","","no","1","Agriculture","no","COP","2506424.00","621"
"CO","3211120","1525.0","18","funded","2026-08-21","2026-06-17","","","no","1","Pigs","no","COP","4920848.00","621"
"CO","3211121","375.0","14","funded","2026-07-18","2026-06-17","","","no","1","Agriculture","no","COP","1184211.00","621"
"CO","3210486","825.0","14","funded","2026-07-18","2026-06-16","","","no","1","Agriculture","no","COP","2609451.00","621"
"CO","3207290","1400.0","26","funded","2026-08-20","2026-06-13","","","no","1","Agriculture","no","COP","4623162.00","621"
"CO","3207288","1125.0","26","funded","2026-08-21","2026-06-13","","","no","1","Agriculture","yes","COP","3651003.00","621"
"CO","3207278","750.0","26","funded","2026-07-25","2026-06-13","","","no","1","Agriculture","yes","COP","2444214.00","621"
"CO","3207279","1625.0","14","funded","2026-08-21","2026-06-13","","","no","1","Agriculture","yes","COP","5289322.00","621"
"CO","3207280","1100.0","20","funded","2026-08-02","2026-06-13","","","no","1","Agriculture","yes","COP","3552635.00","621"
"CO","3207277","825.0","26","funded","2026-07-19","2026-06-13","","","no","1","Agriculture","no","COP","2644427.00","621"
"CO","3207274","775.0","14","funded","2026-07-18","2026-06-13","","","no","1","Agriculture","yes","COP","2506423.00","621"
"CO","3207275","375.0","14","funded","2026-07-18","2026-06-13","","","no","1","Agriculture","yes","COP","1184213.00","621"
"CO","3207265","800.0","20","funded","2026-08-01","2026-06-12","","","no","1","Pigs","no","COP","2575424.00","621"
"CO","3206622","400.0","14","funded","2026-07-18","2026-06-12","","","no","1","Agriculture","no","COP","1322213.00","621"
"CO","3206616","750.0","14","funded","2026-07-19","2026-06-12","","","no","1","Farming","yes","COP","2506424.00","621"
"CO","3206601","1150.0","26","funded","2026-08-21","2026-06-11","","","no","1","Pigs","no","COP","3828637.00","621"
"CO","3206573","625.0","14","funded","2026-07-18","2026-06-10","","","no","1","Agriculture","no","COP","2013160.00","621"
"CO","3206560","775.0","18","funded","2026-07-19","2026-06-10","","","no","1","Agriculture","yes","COP","2552423.00","621"
"CO","3205671","550.0","20","funded","2026-07-18","2026-06-09","","","no","1","Agriculture","no","COP","1776317.00","621"
"CO","3205668","1700.0","26","funded","2026-08-21","2026-06-09","","","no","1","Farming","no","COP","5604953.00","621"
"CO","3204130","1100.0","26","funded","2026-08-21","2026-06-06","","","no","1","Agriculture","no","COP","3591794.00","621"
"CO","3201906","1175.0","38","funded","2026-08-21","2026-06-20","","","no","1","Farming","no","COP","3995630.00","690"
"CO","3201901","1450.0","38","funded","2026-08-21","2026-06-20","","","no","1","Farming","no","COP","4967540.00","690"
"CO","3201898","1900.0","38","funded","2026-08-21","2026-06-20","","","no","1","Agriculture","no","COP","6479400.00","690"
"CO","3199819","2200.0","26","funded","2026-08-21","2026-06-20","","","no","1","Agriculture","yes","COP","7559300.00","690"
"CO","3199810","1975.0","38","funded","2026-08-21","2026-06-20","","","no","1","Farming","no","COP","6803370.00","690"
"CO","3199817","650.0","20","funded","2026-08-21","2026-06-20","","","no","1","Pigs","no","COP","2159800.00","690"
"CO","3199816","325.0","20","funded","2026-07-31","2026-06-20","","","no","1","Farming","no","COP","1099900.00","690"
"CO","3199811","1900.0","38","funded","2026-08-21","2026-06-20","","","no","1","Farming","no","COP","6479400.00","690"
"CO","3199814","1900.0","14","funded","2026-08-21","2026-06-20","","","no","1","Farming","yes","COP","6479400.00","690"
"CO","3199807","325.0","14","funded","2026-08-16","2026-06-20","","","no","1","Agriculture","no","COP","1077902.00","690"
"CO","3199809","525.0","14","funded","2026-08-21","2026-06-20","","","no","1","Agriculture","no","COP","1759840.00","690"
"CO","3199806","2275.0","38","funded","2026-08-21","2026-06-20","","","no","1","Agriculture","no","COP","7775280.00","690"
"CO","3199804","1100.0","20","funded","2026-08-21","2026-06-20","","","no","1","Dairy","no","COP","3779650.00","690"
"CO","3199788","1725.0","26","funded","2026-08-21","2026-06-20","","","no","1","Agriculture","no","COP","5939450.00","690"
"CO","3199780","400.0","14","funded","2026-07-31","2026-06-20","","","no","1","Agriculture","no","COP","1319880.00","690"
"CO","3199775","1175.0","26","funded","2026-08-21","2026-06-20","","","no","1","Agriculture","no","COP","3995630.00","690"
"CO","3199776","1100.0","20","funded","2026-08-21","2026-06-20","","","no","1","Agriculture","no","COP","3779650.00","690"
"CO","3199771","500.0","14","funded","2026-08-20","2026-06-20","","","no","1","Farming","no","COP","1649850.00","690"
"CO","3199773","2200.0","26","funded","2026-08-21","2026-06-20","","","no","1","Poultry","no","COP","7559300.00","690"
"CO","3199774","550.0","14","funded","2026-08-19","2026-06-20","","","no","1","Agriculture","no","COP","1814835.00","690"
"CO","3199600","525.0","26","funded","2026-08-02","2026-06-20","","","no","1","Farming","no","COP","1619850.00","690"
"CO","3199768","2200.0","26","funded","2026-08-21","2026-06-20","","","no","1","Farming","no","COP","7559300.00","690"
"CO","3199546","825.0","26","funded","2026-08-20","2026-06-20","","","no","1","Farming","no","COP","2593565.00","690"
"CO","3201216","950.0","14","funded","2026-08-20","2026-06-22","","","no","1","Farming","no","COP","3245000.00","667"
"CO","3201179","300.0","12","funded","2026-07-18","2026-06-03","","","no","1","Farming","no","COP","1000000.00","701"
"CO","3201206","600.0","18","funded","2026-08-08","2026-06-22","","","no","1","Cattle","no","COP","2050000.00","667"
"CO","3201221","1250.0","27","funded","2026-08-18","2026-06-22","","","no","1","Animal Sales","no","COP","4280000.00","667"
"CO","3201249","500.0","15","funded","2026-07-18","2026-06-30","","","no","1","Livestock","no","COP","1700000.00","667"
"CO","3201236","1250.0","19","funded","2026-08-01","2026-06-24","","","no","1","Farming","no","COP","4300000.00","667"
"CO","3201242","675.0","21","funded","2026-08-18","2026-06-22","","","no","1","Flowers","no","COP","2300000.00","667"
"CO","3201223","800.0","14","funded","2026-08-18","2026-06-27","","","no","1","Agriculture","no","COP","2705000.00","667"
"CO","3201228","975.0","21","funded","2026-08-18","2026-06-22","","","no","1","Cattle","no","COP","3300000.00","667"
"CO","3201151","500.0","8","funded","2026-07-17","2026-06-10","","","no","1","Pigs","no","COP","1700000.00","667"
"CO","3201219","1250.0","15","funded","2026-08-18","2026-06-24","","","no","1","Farming","no","COP","4280000.00","667"
"CO","3201176","300.0","8","funded","2026-07-15","2026-06-09","","","no","1","Poultry","no","COP","1000000.00","701"
"CO","3201167","450.0","14","funded","2026-07-18","2026-06-18","","","no","1","Poultry","no","COP","1500000.00","701"
"CO","3201161","600.0","17","funded","2026-07-18","2026-06-11","","","no","1","Poultry","no","COP","2000000.00","701"
"CO","3201160","975.0","17","funded","2026-07-29","2026-06-17","","","no","1","Cattle","no","COP","3300000.00","667"
"CO","3201156","350.0","14","funded","2026-07-17","2026-06-12","","","no","1","Farming","no","COP","1150000.00","667"
"CO","3201143","1250.0","20","funded","2026-08-18","2026-06-03","","","no","1","Dairy","no","COP","4270000.00","667"
"CO","3201137","25.0","20","funded","2026-08-18","2026-06-05","","","no","1","Farming","no","COP","5350000.00","667"
"CO","3201123","600.0","14","funded","2026-07-18","2026-06-17","","","no","1","Pigs","no","COP","2000000.00","701"
"CO","3206611","375.0","14","funded","2026-07-15","2026-06-11","","","no","1","Livestock","no","COP","1184213.00","621"
"CO","3201105","625.0","14","funded","2026-07-21","2026-06-11","","","no","1","Poultry","no","COP","2120000.00","701"
"CO","3201096","675.0","14","funded","2026-07-30","2026-06-03","","","no","1","Poultry","no","COP","2300000.00","667"
"CO","3201094","775.0","14","funded","2026-07-21","2026-06-11","","","no","1","Aquaculture","no","COP","2600000.00","701"
"CO","3199772","550.0","14","funded","2026-08-16","2026-06-20","","","no","1","Farming","no","COP","1835830.00","690"
"CO","3199769","525.0","14","funded","2026-08-16","2026-06-20","","","no","1","Agriculture","no","COP","1746199.00","690"
"CO","3199770","400.0","14","funded","2026-08-16","2026-06-20","","","no","1","Farming","no","COP","1374875.00","690"
"CO","3199561","1275.0","20","funded","2026-08-02","2026-06-20","","","no","1","Agriculture","no","COP","4319600.00","690"
"CO","3199551","475.0","20","funded","2026-08-16","2026-06-20","","","no","1","Agriculture","no","COP","1619850.00","690"
"CO","3199550","850.0","14","funded","2026-08-15","2026-06-20","","","no","1","Farming","no","COP","2859740.00","690"
"CO","3199547","325.0","14","funded","2026-07-21","2026-06-20","","","no","1","Farming","yes","COP","1098801.00","690"
"CO","3199603","1475.0","38","funded","2026-08-15","2026-06-20","","","no","1","Farming","no","COP","5075530.00","690"
"CO","3199605","1900.0","20","funded","2026-08-15","2026-06-20","","","no","1","Farming","no","COP","6479400.00","690"
"CO","3199606","2200.0","20","funded","2026-08-15","2026-06-20","","","no","1","Farming","no","COP","7559300.00","690"
"CO","3199597","950.0","14","funded","2026-08-15","2026-06-20","","","no","1","Farming","no","COP","3239700.00","690"
"CO","3199601","1575.0","38","funded","2026-08-15","2026-06-20","","","no","1","Agriculture","no","COP","5399500.00","690"
"CO","3199590","1300.0","26","funded","2026-08-15","2026-06-20","","","no","1","Farming","no","COP","4399600.00","690"
"CO","3199594","1575.0","20","funded","2026-08-15","2026-06-20","","","no","1","Farming","no","COP","5399500.00","690"
"CO","3199598","475.0","14","funded","2026-08-09","2026-06-20","","","no","1","Agriculture","no","COP","1619850.00","690"
"CO","3199591","850.0","38","funded","2026-08-15","2026-06-20","","","no","1","Farming","no","COP","2859740.00","690"
"CO","3199596","475.0","14","funded","2026-07-21","2026-06-20","","","no","1","Livestock","no","COP","1619850.00","690"
"CO","3199595","575.0","20","funded","2026-08-15","2026-06-20","","","no","1","Agriculture","no","COP","1974321.00","690"
"CO","3199593","725.0","14","funded","2026-08-15","2026-06-20","","","no","1","Farming","no","COP","2419780.00","690"
"CO","3199587","875.0","14","funded","2026-08-15","2026-06-20","","","no","1","Livestock","no","COP","2969730.00","690"
"CO","3199592","775.0","38","funded","2026-08-15","2026-06-20","","","no","1","Agriculture","no","COP","2639760.00","690"
"CO","3199579","650.0","26","funded","2026-07-19","2026-06-12","","","no","1","Farming","no","COP","2200000.00","701"
"CO","3199578","650.0","14","funded","2026-07-19","2026-06-18","","","no","1","Poultry","no","COP","2230000.00","701"
"CO","3199577","300.0","15","funded","2026-07-14","2026-06-23","","","no","1","Aquaculture","no","COP","1000000.00","701"
"CO","3199557","650.0","26","funded","2026-08-14","2026-06-20","","","no","1","Farming","no","COP","2159800.00","690"
"CO","3199573","325.0","14","funded","2026-07-15","2026-06-12","","","no","1","Poultry","no","COP","1100000.00","701"
"CO","3199554","625.0","14","funded","2026-08-14","2026-06-20","","","no","1","Agriculture","no","COP","2089810.00","690"
"CO","3199568","300.0","14","funded","2026-07-16","2026-06-12","","","no","1","Farming","no","COP","1000000.00","701"
"CO","3199567","300.0","20","funded","2026-07-17","2026-06-19","","","no","1","Farming","no","COP","1000000.00","701"
"CO","3199565","2050.0","38","funded","2026-08-14","2026-06-20","","","no","1","Dairy","no","COP","7019350.00","690"
"CO","3199563","650.0","14","funded","2026-08-14","2026-06-20","","","no","1","Farming","no","COP","2232797.00","690"
"CO","3199549","650.0","14","funded","2026-08-14","2026-06-20","","","no","1","Farming","no","COP","2199800.00","690"
"CO","3199508","425.0","20","funded","2026-08-14","2026-06-20","","","no","1","Farming","yes","COP","1396873.00","690"
"CO","3199521","2200.0","20","funded","2026-08-14","2026-06-20","","","no","1","Farming","no","COP","7559300.00","690"
"CO","3199520","850.0","14","funded","2026-08-14","2026-06-20","","","no","1","Cattle","no","COP","2859740.00","690"
"CO","3199515","1575.0","20","funded","2026-08-14","2026-06-20","","","no","1","Agriculture","no","COP","5399500.00","690"
"CO","3199519","425.0","14","funded","2026-08-09","2026-06-20","","","no","1","Agriculture","no","COP","1429870.00","690"
"CO","3199513","450.0","14","funded","2026-08-14","2026-06-20","","","no","1","Farming","no","COP","1468870.00","690"
"CO","3199511","750.0","14","funded","2026-08-14","2026-06-20","","","no","1","Farming","no","COP","2496773.00","690"
"CO","3199506","800.0","14","funded","2026-08-14","2026-06-20","","","no","1","Agriculture","no","COP","2738751.00","690"
"CO","3199503","325.0","20","funded","2026-07-18","2026-06-20","","","no","1","Agriculture","no","COP","1079900.00","690"
"CO","3199485","450.0","18","funded","2026-07-19","2026-05-30","","","no","1","Farming","no","COP","1500000.00","701"
"CO","3199484","600.0","21","funded","2026-07-26","2026-05-28","","","no","1","Poultry","no","COP","2000000.00","701"
"CO","3199494","425.0","14","funded","2026-07-31","2026-06-20","","","no","1","Farming","no","COP","1429870.00","690"
"CO","3199496","550.0","26","funded","2026-08-13","2026-06-20","","","no","1","Agriculture","no","COP","1869830.00","690"
"CO","3199501","400.0","14","funded","2026-07-18","2026-06-20","","","no","1","Farming","no","COP","1319880.00","690"
"CO","3199499","325.0","26","funded","2026-08-13","2026-06-20","","","no","1","Farming","no","COP","1047446.00","690"
"CO","3206557","400.0","14","funded","2026-07-13","2026-06-10","","","no","1","Farming","yes","COP","1322212.00","621"
"CO","3199462","1175.0","27","funded","2026-08-13","2026-05-28","","","no","1","Livestock","no","COP","4000000.00","701"
"CO","3204124","725.0","14","funded","2026-07-10","2026-06-06","","","no","1","Agriculture","yes","COP","2368424.00","621"
"CO","3203245","1450.0","14","funded","2026-08-13","2026-06-05","","","no","1","Pigs","no","COP","4874847.00","621"
"CO","3199457","1000.0","27","funded","2026-08-13","2026-05-29","","","no","1","Poultry","no","COP","3400000.00","701"
"CO","3199451","1175.0","27","funded","2026-08-13","2026-05-27","","","no","1","Pigs","no","COP","4000000.00","701"
"CO","3199388","815.0","27","funded","2026-08-13","2026-05-30","","","no","1","Poultry","no","COP","4000000.00","701"
"CO","3199359","420.0","21","funded","2026-08-13","2026-05-30","","","no","1","Farming","no","COP","3000000.00","701"
"CO","3198871","625.0","38","expired","","2026-06-20","","","no","1","Farming","no","COP","2089810.00","690"
"CO","3198890","75.0","14","funded","2026-08-13","2026-06-20","","","no","1","Farming","no","COP","1933021.00","690"
"CO","3198880","50.0","14","funded","2026-08-13","2026-06-20","","","no","1","Farming","no","COP","1649850.00","690"
"CO","3198886","50.0","14","funded","2026-08-13","2026-06-20","","","no","1","Farming","no","COP","1099900.00","690"
"CO","3198876","125.0","14","funded","2026-08-13","2026-06-20","","","no","1","Farming","no","COP","1319880.00","690"
"CO","3198869","250.0","14","funded","2026-08-13","2026-06-20","","","no","1","Farming","no","COP","1594855.00","690"
"CO","3198874","75.0","14","funded","2026-08-13","2026-06-20","","","no","1","Agriculture","no","COP","1044905.00","690"
"CO","3198820","1125.0","20","funded","2026-08-13","2026-06-20","","","no","1","Farming","no","COP","7559300.00","690"
"CO","3198821","50.0","14","funded","2026-08-13","2026-06-20","","","no","1","Farming","no","COP","3299700.00","690"
"CO","3198817","1025.0","26","funded","2026-08-13","2026-06-20","","","no","1","Agriculture","no","COP","3519680.00","690"
"CO","3198818","1050.0","38","funded","2026-08-12","2026-06-20","","","no","1","Agriculture","no","COP","3574675.00","690"
"CO","3198819","50.0","20","funded","2026-08-13","2026-06-20","","","no","1","Agriculture","no","COP","3299700.00","690"
"CO","3198816","175.0","26","funded","2026-08-13","2026-06-20","","","no","1","Farming","no","COP","1099900.00","690"
"CO","3198815","700.0","38","funded","2026-08-11","2026-06-20","","","no","1","Agriculture","no","COP","2342787.00","690"
"CO","3198812","550.0","38","funded","2026-08-07","2026-06-20","","","no","1","Livestock","no","COP","1814835.00","690"
"CO","3198814","125.0","38","funded","2026-08-13","2026-06-20","","","no","1","Livestock","no","COP","7559300.00","690"
"CO","3198813","325.0","14","funded","2026-07-27","2026-06-20","","","no","1","Agriculture","no","COP","1099900.00","690"
"CO","3198810","500.0","14","funded","2026-08-12","2026-06-20","","","no","1","Farming","no","COP","1649686.00","690"
"CO","3198811","605.0","14","funded","2026-08-13","2026-06-20","","","no","1","Farming","no","COP","2639760.00","690"
"CO","3198808","180.0","26","funded","2026-08-13","2026-06-20","","","no","1","Farming","no","COP","7019350.00","690"
"CO","3198806","1225.0","26","funded","2026-08-12","2026-06-20","","","no","1","Farming","no","COP","4140574.00","690"
"CO","3198807","900.0","20","funded","2026-08-12","2026-06-20","","","no","1","Farming","no","COP","3079720.00","690"
"CO","3198761","550.0","26","funded","2026-08-12","2026-06-22","","","no","1","Poultry","no","COP","8000000.00","688"
"CO","3198706","325.0","14","funded","2026-07-19","2026-06-20","","","no","1","Farming","no","COP","1079900.00","690"
"CO","3198700","425.0","32","funded","2026-07-19","2026-06-20","","","no","1","Dairy","no","COP","1429870.00","690"
"CO","3198702","1575.0","26","funded","2026-08-11","2026-06-20","","","no","1","Agriculture","no","COP","5399500.00","690"
"CO","3198696","1425.0","14","funded","2026-08-11","2026-06-20","","","no","1","Farming","no","COP","4859550.00","690"
"CO","3198694","700.0","14","funded","2026-08-11","2026-06-20","","","no","1","Agriculture","no","COP","2364785.00","690"
"CO","3198671","475.0","14","funded","2026-08-11","2026-06-20","","","no","1","Agriculture","no","COP","1619850.00","690"
"CO","3198666","535.0","20","funded","2026-08-11","2026-07-05","","","no","1","Agriculture","no","COP","1943820.00","690"
"CO","3198645","1275.0","26","funded","2026-08-11","2026-07-05","","","no","1","Farming","no","COP","4319600.00","690"
"CO","3198656","775.0","26","funded","2026-08-11","2026-07-05","","","no","1","Agriculture","no","COP","2627397.00","690"
"CO","3198650","370.0","14","funded","2026-08-11","2026-07-05","","","no","1","Agriculture","no","COP","1319880.00","690"
"CO","3198041","350.0","14","funded","2026-07-08","2026-07-05","","","no","1","Farming","no","COP","1176893.00","690"
"CO","3198037","325.0","20","funded","2026-08-09","2026-07-05","","","no","1","Agriculture","no","COP","1099900.00","690"
"CO","3198032","225.0","23","funded","2026-08-10","2026-07-05","","","no","1","Agriculture","no","COP","7235330.00","690"
"CO","3198033","175.0","20","funded","2026-08-10","2026-07-05","","","no","1","Agriculture","no","COP","1869830.00","690"
"CO","3198030","475.0","14","funded","2026-07-25","2026-07-05","","","no","1","Agriculture","no","COP","1619850.00","690"
"CO","3198025","325.0","14","funded","2026-08-10","2026-07-05","","","no","1","Agriculture","no","COP","2159800.00","690"
"CO","3198020","75.0","14","funded","2026-08-10","2026-06-13","","","no","1","Animal Sales","no","COP","4000000.00","667"
"CO","3198018","25.0","38","funded","2026-08-10","2026-07-05","","","no","1","Flowers","no","COP","5399500.00","690"
"CO","3198022","25.0","14","funded","2026-08-10","2026-07-05","","","no","1","Agriculture","no","COP","1517862.00","690"
"CO","3198013","275.0","38","funded","2026-08-10","2026-07-05","","","no","1","Agriculture","no","COP","6803370.00","690"
"CO","3198015","575.0","38","funded","2026-08-10","2026-07-05","","","no","1","Agriculture","no","COP","2699750.00","690"
"CO","3197991","675.0","17","funded","2026-08-09","2026-06-04","","","no","1","Farming","no","COP","5250000.00","667"
"CO","3197982","1175.0","17","funded","2026-07-22","2026-06-05","","","no","1","Livestock","no","COP","4000000.00","667"
"CO","3197317","475.0","17","funded","2026-08-08","2026-06-20","","","no","1","Agriculture","no","COP","1619850.00","690"
"CO","3197256","100.0","14","funded","2026-08-09","2026-06-20","","","no","1","Agriculture","no","COP","6479400.00","690"
"CO","3196485","575.0","14","funded","2026-08-08","2026-06-20","","","no","1","Agriculture","no","COP","1915418.00","690"
"CO","3196483","500.0","26","funded","2026-08-08","2026-06-20","","","no","1","Cattle","no","COP","1649850.00","690"
"CO","3196481","800.0","14","funded","2026-08-08","2026-06-20","","","no","1","Farming","no","COP","2693656.00","690"
"CO","3196480","450.0","38","funded","2026-08-08","2026-06-20","","","no","1","Agriculture","no","COP","1517862.00","690"
"CO","3196464","325.0","14","funded","2026-08-08","2026-06-20","","","no","1","Agriculture","no","COP","1099900.00","690"
"CO","3197465","750.0","15","funded","2026-07-19","2026-05-25","","","no","1","Farming","no","COP","2500000.00","701"
"CO","3196473","550.0","14","funded","2026-07-18","2026-06-20","","","no","1","Farming","yes","COP","1839033.00","690"
"CO","3196478","250.0","26","funded","2026-08-08","2026-06-20","","","no","1","Agriculture","no","COP","6883835.00","690"
"CO","3196479","650.0","14","funded","2026-08-07","2026-06-20","","","no","1","Cattle","no","COP","2199800.00","690"
"CO","3197399","475.0","38","funded","2026-07-18","2026-07-05","","","no","1","Farming","yes","COP","1619850.00","690"
"CO","3197397","320.0","26","funded","2026-08-08","2026-07-05","","","no","1","Farming","no","COP","3239700.00","690"
"CO","3197394","425.0","38","funded","2026-07-17","2026-07-05","","","no","1","Farming","yes","COP","1403870.00","690"
"CO","3203240","1050.0","26","funded","2026-08-07","2026-06-05","","","no","1","Farming","yes","COP","4736847.00","621"
"CO","3197391","600.0","14","funded","2026-08-07","2026-07-05","","","no","1","Agriculture","no","COP","2056813.00","690"
"CO","3197389","400.0","14","funded","2026-07-11","2026-07-05","","","no","1","Agriculture","no","COP","1332734.00","690"
"CO","3203236","375.0","14","funded","2026-07-04","2026-06-05","","","no","1","Farming","no","COP","1184211.00","621"
"CO","3197376","950.0","18","funded","2026-08-07","2026-06-18","","","no","1","Cattle","no","COP","3240000.00","667"
"CO","3203228","425.0","14","funded","2026-07-06","2026-06-04","","","no","1","Farming","yes","COP","1421054.00","621"
"CO","3195420","700.0","15","funded","2026-07-15","2026-05-25","","","no","1","Farming","yes","COP","2368423.00","621"
"CO","3197370","650.0","14","funded","2026-07-08","2026-06-17","","","no","1","Animal Sales","no","COP","2205000.00","667"
"CO","3197335","950.0","14","funded","2026-07-18","2026-06-23","","","no","1","Dairy","no","COP","3240000.00","667"
"CO","3197343","975.0","14","funded","2026-08-07","2026-06-20","","","no","1","Cattle","no","COP","3347690.00","690"
"CO","3197323","750.0","14","funded","2026-07-21","2026-06-20","","","no","1","Farming","no","COP","2529770.00","690"
"CO","3197320","1275.0","26","funded","2026-07-31","2026-06-03","","","no","1","Agriculture","no","COP","4350000.00","667"
"CO","3197246","1075.0","14","funded","2026-08-07","2026-06-20","","","no","1","Farming","no","COP","3623071.00","690"
"CO","3196135","1125.0","14","funded","2026-08-07","2026-06-20","","","no","1","Agriculture","no","COP","3849650.00","690"
"CO","3196182","100.0","14","funded","2026-08-07","2026-06-20","","","no","1","Farming","yes","COP","2199800.00","690"
"CO","3196129","225.0","14","funded","2026-08-07","2026-06-20","","","no","1","Aquaculture","no","COP","2199800.00","690"
"CO","3196490","50.0","14","funded","2026-08-07","2026-06-20","","","no","1","Agriculture","no","COP","2237197.00","690"
"CO","3196491","75.0","14","funded","2026-08-07","2026-06-20","","","no","1","Agriculture","no","COP","1169194.00","690"
"CO","3196495","410.0","20","funded","2026-08-07","2026-06-20","","","no","1","Agriculture","no","COP","2639760.00","690"
"CO","3196126","50.0","14","funded","2026-08-07","2026-06-20","","","no","1","Agriculture","no","COP","1957822.00","690"
"CO","3196487","725.0","14","funded","2026-08-06","2026-06-20","","","no","1","Agriculture","no","COP","2419780.00","690"
"CO","3196179","105.0","14","funded","2026-08-07","2026-06-20","","","no","1","Farming","yes","COP","1539860.00","690"
"CO","3196154","325.0","14","funded","2026-07-03","2026-06-20","","","no","1","Farming","yes","COP","1099900.00","690"
"CO","3196476","190.0","26","funded","2026-08-07","2026-06-20","","","no","1","Agriculture","no","COP","2254795.00","690"
"CO","3196469","325.0","14","funded","2026-08-06","2026-06-20","","","no","1","Farming","yes","COP","1044905.00","690"
"CO","3196465","325.0","14","funded","2026-08-07","2026-06-20","","","no","1","Agriculture","no","COP","1099900.00","690"
"CO","3196122","240.0","20","funded","2026-08-07","2026-06-20","","","no","1","Cattle","no","COP","3296401.00","690"
"CO","3196186","500.0","14","funded","2026-08-05","2026-06-20","","","no","1","Farming","no","COP","1649850.00","690"
"CO","3196175","875.0","20","funded","2026-08-05","2026-06-20","","","no","1","Poultry","no","COP","2969730.00","690"
"CO","3196204","675.0","14","funded","2026-08-05","2026-06-20","","","no","1","Agriculture","no","COP","2309790.00","690"
"CO","3195131","325.0","14","funded","2026-07-30","2026-06-20","","","no","1","Agriculture","no","COP","1099900.00","690"
"CO","3195130","775.0","20","funded","2026-08-05","2026-06-20","","","no","1","Agriculture","no","COP","2611163.00","690"
"CO","3195112","500.0","14","funded","2026-08-05","2026-07-05","","","no","1","Farming","no","COP","1649850.00","690"
"CO","3195388","750.0","26","funded","2026-08-05","2026-06-20","","","no","1","Farming","no","COP","2529770.00","690"
"CO","3195386","475.0","26","funded","2026-08-05","2026-06-20","","","no","1","Agriculture","no","COP","1649850.00","690"
"CO","3195384","150.0","19","funded","2026-08-05","2026-06-20","","","no","1","Agriculture","no","COP","2918035.00","690"
"CO","3195380","425.0","38","funded","2026-08-02","2026-06-20","","","no","1","Agriculture","no","COP","1429870.00","690"
"CO","3195378","275.0","20","funded","2026-08-05","2026-06-20","","","no","1","Agriculture","no","COP","1649850.00","690"
"CO","3195377","175.0","14","funded","2026-08-05","2026-06-20","","","no","1","Agriculture","no","COP","1869830.00","690"
"CO","3195372","175.0","14","funded","2026-08-05","2026-06-20","","","no","1","Agriculture","no","COP","2254795.00","690"
"CO","3195375","200.0","20","funded","2026-08-05","2026-06-20","","","no","1","Agriculture","no","COP","1649850.00","690"
"CO","3195368","425.0","14","funded","2026-07-19","2026-06-20","","","no","1","Farming","no","COP","1429870.00","690"
"CO","3195367","650.0","20","funded","2026-08-04","2026-06-20","","","no","1","Farming","no","COP","2199800.00","690"
"CO","3195365","325.0","14","funded","2026-07-18","2026-06-20","","","no","1","Farming","no","COP","1099900.00","690"
"CO","3195363","125.0","26","funded","2026-08-05","2026-06-20","","","no","1","Agriculture","no","COP","2914735.00","690"
"CO","3195271","1575.0","26","funded","2026-08-04","2026-06-20","","","no","1","Agriculture","no","COP","5399500.00","690"
"CO","3195361","200.0","14","funded","2026-08-05","2026-06-20","","","no","1","Agriculture","no","COP","2199800.00","690"
"CO","3195359","500.0","20","funded","2026-08-04","2026-06-20","","","no","1","Agriculture","no","COP","1649850.00","690"
"CO","3195357","325.0","14","funded","2026-07-05","2026-06-20","","","no","1","Agriculture","no","COP","1099900.00","690"
"CO","3195268","825.0","14","funded","2026-08-05","2026-06-20","","","no","1","Livestock","no","COP","3629670.00","690"
"CO","3195266","850.0","14","funded","2026-08-05","2026-06-20","","","no","1","Farming","no","COP","7019350.00","690"
"CO","3195259","550.0","14","funded","2026-08-04","2026-06-20","","","no","1","Agriculture","no","COP","1869830.00","690"
"CO","3195265","500.0","14","funded","2026-07-01","2026-06-20","","","no","1","Livestock","no","COP","1682847.00","690"
"CO","3195267","700.0","14","funded","2026-08-04","2026-06-20","","","no","1","Agriculture","no","COP","2364785.00","690"
"CO","3195270","800.0","20","funded","2026-08-04","2026-06-20","","","no","1","Agriculture","no","COP","2749750.00","690"
"CO","3195262","400.0","14","funded","2026-08-04","2026-06-20","","","no","1","Agriculture","no","COP","1319880.00","690"
"CO","3195263","325.0","14","funded","2026-07-10","2026-06-20","","","no","1","Agriculture","no","COP","1099900.00","690"
"CO","3195269","650.0","14","funded","2026-08-04","2026-06-20","","","no","1","Agriculture","no","COP","2199800.00","690"
"CO","3195264","725.0","14","funded","2026-08-04","2026-06-20","","","no","1","Agriculture","no","COP","2474775.00","690"
"CO","3195261","325.0","14","funded","2026-08-04","2026-06-20","","","no","1","Agriculture","no","COP","1099900.00","690"
"CO","3195260","400.0","14","funded","2026-07-07","2026-06-20","","","no","1","Farming","no","COP","1319880.00","690"
"CO","3195258","375.0","14","funded","2026-08-04","2026-06-20","","","no","1","Agriculture","no","COP","1209890.00","690"
"CO","3195257","650.0","14","funded","2026-08-04","2026-06-20","","","no","1","Agriculture","no","COP","2199800.00","690"
"CO","3195226","600.0","20","funded","2026-07-14","2026-05-19","","","no","1","Aquaculture","no","COP","2000000.00","701"
"CO","3195164","250.0","11","funded","2026-07-04","2026-05-28","","","no","1","Pigs","no","COP","800000.00","701"
"CO","3195132","325.0","26","funded","2026-07-18","2026-06-20","","","no","1","Farming","no","COP","1099900.00","690"
"CO","3195101","150.0","14","funded","2026-08-04","2026-06-20","","","no","1","Livestock","no","COP","3239700.00","690"
"CO","3195128","325.0","20","funded","2026-08-04","2026-06-20","","","no","1","Farming","no","COP","2483770.00","690"
"CO","3195126","145.0","14","funded","2026-08-04","2026-06-20","","","no","1","Farm Supplies","no","COP","2656259.00","690"
"CO","3195122","325.0","14","funded","2026-07-01","2026-06-20","","","no","1","Livestock","no","COP","1099900.00","690"
"CO","3195120","50.0","38","funded","2026-08-04","2026-06-20","","","no","1","Agriculture","no","COP","5059540.00","690"
"CO","3195103","125.0","14","funded","2026-08-04","2026-06-20","","","no","1","Agriculture","no","COP","1869830.00","690"
"CO","3194644","100.0","14","funded","2026-08-03","2026-06-20","","","no","1","Agriculture","no","COP","1943820.00","690"
"CO","3194645","335.0","14","funded","2026-08-03","2026-06-20","","","no","1","Agriculture","no","COP","3299700.00","690"
"CO","3194643","200.0","38","funded","2026-08-03","2026-06-20","","","no","1","Agriculture","no","COP","2859740.00","690"
"CO","3194642","100.0","38","funded","2026-08-03","2026-06-20","","","no","1","Agriculture","no","COP","2699750.00","690"
"CO","3194641","125.0","38","funded","2026-08-03","2026-06-20","","","no","1","Agriculture","no","COP","2610459.00","690"
"CO","3194637","350.0","26","funded","2026-08-03","2026-06-20","","","no","1","Agriculture","no","COP","3063222.00","690"
"CO","3194634","625.0","14","funded","2026-07-26","2026-06-20","","","no","1","Farming","no","COP","2089810.00","690"
"CO","3194624","325.0","14","funded","2026-07-06","2026-06-20","","","no","1","Agriculture","no","COP","1044905.00","690"
"CO","3194630","550.0","14","funded","2026-07-26","2026-06-20","","","no","1","Livestock","no","COP","1869830.00","690"
"CO","3194629","625.0","14","funded","2026-08-03","2026-06-20","","","no","1","Cattle","no","COP","3239700.00","690"
"CO","3194627","500.0","20","funded","2026-07-14","2026-06-20","","","no","1","Agriculture","no","COP","1694850.00","690"
"CO","3194628","75.0","14","funded","2026-08-03","2026-06-20","","","no","1","Agriculture","no","COP","1241885.00","690"
"CO","3194623","550.0","14","funded","2026-08-01","2026-06-20","","","no","1","Farming","no","COP","1858831.00","690"
"CO","3194621","295.0","26","funded","2026-08-03","2026-06-20","","","no","1","Agriculture","no","COP","5197540.00","690"
"CO","3194619","75.0","20","funded","2026-08-03","2026-06-20","","","no","1","Agriculture","no","COP","1292383.00","690"
"CO","3198097","400.0","15","funded","2026-07-01","2026-05-29","","","no","1","Agriculture","yes","COP","1322212.00","621"
"CO","3199767","1125.0","27","funded","2026-07-19","2026-05-30","","","no","1","Farming","no","COP","3828637.00","621"
"CO","3199797","1325.0","15","funded","2026-08-03","2026-05-30","","","no","1","Agriculture","no","COP","4530630.00","621"
"CO","3199790","1200.0","27","funded","2026-08-03","2026-05-29","","","no","1","Agriculture","no","COP","4110911.00","621"
"CO","3199778","150.0","27","funded","2026-08-03","2026-05-30","","","no","1","Agriculture","no","COP","3828635.00","621"
"CO","3199779","200.0","23","funded","2026-08-03","2026-05-30","","","no","1","Agriculture","no","COP","3841846.00","621"
"CO","3193705","675.0","13","funded","2026-07-18","2026-05-29","","","no","1","Agriculture","no","COP","2250000.00","701"
"CO","3199640","750.0","21","funded","2026-07-17","2026-05-30","","","no","1","Farming","yes","COP","2575424.00","621"
"CO","3199641","750.0","21","funded","2026-07-17","2026-05-30","","","no","1","Agriculture","no","COP","2575424.00","621"
"CO","3199638","1075.0","15","funded","2026-07-11","2026-05-30","","","no","1","Farming","no","COP","3690636.00","621"
"CO","3199637","1075.0","15","funded","2026-07-22","2026-05-30","","","no","1","Agriculture","yes","COP","3690635.00","621"
"CO","3199635","450.0","15","funded","2026-08-03","2026-05-30","","","no","1","Farming","yes","COP","3552636.00","621"
"CO","3199636","1575.0","21","funded","2026-07-17","2026-05-30","","","no","1","Farming","no","COP","5410717.00","621"
"CO","3199633","180.0","27","funded","2026-08-03","2026-05-30","","","no","1","Farming","no","COP","5806629.00","621"
"CO","3199630","350.0","15","funded","2026-06-30","2026-05-30","","","no","1","Farming","no","COP","1184212.00","621"
"CO","3199627","750.0","15","funded","2026-07-09","2026-05-30","","","no","1","Livestock","no","COP","2506424.00","621"
"CO","3199623","750.0","15","funded","2026-07-15","2026-05-30","","","no","1","Farming","no","COP","2506423.00","621"
"CO","3199625","750.0","15","funded","2026-07-02","2026-05-30","","","no","1","Farming","no","COP","2506423.00","621"
"CO","3199621","365.0","15","funded","2026-08-03","2026-05-30","","","no","1","Farming","no","COP","5554482.00","621"
"CO","3199622","700.0","18","funded","2026-07-01","2026-05-30","","","no","1","Farming","no","COP","2368424.00","621"
"CO","3199618","575.0","15","funded","2026-07-17","2026-05-30","","","no","1","Agriculture","no","COP","1894741.00","621"
"CO","3199615","450.0","17","funded","2026-07-01","2026-05-30","","","no","1","Agriculture","no","COP","1539476.00","621"
"CO","3199616","525.0","15","funded","2026-06-30","2026-05-30","","","no","1","Agriculture","no","COP","1728949.00","621"
"CO","3199617","365.0","21","funded","2026-08-03","2026-05-30","","","no","1","Agriculture","no","COP","5714364.00","621"
"CO","3199613","450.0","15","funded","2026-06-30","2026-05-30","","","no","1","Agriculture","no","COP","1488554.00","621"
"CO","3199619","575.0","15","funded","2026-07-05","2026-05-30","","","no","1","Agriculture","no","COP","1914319.00","621"
"CO","3199620","675.0","15","funded","2026-07-04","2026-05-30","","","no","1","Agriculture","no","COP","2262476.00","621"
"CO","3194365","200.0","26","funded","2026-08-03","2026-06-20","","","no","1","Farming","yes","COP","1484865.00","690"
"CO","3194489","375.0","14","funded","2026-08-02","2026-06-20","","","no","1","Agriculture","no","COP","1259386.00","690"
"CO","3198946","450.0","15","funded","2026-07-02","2026-05-30","","","no","1","Livestock","no","COP","1487370.00","621"
"CO","3198922","350.0","15","funded","2026-07-03","2026-05-30","","","no","1","Farming","no","COP","1184212.00","621"
"CO","3193838","725.0","14","funded","2026-08-02","2026-06-20","","","no","1","Agriculture","no","COP","2483770.00","690"
"CO","3193831","975.0","26","funded","2026-08-02","2026-06-20","","","no","1","Farming","no","COP","3299700.00","690"
"CO","3198945","1525.0","15","funded","2026-08-02","2026-05-30","","","no","1","Farming","no","COP","5219501.00","621"
"CO","3198947","350.0","15","funded","2026-07-03","2026-05-30","","","no","1","Farming","no","COP","1184212.00","621"
"CO","3193843","325.0","14","funded","2026-07-10","2026-06-20","","","no","1","Farming","no","COP","1099900.00","690"
"CO","3194448","500.0","14","funded","2026-08-02","2026-06-20","","","no","1","Farming","no","COP","1646551.00","690"
"CO","3198942","350.0","15","funded","2026-06-30","2026-05-30","","","no","1","Farming","no","COP","1184212.00","621"
"CO","3194405","1575.0","14","funded","2026-08-02","2026-06-20","","","no","1","Farming","no","COP","5399500.00","690"
"CO","3198940","350.0","15","funded","2026-07-01","2026-05-30","","","no","1","Livestock","no","COP","1184212.00","621"
"CO","3198938","350.0","15","funded","2026-06-30","2026-05-30","","","no","1","Agriculture","no","COP","1184211.00","621"
"CO","3194443","550.0","14","funded","2026-07-21","2026-06-20","","","no","1","Farming","no","COP","1869830.00","690"
"CO","3194400","600.0","20","funded","2026-08-02","2026-06-20","","","no","1","Farming","no","COP","2034815.00","690"
"CO","3198936","350.0","15","funded","2026-07-03","2026-05-30","","","no","1","Agriculture","no","COP","1184212.00","621"
"CO","3198937","350.0","15","funded","2026-06-29","2026-05-30","","","no","1","Agriculture","no","COP","1184212.00","621"
"CO","3198934","350.0","15","funded","2026-07-02","2026-05-30","","","no","1","Agriculture","yes","COP","1184213.00","621"
"CO","3194439","675.0","14","funded","2026-08-02","2026-06-20","","","no","1","Farming","no","COP","2309790.00","690"
"CO","3198930","1725.0","15","funded","2026-08-02","2026-05-30","","","no","1","Agriculture","no","COP","5921059.00","621"
"CO","3198932","650.0","15","funded","2026-07-06","2026-05-30","","","no","1","Agriculture","no","COP","2202634.00","621"
"CO","3193852","675.0","20","funded","2026-08-02","2026-06-20","","","no","1","Farming","no","COP","2287792.00","690"
"CO","3194396","625.0","14","funded","2026-08-02","2026-06-20","","","no","1","Farming","no","COP","2089810.00","690"
"CO","3198903","1000.0","15","funded","2026-08-02","2026-05-30","","","no","1","Dairy","no","COP","3402772.00","621"
"CO","3198929","1325.0","15","funded","2026-07-19","2026-05-30","","","no","1","Agriculture","no","COP","4522681.00","621"
"CO","3194370","325.0","14","funded","2026-07-02","2026-06-20","","","no","1","Agriculture","no","COP","1041056.00","690"
"CO","3194382","650.0","26","funded","2026-08-02","2026-06-20","","","no","1","Agriculture","no","COP","2199800.00","690"
"CO","3193905","475.0","26","funded","2026-07-26","2026-06-20","","","no","1","Agriculture","no","COP","1627852.00","690"
"CO","3193901","475.0","14","funded","2026-08-02","2026-06-20","","","no","1","Agriculture","no","COP","1594855.00","690"
"CO","3193904","950.0","26","funded","2026-08-02","2026-06-20","","","no","1","Agriculture","no","COP","3189710.00","690"
"CO","3193888","950.0","14","funded","2026-08-02","2026-06-20","","","no","1","Agriculture","no","COP","3239700.00","690"
"CO","3193878","425.0","14","funded","2026-07-31","2026-06-20","","","no","1","Agriculture","no","COP","1429870.00","690"
"CO","3193883","625.0","14","funded","2026-08-02","2026-06-20","","","no","1","Agriculture","no","COP","2089810.00","690"
"CO","3193875","725.0","14","funded","2026-08-02","2026-06-20","","","no","1","Agriculture","no","COP","2419780.00","690"
"CO","3193850","650.0","38","funded","2026-07-17","2026-06-20","","","no","1","Farming","no","COP","2221798.00","690"
"CO","3193860","1300.0","20","funded","2026-08-02","2026-06-20","","","no","1","Agriculture","no","COP","4399600.00","690"
"CO","3193870","775.0","38","funded","2026-08-02","2026-06-20","","","no","1","Agriculture","no","COP","2639760.00","690"
"CO","3193857","500.0","26","funded","2026-08-02","2026-06-20","","","no","1","Agriculture","no","COP","1704845.00","690"
"CO","3198109","1750.0","15","funded","2026-07-17","2026-05-30","","","no","1","Poultry","no","COP","5940639.00","621"
"CO","3198107","875.0","21","funded","2026-07-17","2026-05-29","","","no","1","Agriculture","no","COP","2960531.00","621"
"CO","3198104","775.0","21","funded","2026-06-30","2026-05-29","","","no","1","Livestock","no","COP","2575424.00","621"
"CO","3198100","525.0","15","funded","2026-07-02","2026-05-29","","","no","1","Agriculture","no","COP","1776318.00","621"
"CO","3198103","1725.0","27","funded","2026-07-22","2026-05-29","","","no","1","Agriculture","yes","COP","5842526.00","621"
"CO","3198096","1675.0","15","funded","2026-08-01","2026-05-29","","","no","1","Agriculture","no","COP","5729078.00","621"
"CO","3198099","350.0","15","funded","2026-07-02","2026-05-29","","","no","1","Agriculture","yes","COP","1184212.00","621"
"CO","3198086","500.0","27","funded","2026-08-01","2026-05-29","","","no","1","Agriculture","no","COP","3236530.00","621"
"CO","3198093","775.0","21","funded","2026-07-02","2026-05-29","","","no","1","Agriculture","yes","COP","2575425.00","621"
"CO","3198090","1025.0","15","funded","2026-07-31","2026-05-29","","","no","1","Agriculture","yes","COP","3436030.00","621"
"CO","3198085","700.0","21","funded","2026-07-12","2026-05-29","","","no","1","Agriculture","no","COP","2368424.00","621"
"CO","3198088","1650.0","27","funded","2026-07-30","2026-05-29","","","no","1","Agriculture","no","COP","5593715.00","621"
"CO","3198072","350.0","15","funded","2026-06-29","2026-05-29","","","no","1","Agriculture","no","COP","1184211.00","621"
"CO","3193723","1400.0","27","funded","2026-08-01","2026-05-29","","","no","1","Pigs","no","COP","4800000.00","701"
"CO","3197449","1150.0","21","funded","2026-08-01","2026-05-29","","","no","1","Farming","no","COP","3898099.00","621"
"CO","3197441","1125.0","27","funded","2026-06-30","2026-05-28","","","no","1","Farming","yes","COP","3828635.00","621"
"CO","3193676","1300.0","27","funded","2026-07-03","2026-05-28","","","no","1","Pigs","no","COP","4400000.00","701"
"CO","3197438","575.0","15","funded","2026-07-06","2026-05-28","","","no","1","Agriculture","no","COP","1914317.00","621"
"CO","3197439","700.0","15","funded","2026-07-02","2026-05-28","","","no","1","Agriculture","no","COP","2368424.00","621"
"CO","3197440","825.0","17","funded","2026-07-17","2026-05-28","","","no","1","Agriculture","yes","COP","2766267.00","621"
"CO","3197437","525.0","15","funded","2026-07-06","2026-05-28","","","no","1","Dairy","no","COP","1779397.00","621"
"CO","3197436","475.0","15","funded","2026-06-30","2026-05-28","","","no","1","Agriculture","yes","COP","1614713.00","621"
"CO","3197434","1175.0","15","funded","2026-07-09","2026-05-28","","","no","1","Dairy","no","COP","4008457.00","621"
"CO","3197435","400.0","15","funded","2026-07-02","2026-05-28","","","no","1","Agriculture","no","COP","1322212.00","621"
"CO","3193593","975.0","20","funded","2026-07-31","2026-06-20","","","no","1","Cattle","no","COP","3299700.00","690"
"CO","3193590","1100.0","14","funded","2026-07-31","2026-06-20","","","no","1","Agriculture","no","COP","3717662.00","690"
"CO","3193586","725.0","14","funded","2026-07-31","2026-06-20","","","no","1","Agriculture","no","COP","2483770.00","690"
"CO","3193581","500.0","14","funded","2026-07-10","2026-06-20","","","no","1","Agriculture","yes","COP","1649850.00","690"
"CO","3193578","675.0","14","funded","2026-07-17","2026-06-20","","","no","1","Agriculture","yes","COP","2309790.00","690"
"CO","3196444","350.0","15","funded","2026-06-26","2026-05-28","","","no","1","Farming","no","COP","1184213.00","621"
"CO","3196445","400.0","15","funded","2026-06-26","2026-05-28","","","no","1","Farming","no","COP","1322212.00","621"
"CO","3196427","1475.0","27","funded","2026-07-29","2026-05-27","","","no","1","Farming","no","COP","5012848.00","621"
"CO","3196425","1250.0","27","funded","2026-07-18","2026-05-27","","","no","1","Livestock","no","COP","4266794.00","621"
"CO","3196424","1125.0","27","funded","2026-07-01","2026-05-27","","","no","1","Agriculture","no","COP","3828636.00","621"
"CO","3196423","1050.0","27","funded","2026-07-02","2026-05-27","","","no","1","Agriculture","yes","COP","3552637.00","621"
"CO","3196422","575.0","15","funded","2026-06-27","2026-05-27","","","no","1","Livestock","no","COP","1914319.00","621"
"CO","3196407","525.0","15","funded","2026-06-26","2026-05-27","","","no","1","Agriculture","no","COP","1728951.00","621"
"CO","3196408","1300.0","15","funded","2026-07-29","2026-05-27","","","no","1","Agriculture","no","COP","4406693.00","621"
"CO","3196400","350.0","15","funded","2026-06-26","2026-05-27","","","no","1","Agriculture","yes","COP","1184212.00","621"
"CO","3196398","350.0","15","funded","2026-06-25","2026-05-27","","","no","1","Farming","no","COP","1184212.00","621"
"CO","3192803","1375.0","20","funded","2026-07-29","2026-06-20","","","no","1","Livestock","no","COP","4729570.00","690"
"CO","3192800","1550.0","14","funded","2026-07-29","2026-06-20","","","no","1","Agriculture","no","COP","5399500.00","690"
"CO","3192795","425.0","38","funded","2026-07-08","2026-06-20","","","no","1","Agriculture","no","COP","1429870.00","690"
"CO","3192792","350.0","14","funded","2026-07-01","2026-06-20","","","no","1","Farming","no","COP","1154895.00","690"
"CO","3192786","350.0","14","funded","2026-07-29","2026-06-20","","","no","1","Farming","no","COP","1209890.00","690"
"CO","3192776","2175.0","20","funded","2026-07-29","2026-06-20","","","no","1","Agriculture","no","COP","7559300.00","690"
"CO","3192773","725.0","14","funded","2026-07-29","2026-06-20","","","no","1","Farming","no","COP","2483770.00","690"
"CO","3192771","950.0","26","funded","2026-07-29","2026-06-20","","","no","1","Agriculture","no","COP","3277702.00","690"
"CO","3192765","725.0","14","funded","2026-07-28","2026-06-20","","","no","1","Agriculture","no","COP","2504033.00","690"
"CO","3192762","450.0","20","funded","2026-06-30","2026-06-20","","","no","1","Agriculture","no","COP","1484865.00","690"
"CO","3195433","1050.0","21","funded","2026-07-02","2026-05-26","","","no","1","Farming","no","COP","3552635.00","621"
"CO","3195436","775.0","18","funded","2026-07-23","2026-05-27","","","no","1","Dairy","no","COP","2590906.00","621"
"CO","3195295","350.0","15","funded","2026-06-25","2026-05-25","","","no","1","Farming","no","COP","1184213.00","621"
"CO","3195434","575.0","27","funded","2026-07-28","2026-05-26","","","no","1","Agriculture","no","COP","5391797.00","621"
"CO","3195424","1075.0","15","funded","2026-06-29","2026-05-25","","","no","1","Farming","yes","COP","3690636.00","621"
"CO","3195426","1725.0","27","funded","2026-07-13","2026-05-25","","","no","1","Livestock","no","COP","5921060.00","621"
"CO","3195425","1150.0","15","funded","2026-07-05","2026-05-25","","","no","1","Agriculture","no","COP","3927479.00","621"
"CO","3195421","700.0","15","funded","2026-06-24","2026-05-25","","","no","1","Farming","no","COP","2368423.00","621"
"CO","3195418","525.0","15","funded","2026-07-01","2026-05-25","","","no","1","Farming","no","COP","1802369.00","621"
"CO","3195419","700.0","15","funded","2026-06-30","2026-05-25","","","no","1","Farming","no","COP","2368423.00","621"
"CO","3195291","1200.0","21","funded","2026-07-21","2026-05-25","","","no","1","Farming","no","COP","4077459.00","621"
"CO","3195281","1100.0","21","funded","2026-07-19","2026-05-23","","","no","1","Farming","yes","COP","3759635.00","621"
"CO","3195283","625.0","25","funded","2026-07-27","2026-05-23","","","no","1","Farming","yes","COP","3805636.00","621"
"CO","3195284","350.0","21","funded","2026-07-27","2026-05-23","","","no","1","Farming","no","COP","4943847.00","621"
"CO","3195285","475.0","27","funded","2026-07-27","2026-05-23","","","no","1","Farming","yes","COP","5012849.00","621"
"CO","3195278","625.0","15","funded","2026-06-29","2026-05-23","","","no","1","Farming","no","COP","2151162.00","621"
"CO","3195279","850.0","15","funded","2026-06-27","2026-05-23","","","no","1","Farming","no","COP","2861688.00","621"
"CO","3195280","950.0","18","funded","2026-07-27","2026-05-23","","","no","1","Farming","no","COP","3267440.00","621"
"CO","3195277","400.0","15","funded","2026-06-26","2026-05-23","","","no","1","Farming","yes","COP","1322212.00","621"
"CO","3195275","1475.0","27","funded","2026-07-27","2026-05-22","","","no","1","Pigs","no","COP","5012848.00","621"
"CO","3195274","1375.0","27","funded","2026-07-19","2026-05-22","","","no","1","Farm Supplies","yes","COP","4736847.00","621"
"CO","3194576","800.0","21","funded","2026-07-21","2026-05-22","","","no","1","Farming","yes","COP","2723689.00","621"
"CO","3194577","925.0","21","funded","2026-07-10","2026-05-22","","","no","1","Farming","no","COP","3167529.00","621"
"CO","3194578","1375.0","23","funded","2026-07-27","2026-05-22","","","no","1","Farming","no","COP","4736847.00","621"
"CO","3194575","1550.0","15","funded","2026-07-27","2026-05-22","","","no","1","Farming","no","COP","5278191.00","621"
"CO","3194573","750.0","21","funded","2026-06-30","2026-05-22","","","no","1","Farming","yes","COP","2575425.00","621"
"CO","3194571","700.0","15","funded","2026-06-24","2026-05-22","","","no","1","Farming","no","COP","2368423.00","621"
"CO","3194572","700.0","27","funded","2026-06-27","2026-05-22","","","no","1","Farming","no","COP","2368424.00","621"
"CO","3194567","400.0","15","funded","2026-06-23","2026-05-22","","","no","1","Farming","no","COP","1302634.00","621"
"CO","3194568","400.0","15","funded","2026-06-28","2026-05-22","","","no","1","Farming","no","COP","1322212.00","621"
"CO","3194569","700.0","15","funded","2026-07-10","2026-05-22","","","no","1","Farming","yes","COP","2368423.00","621"
"CO","3194565","1500.0","21","funded","2026-07-27","2026-05-22","","","no","1","Farming","no","COP","5149162.00","621"
"CO","3194563","350.0","21","funded","2026-06-21","2026-05-22","","","no","1","Poultry","no","COP","1184212.00","621"
"CO","3194562","350.0","15","funded","2026-06-22","2026-05-22","","","no","1","Cattle","no","COP","1184213.00","621"
"CO","3193824","1425.0","15","funded","2026-07-26","2026-05-21","","","no","1","Farming","yes","COP","4874850.00","621"
"CO","3193823","775.0","21","funded","2026-07-14","2026-05-21","","","no","1","Pigs","no","COP","2575425.00","621"
"CO","3193817","525.0","15","funded","2026-06-21","2026-05-21","","","no","1","Farming","no","COP","1776318.00","621"
"CO","3193821","625.0","20","funded","2026-06-21","2026-05-21","","","no","1","Farming","no","COP","2131581.00","621"
"CO","3193822","700.0","15","funded","2026-06-21","2026-05-21","","","no","1","Farming","yes","COP","2328792.00","621"
"CO","3193816","350.0","14","funded","2026-06-24","2026-05-21","","","no","1","Farming","no","COP","1184211.00","621"
"CO","3193800","1675.0","26","funded","2026-07-26","2026-05-20","","","no","1","Farming","yes","COP","5685849.00","621"
"CO","3193802","350.0","15","funded","2026-06-22","2026-05-20","","","no","1","Farming","yes","COP","1184212.00","621"
"CO","3193803","800.0","26","funded","2026-07-14","2026-05-21","","","no","1","Poultry","no","COP","2694404.00","621"
"CO","3192959","700.0","21","funded","2026-07-07","2026-05-20","","","no","1","Farming","no","COP","2368425.00","621"
"CO","3192964","1300.0","27","funded","2026-07-01","2026-05-20","","","no","1","Farming","no","COP","4523691.00","621"
"CO","3192961","1175.0","14","funded","2026-07-26","2026-05-20","","","no","1","Dairy","no","COP","4045901.00","621"
"CO","3192938","1475.0","26","funded","2026-07-26","2026-05-19","","","no","1","Agriculture","no","COP","5112808.00","621"
"CO","3192213","725.0","14","funded","2026-07-03","2026-05-16","","","no","1","Farming","no","COP","2506423.00","621"
"CO","3192209","725.0","14","funded","2026-07-17","2026-05-16","","","no","1","Dairy","no","COP","2506426.00","621"
"CO","3192950","1700.0","26","funded","2026-07-26","2026-05-19","","","no","1","Agriculture","no","COP","5921060.00","621"
"CO","3192949","1075.0","14","funded","2026-07-12","2026-05-19","","","no","1","Agriculture","no","COP","3690636.00","621"
"CO","3192946","700.0","26","funded","2026-06-22","2026-05-19","","","no","1","Agriculture","yes","COP","2368423.00","621"
"CO","3192947","750.0","17","funded","2026-06-23","2026-05-19","","","no","1","Agriculture","no","COP","2540924.00","621"
"CO","3192948","950.0","22","funded","2026-06-25","2026-05-19","","","no","1","Agriculture","no","COP","3297449.00","621"
"CO","3191251","700.0","22","funded","2026-07-01","2026-05-15","","","no","1","Farming","no","COP","2368425.00","621"
"CO","3191168","1375.0","14","funded","2026-07-26","2026-05-15","","","no","1","Farming","no","COP","4807702.00","621"
"CO","3191169","900.0","26","funded","2026-06-22","2026-05-15","","","no","1","Farming","no","COP","3118107.00","621"
"CO","3191170","750.0","14","funded","2026-06-23","2026-05-15","","","no","1","Farming","yes","COP","2615374.00","621"
"CO","3191166","725.0","14","funded","2026-06-22","2026-05-15","","","no","1","Farming","no","COP","2506424.00","621"
"CO","3191164","1425.0","20","funded","2026-07-17","2026-05-15","","","no","1","Farming","yes","COP","4943849.00","621"
"CO","3190989","1045.0","20","funded","2026-07-24","2026-06-20","","","no","1","Farming","no","COP","3629670.00","690"
"CO","3190990","1550.0","14","funded","2026-07-24","2026-06-20","","","no","1","Farming","no","COP","5380271.00","690"
"CO","3190985","185.0","26","funded","2026-07-24","2026-06-20","","","no","1","Dairy","no","COP","2694755.00","690"
"CO","3190988","1075.0","26","funded","2026-07-02","2026-06-20","","","no","1","Livestock","no","COP","3728670.00","690"
"CO","3190980","300.0","14","funded","2026-06-27","2026-06-20","","","no","1","Farming","yes","COP","1022907.00","690"
"CO","3190983","525.0","14","funded","2026-07-23","2026-06-20","","","no","1","Cattle","no","COP","1835830.00","690"
"CO","3190976","625.0","26","funded","2026-07-23","2026-06-20","","","no","1","Agriculture","no","COP","2144805.00","690"
"CO","3190969","475.0","14","funded","2026-07-23","2026-06-20","","","no","1","Farming","no","COP","1609328.00","690"
"CO","3190967","425.0","38","funded","2026-06-23","2026-06-20","","","no","1","Farming","no","COP","1429870.00","690"
"CO","3190965","475.0","14","funded","2026-06-23","2026-06-20","","","no","1","Agriculture","no","COP","1649850.00","690"
"CO","3190566","850.0","22","funded","2026-07-19","2026-06-10","","","no","1","Cattle","no","COP","3000000.00","688"
"CO","3192943","350.0","14","funded","2026-06-18","2026-05-19","","","no","1","Agriculture","no","COP","1184211.00","621"
"CO","3191162","575.0","20","funded","2026-06-17","2026-05-15","","","no","1","Farming","yes","COP","1983318.00","621"
"CO","3191139","400.0","14","funded","2026-06-16","2026-05-14","","","no","1","Poultry","no","COP","1322210.00","621"
"CO","3191140","800.0","18","funded","2026-06-20","2026-05-15","","","no","1","Agriculture","no","COP","2789265.00","621"
"CO","3191133","875.0","17","funded","2026-07-17","2026-05-14","","","no","1","Agriculture","no","COP","3014610.00","621"
"CO","3191128","1450.0","26","funded","2026-07-01","2026-05-14","","","no","1","Farming","no","COP","5012848.00","621"
"CO","3186716","575.0","7","funded","2026-06-18","2026-05-29","","","no","1","Poultry","no","COP","2000000.00","701"
"CO","3189356","350.0","14","funded","2026-06-12","2026-05-13","","","no","1","Agriculture","no","COP","1184211.00","621"
"CO","3189368","725.0","20","funded","2026-06-18","2026-05-14","","","no","1","Agriculture","yes","COP","2575424.00","621"
"CO","3189362","1575.0","26","funded","2026-07-15","2026-05-13","","","no","1","Agriculture","no","COP","5604957.00","621"
"CO","3189366","500.0","16","funded","2026-06-14","2026-05-14","","","no","1","Agriculture","yes","COP","1776318.00","621"
"CO","3189370","450.0","20","funded","2026-06-16","2026-05-14","","","no","1","Agriculture","no","COP","1610291.00","621"
"CO","3189369","575.0","20","funded","2026-07-03","2026-05-14","","","no","1","Agriculture","yes","COP","1983318.00","621"
"CO","3189357","1050.0","20","funded","2026-06-23","2026-05-13","","","no","1","Farming","yes","COP","3759634.00","621"
"CO","3189345","750.0","20","funded","2026-06-16","2026-05-13","","","no","1","Agriculture","yes","COP","2670162.00","621"
"CO","3189330","1400.0","26","funded","2026-07-15","2026-05-13","","","no","1","Pigs","no","COP","5012849.00","621"
"CO","3189320","1675.0","22","funded","2026-07-15","2026-05-13","","","no","1","Farming","yes","COP","5990615.00","621"
"CO","3189317","1075.0","26","funded","2026-07-14","2026-05-13","","","no","1","Farming","yes","COP","3828640.00","621"
"CO","3189313","450.0","14","funded","2026-06-16","2026-05-13","","","no","1","Farming","yes","COP","1539476.00","621"
"CO","3189333","500.0","14","funded","2026-06-18","2026-05-13","","","no","1","Farming","yes","COP","1776319.00","621"
"CO","3189331","1400.0","26","funded","2026-06-21","2026-05-13","","","no","1","Livestock","no","COP","5012848.00","621"
"CO","3189288","450.0","14","funded","2026-06-19","2026-05-13","","","no","1","Farming","no","COP","1539477.00","621"
"CO","3186849","725.0","20","funded","2026-06-16","2026-05-09","","","no","1","Agriculture","yes","COP","2575423.00","621"
"CO","3184940","750.0","15","funded","2026-07-13","2026-05-30","","","no","1","Pigs","no","COP","2620000.00","688"
"CO","3186846","725.0","20","funded","2026-06-21","2026-05-08","","","no","1","Farming","no","COP","2575422.00","621"
"CO","3186842","375.0","14","funded","2026-06-07","2026-05-08","","","no","1","Pigs","no","COP","1322213.00","621"
"CO","3186839","1575.0","26","funded","2026-07-10","2026-05-08","","","no","1","Agriculture","yes","COP","5604955.00","621"
"CO","3187431","950.0","22","funded","2026-07-10","2026-05-13","","","no","1","Agriculture","yes","COP","3308951.00","621"
"CO","3187430","575.0","20","funded","2026-06-13","2026-05-13","","","no","1","Agriculture","no","COP","1983318.00","621"
"CO","3187427","375.0","14","funded","2026-06-06","2026-05-12","","","no","1","Poultry","no","COP","1322211.00","621"
"CO","3187428","550.0","16","funded","2026-06-18","2026-05-12","","","no","1","Agriculture","no","COP","1894738.00","621"
"CO","3187425","1075.0","20","funded","2026-07-10","2026-05-12","","","no","1","Farming","yes","COP","3759634.00","621"
"CO","3187419","350.0","14","funded","2026-06-06","2026-05-11","","","no","1","Farming","yes","COP","1184211.00","621"
"CO","3187416","475.0","14","funded","2026-06-07","2026-05-11","","","no","1","Farming","yes","COP","1677478.00","621"
"CO","3187415","1050.0","14","funded","2026-07-10","2026-05-11","","","no","1","Farming","no","COP","3677966.00","621"
"CO","3187414","400.0","14","funded","2026-06-07","2026-05-11","","","no","1","Dairy","no","COP","1347202.00","621"
"CO","3187413","750.0","17","funded","2026-06-19","2026-05-11","","","no","1","Farming","no","COP","2600136.00","621"
"CO","3187412","675.0","20","funded","2026-06-16","2026-05-11","","","no","1","Agriculture","yes","COP","2368424.00","621"
"CO","3187411","700.0","14","funded","2026-06-18","2026-05-11","","","no","1","Farming","yes","COP","2447214.00","621"
"CO","3183223","1150.0","5","funded","2026-06-09","2026-05-08","","","no","1","Animal Sales","no","COP","4160000.00","667"
"CO","3183222","1200.0","15","funded","2026-07-10","2026-05-26","","","no","1","Animal Sales","no","COP","4300000.00","667"
"CO","3183221","750.0","15","funded","2026-06-26","2026-05-25","","","no","1","Farming","no","COP","2720000.00","667"
"CO","3183200","275.0","4","funded","2026-06-05","2026-05-25","","","no","1","Farming","no","COP","1000000.00","667"
"CO","3183195","600.0","8","funded","2026-06-18","2026-05-26","","","no","1","Farming","no","COP","2163000.00","667"
"CO","3183176","1175.0","20","funded","2026-07-09","2026-05-21","","","no","1","Animal Sales","no","COP","4270000.00","667"
"CO","3183169","475.0","15","funded","2026-06-09","2026-05-23","","","no","1","Farming","no","COP","1730000.00","667"
"CO","3186854","725.0","20","funded","2026-06-30","2026-05-09","","","no","1","Pigs","no","COP","2575424.00","621"
"CO","3183191","550.0","18","funded","2026-07-02","2026-05-27","","","no","1","Animal Sales","no","COP","2000000.00","667"
"CO","3183178","625.0","15","funded","2026-06-16","2026-05-23","","","no","1","Animal Sales","no","COP","2210000.00","667"
"CO","3183186","900.0","27","funded","2026-07-09","2026-05-22","","","no","1","Animal Sales","no","COP","3250000.00","667"
"CO","3186827","675.0","14","funded","2026-06-08","2026-05-08","","","no","1","Farming","no","COP","2368425.00","621"
"CO","3186807","750.0","26","funded","2026-06-16","2026-05-08","","","no","1","Agriculture","yes","COP","2644424.00","621"
"CO","3182273","1125.0","20","funded","2026-07-09","2026-05-14","","","no","1","Poultry","no","COP","4000000.00","701"
"CO","3182358","700.0","26","funded","2026-07-02","2026-05-11","","","no","1","Agriculture","no","COP","2500000.00","701"
"CO","3185746","1275.0","26","funded","2026-06-16","2026-05-08","","","no","1","Agriculture","yes","COP","4539163.00","621"
"CO","3185752","725.0","20","funded","2026-06-05","2026-05-08","","","no","1","Agriculture","no","COP","2575423.00","621"
"CO","3185733","675.0","14","funded","2026-06-17","2026-05-07","","","no","1","Agriculture","yes","COP","2368423.00","621"
"CO","3185723","575.0","20","funded","2026-06-21","2026-05-07","","","no","1","Agriculture","yes","COP","1983318.00","621"
"CO","3185725","825.0","14","funded","2026-06-19","2026-05-07","","","no","1","Agriculture","yes","COP","2920900.00","621"
"CO","3185727","1325.0","26","funded","2026-07-08","2026-05-07","","","no","1","Agriculture","yes","COP","4736848.00","621"
"CO","3185721","700.0","14","funded","2026-06-14","2026-05-07","","","no","1","Agriculture","no","COP","2447214.00","621"
"CO","3185711","375.0","14","funded","2026-06-09","2026-05-05","","","no","1","Pigs","no","COP","1322211.00","621"
"CO","3185709","375.0","14","funded","2026-06-05","2026-05-05","","","no","1","Agriculture","yes","COP","1322213.00","621"
"CO","3182345","1125.0","26","funded","2026-07-08","2026-05-11","","","no","1","Poultry","no","COP","4000000.00","701"
"CO","3182342","1125.0","14","funded","2026-07-08","2026-05-11","","","no","1","Pigs","no","COP","4000000.00","701"
"CO","3182329","1400.0","26","funded","2026-07-08","2026-05-12","","","no","1","Pigs","no","COP","5000000.00","701"
"CO","3182326","850.0","26","funded","2026-07-08","2026-05-12","","","no","1","Poultry","no","COP","3000000.00","701"
"CO","3182235","825.0","14","funded","2026-06-29","2026-05-20","","","no","1","Agriculture","yes","COP","2937740.00","690"
"CO","3182248","725.0","38","funded","2026-07-08","2026-05-20","","","no","1","Flowers","no","COP","2582952.00","690"
"CO","3182212","500.0","20","funded","2026-07-02","2026-05-20","","","no","1","Agriculture","no","COP","1814835.00","690"
"CO","3182208","600.0","20","funded","2026-07-08","2026-05-20","","","no","1","Agriculture","no","COP","2159800.00","690"
"CO","3182154","300.0","14","funded","2026-06-12","2026-05-06","","","no","1","Farming","no","COP","1000000.00","701"
"CO","3181680","1175.0","14","funded","2026-07-07","2026-05-05","","","no","1","Farming","no","COP","4300000.00","701"
"CO","3181695","600.0","14","funded","2026-06-20","2026-05-08","","","no","1","Agriculture","no","COP","2150000.00","701"
"CO","3181681","700.0","20","funded","2026-06-23","2026-05-08","","","no","1","Poultry","no","COP","2500000.00","701"
"CO","3181645","1375.0","26","funded","2026-07-07","2026-05-07","","","no","1","Veterinary Sales","no","COP","5000000.00","701"
"CO","3181614","1375.0","26","funded","2026-07-07","2026-05-05","","","no","1","Farming","no","COP","5000000.00","701"
"CO","3181600","600.0","14","funded","2026-07-07","2026-05-20","","","no","1","Farming","no","COP","2199800.00","690"
"CO","3181596","2075.0","26","funded","2026-07-07","2026-05-20","","","no","1","Agriculture","no","COP","7559300.00","690"
"CO","3181598","800.0","20","funded","2026-07-07","2026-05-20","","","no","1","Cattle","no","COP","2859740.00","690"
"CO","3181579","700.0","20","funded","2026-06-19","2026-05-19","","","no","1","Agriculture","no","COP","2500000.00","701"
"CO","3181577","1200.0","26","funded","2026-07-07","2026-05-19","","","no","1","Pigs","no","COP","4350000.00","701"
"CO","3181576","900.0","20","funded","2026-07-05","2026-05-19","","","no","1","Aquaculture","no","COP","3230000.00","701"
"CO","3181514","1175.0","14","funded","2026-07-02","2026-05-13","","","no","1","Pigs","no","COP","4300000.00","701"
"CO","3181550","750.0","14","funded","2026-07-07","2026-05-20","","","no","1","Farming","no","COP","2699750.00","690"
"CO","3181547","675.0","14","funded","2026-07-05","2026-05-20","","","no","1","Farming","no","COP","2419780.00","690"
"CO","3181548","900.0","20","funded","2026-07-07","2026-05-07","","","no","1","Pigs","no","COP","3250000.00","701"
"CO","3181516","300.0","14","funded","2026-06-02","2026-05-11","","","no","1","Poultry","no","COP","1061000.00","701"
"CO","3181493","825.0","27","funded","2026-06-03","2026-05-21","","","no","1","Farming","no","COP","3000000.00","701"
"CO","3181216","550.0","26","funded","2026-07-05","2026-05-20","","","no","1","Agriculture","no","COP","1979820.00","690"
"CO","3181076","1225.0","26","funded","2026-07-04","2026-05-20","","","no","1","Agriculture","no","COP","4399600.00","690"
"CO","3181113","375.0","26","funded","2026-06-02","2026-05-20","","","no","1","Agriculture","no","COP","1319880.00","690"
"CO","3181070","550.0","14","funded","2026-06-21","2026-05-20","","","no","1","Agriculture","no","COP","1979820.00","690"
"CO","3181072","400.0","14","funded","2026-06-02","2026-05-20","","","no","1","Agriculture","no","COP","1429870.00","690"
"CO","3180641","525.0","15","funded","2026-06-03","2026-05-23","","","no","1","Farming","no","COP","1935000.00","667"
"CO","3180632","475.0","14","funded","2026-06-02","2026-05-16","","","no","1","Animal Sales","no","COP","1675000.00","667"
"CO","3180623","600.0","20","funded","2026-06-02","2026-05-20","","","no","1","Agriculture","no","COP","2203000.00","667"
"CO","3180628","700.0","17","funded","2026-06-02","2026-05-16","","","no","1","Animal Sales","no","COP","2500000.00","667"
"CO","3180603","600.0","14","funded","2026-06-09","2026-05-12","","","no","1","Agriculture","yes","COP","2180000.00","667"
"CO","3180600","1450.0","8","funded","2026-06-24","2026-05-14","","","no","1","Dairy","no","COP","5300000.00","667"
"CO","3180573","600.0","14","funded","2026-06-03","2026-05-13","","","no","1","Pigs","no","COP","2180000.00","667"
"CO","3180559","325.0","14","funded","2026-06-01","2026-05-08","","","no","1","Farming","no","COP","1165000.00","667"
"CO","3180591","1200.0","14","funded","2026-07-04","2026-05-15","","","no","1","Farming","no","COP","4350000.00","667"
"CO","3180548","600.0","17","funded","2026-06-03","2026-05-08","","","no","1","Animal Sales","no","COP","2203000.00","667"
"CO","3180537","900.0","20","funded","2026-06-03","2026-05-07","","","no","1","Poultry","no","COP","3243000.00","667"
"CO","3180532","350.0","14","funded","2026-06-01","2026-05-07","","","no","1","Pigs","no","COP","1200000.00","667"
"CO","3180515","900.0","14","funded","2026-07-04","2026-05-15","","","no","1","Agriculture","no","COP","3240000.00","667"
"CO","3180513","1150.0","10","funded","2026-07-04","2026-05-11","","","no","1","Animal Sales","no","COP","4223000.00","667"
"CO","3179810","1375.0","15","funded","2026-07-02","2026-04-29","","","no","1","Agriculture","no","COP","5000000.00","701"
"CO","3180497","775.0","14","funded","2026-07-03","2026-05-13","","","no","1","Cattle","no","COP","2800000.00","667"
"CO","3180474","900.0","18","funded","2026-07-04","2026-05-06","","","no","1","Animal Sales","no","COP","3270000.00","667"
"CO","3180458","900.0","20","funded","2026-06-05","2026-05-12","","","no","1","Livestock","no","COP","3250000.00","667"
"CO","3180454","1050.0","20","funded","2026-06-23","2026-05-06","","","no","1","Dairy","no","COP","3800000.00","667"
"CO","3180466","1450.0","26","funded","2026-07-03","2026-05-14","","","no","1","Cattle","no","COP","5300000.00","667"
"CO","3180447","1450.0","26","funded","2026-07-02","2026-05-05","","","no","1","Livestock","no","COP","5324000.00","667"
"CO","3180434","950.0","17","funded","2026-07-03","2026-05-14","","","no","1","Farming","no","COP","3500000.00","667"
"CO","3180430","325.0","14","funded","2026-06-01","2026-05-11","","","no","1","Cattle","no","COP","1170000.00","667"
"CO","3183328","375.0","15","funded","2026-06-01","2026-04-30","","","no","1","Livestock","no","COP","1322213.00","621"
"CO","3183277","375.0","16","funded","2026-05-30","2026-04-30","","","no","1","Farming","yes","COP","1333711.00","621"
"CO","3183327","725.0","27","funded","2026-06-09","2026-04-30","","","no","1","Pigs","no","COP","2644423.00","621"
"CO","3183324","750.0","21","funded","2026-06-02","2026-04-30","","","no","1","Agriculture","yes","COP","2682242.00","621"
"CO","3183325","325.0","15","funded","2026-05-30","2026-04-30","","","no","1","Agriculture","yes","COP","1184212.00","621"
"CO","3183322","700.0","15","funded","2026-06-01","2026-04-30","","","no","1","Agriculture","no","COP","2546057.00","621"
"CO","3183319","1050.0","27","funded","2026-07-03","2026-04-30","","","no","1","Agriculture","no","COP","3794886.00","621"
"CO","3183317","475.0","21","funded","2026-06-01","2026-04-30","","","no","1","Farming","yes","COP","1717105.00","621"
"CO","3183303","525.0","15","funded","2026-05-31","2026-04-30","","","no","1","Dairy","no","COP","1884712.00","621"
"CO","3183305","1225.0","15","funded","2026-07-03","2026-04-30","","","no","1","Poultry","no","COP","4407862.00","621"
"CO","3183299","375.0","15","funded","2026-06-01","2026-04-30","","","no","1","Agriculture","yes","COP","1322211.00","621"
"CO","3183273","375.0","15","funded","2026-05-31","2026-04-30","","","no","1","Pigs","no","COP","1322213.00","621"
"CO","3183271","575.0","21","funded","2026-06-02","2026-04-30","","","no","1","Farming","yes","COP","2072372.00","621"
"CO","3179829","1175.0","21","funded","2026-07-01","2026-04-29","","","no","1","Farming","no","COP","4300000.00","701"
"CO","3179824","275.0","8","funded","2026-05-30","2026-04-29","","","no","1","Livestock","no","COP","1000000.00","701"
"CO","3179818","225.0","15","funded","2026-05-30","2026-04-29","","","no","1","Farming","no","COP","800000.00","701"
"CO","3181708","1000.0","27","funded","2026-06-08","2026-04-30","","","no","1","Livestock","no","COP","3651006.00","621"
"CO","3179605","425.0","14","funded","2026-06-18","2026-05-20","","","no","1","Agriculture","no","COP","1539860.00","690"
"CO","3179618","475.0","14","funded","2026-06-21","2026-05-20","","","no","1","Agriculture","no","COP","1671848.00","690"
"CO","3178351","1400.0","15","funded","2026-07-02","2026-04-27","","","no","1","Pigs","no","COP","5000000.00","701"
"CO","3182470","825.0","21","funded","2026-06-04","2026-04-30","","","no","1","Farming","yes","COP","2960529.00","621"
"CO","3182469","1525.0","21","funded","2026-07-02","2026-04-30","","","no","1","Agriculture","no","COP","5521325.00","621"
"CO","3182466","675.0","21","funded","2026-05-31","2026-04-30","","","no","1","Farming","yes","COP","2368425.00","621"
"CO","3182465","675.0","15","funded","2026-06-02","2026-04-30","","","no","1","Poultry","no","COP","2368423.00","621"
"CO","3182462","675.0","15","funded","2026-06-02","2026-04-30","","","no","1","Dairy","no","COP","2447214.00","621"
"CO","3182461","1600.0","27","funded","2026-07-02","2026-04-30","","","no","1","Agriculture","yes","COP","5723374.00","621"
"CO","3182458","725.0","21","funded","2026-06-16","2026-04-30","","","no","1","Agriculture","yes","COP","2575424.00","621"
"CO","3182453","575.0","15","funded","2026-06-01","2026-04-30","","","no","1","Agriculture","no","COP","2032738.00","621"
"CO","3182450","1025.0","15","funded","2026-06-03","2026-04-30","","","no","1","Dairy","no","COP","3690636.00","621"
"CO","3182452","550.0","15","funded","2026-05-31","2026-04-30","","","no","1","Poultry","no","COP","1914318.00","621"
"CO","3182447","500.0","15","funded","2026-06-02","2026-04-30","","","no","1","Agriculture","no","COP","1746713.00","621"
"CO","3179747","1375.0","21","funded","2026-07-01","2026-04-27","","","no","1","Pigs","no","COP","5000000.00","701"
"CO","3179600","800.0","26","funded","2026-06-24","2026-05-20","","","no","1","Livestock","no","COP","2859740.00","690"
"CO","3181753","600.0","21","funded","2026-06-02","2026-04-30","","","no","1","Agriculture","yes","COP","2160949.00","621"
"CO","3181740","975.0","27","funded","2026-07-01","2026-04-30","","","no","1","Agriculture","no","COP","3552633.00","621"
"CO","3181743","525.0","15","funded","2026-05-30","2026-04-30","","","no","1","Agriculture","yes","COP","1914319.00","621"
"CO","3181732","500.0","17","funded","2026-06-02","2026-04-30","","","no","1","Pigs","no","COP","1818897.00","621"
"CO","3181733","325.0","15","funded","2026-05-28","2026-04-30","","","no","1","Agriculture","yes","COP","1184213.00","621"
"CO","3181728","900.0","27","funded","2026-06-03","2026-04-30","","","no","1","Livestock","no","COP","3236529.00","621"
"CO","3181731","1250.0","15","funded","2026-07-01","2026-04-30","","","no","1","Livestock","no","COP","4516952.00","621"
"CO","3181723","900.0","18","funded","2026-07-01","2026-04-30","","","no","1","Agriculture","no","COP","3223414.00","621"
"CO","3181714","975.0","18","funded","2026-05-31","2026-04-30","","","no","1","Farming","yes","COP","3552638.00","621"
"CO","3179611","700.0","38","funded","2026-07-01","2026-05-20","","","no","1","Agriculture","no","COP","2529770.00","690"
"CO","3178950","825.0","15","funded","2026-06-03","2026-04-28","","","no","1","Poultry","no","COP","3000000.00","701"
"CO","3179595","375.0","14","funded","2026-06-01","2026-05-20","","","no","1","Farming","no","COP","1317478.00","690"
"CO","3181256","825.0","27","refunded","","2026-04-30","","","no","1","Farming","no","COP","2960532.00","621"
"CO","3181255","1550.0","27","refunded","","2026-04-30","","","no","1","Agriculture","no","COP","5614465.00","621"
"CO","3181276","1400.0","27","funded","2026-06-30","2026-04-30","","","no","1","Agriculture","yes","COP","5012846.00","621"
"CO","3181268","1200.0","15","funded","2026-06-30","2026-04-30","","","no","1","Dairy","no","COP","4327187.00","621"
"CO","3181267","350.0","15","funded","2026-05-27","2026-04-30","","","no","1","Farming","yes","COP","1184211.00","621"
"CO","3181266","700.0","15","funded","2026-06-02","2026-04-30","","","no","1","Livestock","no","COP","2461423.00","621"
"CO","3179128","1175.0","21","funded","2026-06-30","2026-04-24","","","no","1","Pigs","no","COP","4300000.00","701"
"CO","3181263","700.0","17","funded","2026-06-18","2026-04-30","","","no","1","Agriculture","yes","COP","2529423.00","621"
"CO","3181254","375.0","15","refunded","2026-05-30","2026-04-30","","","no","1","Agriculture","no","COP","1322213.00","621"
"CO","3181252","1650.0","27","refunded","","2026-04-29","","","no","1","Pigs","no","COP","5912329.00","621"
"CO","3181253","675.0","21","refunded","","2026-04-29","","","no","1","Agriculture","no","COP","2368423.00","621"
"CO","3179098","225.0","14","funded","2026-05-27","2026-04-22","","","no","1","Farming","no","COP","800000.00","701"
"CO","3179096","275.0","9","funded","2026-05-27","2026-04-22","","","no","1","Poultry","no","COP","1000000.00","701"
"CO","3179089","550.0","20","funded","2026-06-01","2026-04-22","","","no","1","Aquaculture","no","COP","2000000.00","701"
"CO","3179079","900.0","21","funded","2026-06-24","2026-04-22","","","no","1","Aquaculture","no","COP","3270000.00","701"
"CO","3179072","550.0","18","funded","2026-06-17","2026-04-21","","","no","1","Agriculture","no","COP","2000000.00","701"
"CO","3180553","975.0","27","funded","2026-06-16","2026-04-29","","","no","1","Farming","yes","COP","3552636.00","621"
"CO","3179045","425.0","18","funded","2026-06-01","2026-04-28","","","no","1","Pigs","no","COP","1500000.00","701"
"CO","3180580","825.0","15","funded","2026-06-16","2026-04-29","","","no","1","Farming","no","COP","2980110.00","621"
"CO","3180572","700.0","21","funded","2026-06-02","2026-04-29","","","no","1","Dairy","no","COP","2575426.00","621"
"CO","3180566","325.0","15","funded","2026-05-26","2026-04-29","","","no","1","Farming","yes","COP","1184212.00","621"
"CO","3180558","525.0","15","funded","2026-05-26","2026-04-29","","","no","1","Farming","no","COP","1914318.00","621"
"CO","3179001","825.0","21","funded","2026-06-02","2026-04-23","","","no","1","Agriculture","no","COP","3000000.00","701"
"CO","3178991","300.0","14","funded","2026-05-27","2026-05-20","","","no","1","Livestock","no","COP","1088901.00","690"
"CO","3178979","525.0","26","funded","2026-06-29","2026-05-20","","","no","1","Farming","no","COP","1869830.00","690"
"CO","3178923","600.0","38","funded","2026-06-29","2026-05-20","","","no","1","Agriculture","no","COP","2199800.00","690"
"CO","3178922","400.0","14","funded","2026-06-02","2026-05-20","","","no","1","Farming","yes","COP","1429870.00","690"
"CO","3178916","2050.0","38","funded","2026-06-29","2026-05-20","","","no","1","Agriculture","no","COP","7559300.00","690"
"CO","3178349","300.0","20","funded","2026-05-31","2026-05-20","","","no","1","Farming","yes","COP","1079900.00","690"
"CO","3178347","1450.0","14","funded","2026-06-28","2026-05-20","","","no","1","Agriculture","no","COP","5498624.00","690"
"CO","3178343","675.0","26","funded","2026-06-28","2026-05-20","","","no","1","Pigs","no","COP","2529770.00","690"
"CO","3178339","1325.0","15","funded","2026-06-28","2026-04-27","","","no","1","Pigs","no","COP","5000000.00","701"
"CO","3178302","1200.0","15","funded","2026-06-27","2026-04-24","","","no","1","Farming","no","COP","4500000.00","701"
"CO","3178308","600.0","27","funded","2026-05-31","2026-04-24","","","no","1","Pigs","no","COP","2250000.00","701"
"CO","3178300","450.0","38","funded","2026-06-02","2026-05-20","","","no","1","Poultry","no","COP","1694850.00","690"
"CO","3178305","850.0","14","funded","2026-06-27","2026-05-20","","","no","1","Agriculture","no","COP","3189710.00","690"
"CO","3178272","400.0","14","funded","2026-06-18","2026-04-21","","","no","1","Pigs","no","COP","1500000.00","701"
"CO","3178264","800.0","9","funded","2026-06-18","2026-04-24","","","no","1","Farming","no","COP","3000000.00","701"
"CO","3179822","325.0","15","funded","2026-05-24","2026-04-29","","","no","1","Farming","yes","COP","1184211.00","621"
"CO","3179820","1375.0","21","funded","2026-06-19","2026-04-29","","","no","1","Pigs","no","COP","5049780.00","621"
"CO","3179814","425.0","15","funded","2026-06-01","2026-04-29","","","no","1","Agriculture","no","COP","1527078.00","621"
"CO","3179816","375.0","15","funded","2026-05-26","2026-04-29","","","no","1","Agriculture","yes","COP","1322212.00","621"
"CO","3179812","700.0","15","funded","2026-06-18","2026-04-29","","","no","1","Pigs","no","COP","2506424.00","621"
"CO","3179805","1025.0","15","funded","2026-06-03","2026-04-29","","","no","1","Farming","yes","COP","3690637.00","621"
"CO","3179800","1450.0","27","funded","2026-06-26","2026-04-29","","","no","1","Farming","yes","COP","5328953.00","621"
"CO","3179797","375.0","15","funded","2026-05-24","2026-04-29","","","no","1","Farming","yes","COP","1322212.00","621"
"CO","3179795","575.0","21","funded","2026-06-01","2026-04-28","","","no","1","Farming","no","COP","2048686.00","621"
"CO","3179796","375.0","15","funded","2026-05-25","2026-04-28","","","no","1","Farming","yes","COP","1322212.00","621"
"CO","3179207","1600.0","27","funded","2026-06-26","2026-04-28","","","no","1","Agriculture","no","COP","5883878.00","621"
"CO","3179204","700.0","21","funded","2026-06-02","2026-04-28","","","no","1","Agriculture","yes","COP","2575424.00","621"
"CO","3177389","625.0","14","funded","2026-06-02","2026-05-09","","","no","1","Farming","no","COP","2300000.00","667"
"CO","3179206","525.0","21","funded","2026-06-01","2026-04-28","","","no","1","Farming","no","COP","1871054.00","621"
"CO","3179199","775.0","27","funded","2026-05-25","2026-04-28","","","no","1","Agriculture","no","COP","2842111.00","621"
"CO","3178412","350.0","15","funded","2026-05-23","2026-04-27","","","no","1","Farming","yes","COP","1322211.00","621"
"CO","3178414","1575.0","27","funded","2026-06-25","2026-04-27","","","no","1","Farming","no","COP","5921060.00","621"
"CO","3178410","1150.0","19","funded","2026-05-26","2026-04-27","","","no","1","Farming","yes","COP","4328739.00","621"
"CO","3179196","1050.0","15","funded","2026-06-25","2026-04-28","","","no","1","Farming","no","COP","3863327.00","621"
"CO","3179185","2000.0","27","funded","2026-06-24","2026-04-28","","","no","1","Livestock","no","COP","7381270.00","621"
"CO","3177541","1275.0","15","funded","2026-06-21","2026-04-24","","","no","1","Farming","no","COP","4736848.00","621"
"CO","3175544","900.0","26","funded","2026-06-24","2026-04-20","","","no","1","Agriculture","no","COP","3389700.00","690"
"CO","3177537","875.0","27","funded","2026-06-20","2026-04-24","","","no","1","Agriculture","yes","COP","3236529.00","621"
"CO","3178421","325.0","15","funded","2026-05-22","2026-04-27","","","no","1","Poultry","no","COP","1184213.00","621"
"CO","3178419","625.0","21","funded","2026-05-21","2026-04-27","","","no","1","Farming","no","COP","2368424.00","621"
"CO","3178405","350.0","15","funded","2026-05-22","2026-04-25","","","no","1","Poultry","no","COP","1322213.00","621"
"CO","3178402","850.0","21","funded","2026-05-21","2026-04-25","","","no","1","Farming","no","COP","3167529.00","621"
"CO","3178399","950.0","27","funded","2026-05-23","2026-04-25","","","no","1","Farming","yes","COP","3552636.00","621"
"CO","3177558","1825.0","27","funded","2026-06-05","2026-04-25","","","no","1","Farming","no","COP","6927642.00","621"
"CO","3177551","325.0","15","funded","2026-05-23","2026-04-24","","","no","1","Livestock","no","COP","1184212.00","621"
"CO","3177548","700.0","18","funded","2026-05-27","2026-04-24","","","no","1","Agriculture","no","COP","2605267.00","621"
"CO","3177547","475.0","15","funded","2026-05-22","2026-04-24","","","no","1","Farming","yes","COP","1776317.00","621"
"CO","3177544","350.0","15","funded","2026-05-21","2026-04-24","","","no","1","Farming","no","COP","1322210.00","621"
"CO","3177545","1000.0","17","funded","2026-06-18","2026-04-24","","","no","1","Farming","no","COP","3713636.00","621"
"CO","3177536","325.0","15","funded","2026-05-21","2026-04-24","","","no","1","Agriculture","no","COP","1184212.00","621"
"CO","3177535","1000.0","21","funded","2026-05-21","2026-04-24","","","no","1","Farming","yes","COP","3759637.00","621"
"CO","3177529","425.0","15","funded","2026-05-21","2026-04-23","","","no","1","Farming","no","COP","1559053.00","621"
"CO","3177528","350.0","15","funded","2026-05-21","2026-04-23","","","no","1","Livestock","no","COP","1322211.00","621"
"CO","3177524","700.0","21","funded","2026-05-24","2026-04-23","","","no","1","Poultry","no","COP","2575426.00","621"
"CO","3176213","325.0","15","funded","2026-05-21","2026-04-23","","","no","1","Farming","no","COP","1184212.00","621"
"CO","3176215","525.0","15","funded","2026-05-21","2026-04-23","","","no","1","Farming","yes","COP","1894738.00","621"
"CO","3176208","700.0","27","funded","2026-05-28","2026-04-22","","","no","1","Farming","yes","COP","2644424.00","621"
"CO","3176209","650.0","15","funded","2026-05-23","2026-04-22","","","no","1","Farming","yes","COP","2427634.00","621"
"CO","3176204","1300.0","15","funded","2026-06-06","2026-04-22","","","no","1","Farming","yes","COP","4874847.00","621"
"CO","3175606","850.0","21","funded","2026-05-22","2026-04-22","","","no","1","Farming","yes","COP","3167530.00","621"
"CO","3174092","1900.0","20","funded","2026-05-26","2026-04-20","","","no","1","Farming","no","COP","7105273.00","621"
"CO","3175598","1575.0","21","funded","2026-06-21","2026-04-22","","","no","1","Farming","yes","COP","5921061.00","621"
"CO","3175607","450.0","15","funded","2026-05-22","2026-04-22","","","no","1","Cattle","no","COP","1641812.00","621"
"CO","3175548","750.0","14","funded","2026-06-19","2026-04-20","","","no","1","Farming","no","COP","2790447.00","690"
"CO","3175543","675.0","14","funded","2026-06-10","2026-04-20","","","no","1","Agriculture","no","COP","2537765.00","690"
"CO","3175541","600.0","26","funded","2026-06-19","2026-04-20","","","no","1","Agriculture","no","COP","2254795.00","690"
"CO","3175535","225.0","14","funded","2026-05-20","2026-04-20","","","no","1","Agriculture","no","COP","810627.00","690"
"CO","3175034","675.0","26","funded","2026-06-14","2026-04-20","","","no","1","Agriculture","no","COP","2474775.00","690"
"CO","3175030","675.0","26","funded","2026-06-14","2026-04-20","","","no","1","Agriculture","no","COP","2474775.00","690"
"CO","3175028","600.0","14","funded","2026-05-20","2026-04-20","","","no","1","Livestock","no","COP","2254795.00","690"
"CO","3175023","525.0","20","funded","2026-06-14","2026-04-20","","","no","1","Farming","no","COP","1979820.00","690"
"CO","3175604","325.0","15","funded","2026-05-18","2026-04-22","","","no","1","Farming","no","COP","1184212.00","621"
"CO","3173985","1475.0","20","funded","2026-06-11","2026-04-20","","","no","1","Agriculture","no","COP","5499500.00","690"
"CO","3173385","450.0","20","funded","2026-05-22","2026-04-20","","","no","1","Agriculture","no","COP","1619850.00","690"
"CO","3173376","400.0","14","funded","2026-05-17","2026-04-20","","","no","1","Agriculture","no","COP","1403870.00","690"
"CO","3173372","500.0","26","funded","2026-05-19","2026-04-20","","","no","1","Agriculture","no","COP","1814232.00","690"
"CO","3173369","400.0","14","funded","2026-05-17","2026-04-20","","","no","1","Farming","no","COP","1452968.00","690"
"CO","3173349","1325.0","38","funded","2026-05-30","2026-04-20","","","no","1","Livestock","no","COP","4949550.00","690"
"CO","3173327","675.0","26","funded","2026-05-21","2026-04-20","","","no","1","Farming","no","COP","2474775.00","690"
"CO","3173331","1150.0","38","funded","2026-06-11","2026-04-20","","","no","1","Agriculture","no","COP","4289610.00","690"
"CO","3173324","300.0","14","funded","2026-05-18","2026-04-20","","","no","1","Farming","no","COP","1079900.00","690"
"CO","3173318","600.0","14","funded","2026-05-19","2026-04-20","","","no","1","Farming","no","COP","2199800.00","690"
"CO","3173322","300.0","14","funded","2026-05-18","2026-05-05","","","no","1","Farming","no","COP","1099900.00","690"
"CO","3175163","525.0","15","funded","2026-05-18","2026-04-22","","","no","1","Dairy","no","COP","1914319.00","621"
"CO","3175162","850.0","21","funded","2026-05-18","2026-04-22","","","no","1","Farming","no","COP","3167530.00","621"
"CO","3175157","525.0","15","funded","2026-05-17","2026-04-22","","","no","1","Farming","no","COP","1914319.00","621"
"CO","3175161","675.0","15","funded","2026-05-18","2026-04-22","","","no","1","Farming","no","COP","2506424.00","621"
"CO","3173492","1275.0","27","funded","2026-05-18","2026-04-20","","","no","1","Farming","yes","COP","4736848.00","621"
"CO","3173487","950.0","15","funded","2026-06-02","2026-04-18","","","no","1","Cattle","no","COP","3552636.00","621"
"CO","3171285","750.0","38","funded","2026-06-06","2026-04-20","","","no","1","Agriculture","no","COP","2749750.00","690"
"CO","3171281","725.0","20","funded","2026-05-19","2026-04-20","","","no","1","Animal Sales","no","COP","2662198.00","690"
"CO","3171274","300.0","14","funded","2026-05-17","2026-04-20","","","no","1","Farming","no","COP","1099900.00","690"
"CO","3171271","300.0","14","funded","2026-05-15","2026-04-20","","","no","1","Farming","no","COP","1044905.00","690"
"CO","3174103","1250.0","15","funded","2026-05-22","2026-04-21","","","no","1","Farming","yes","COP","4615504.00","621"
"CO","3174104","325.0","15","funded","2026-05-13","2026-04-21","","","no","1","Farming","no","COP","1184213.00","621"
"CO","3171250","675.0","20","funded","2026-05-20","2026-05-05","","","no","1","Agriculture","no","COP","2419780.00","690"
"CO","3171268","300.0","14","funded","2026-05-16","2026-04-20","","","no","1","Agriculture","no","COP","1099900.00","690"
"CO","3174098","650.0","15","funded","2026-05-18","2026-04-21","","","no","1","Farming","no","COP","2427635.00","621"
"CO","3174096","450.0","15","funded","2026-05-15","2026-04-20","","","no","1","Farming","yes","COP","1618263.00","621"
"CO","3174095","525.0","14","funded","2026-05-19","2026-04-20","","","no","1","Dairy","no","COP","1918423.00","621"
"CO","3174094","425.0","15","funded","2026-05-17","2026-04-20","","","no","1","Farming","no","COP","1549582.00","621"
"CO","3174093","675.0","15","funded","2026-05-18","2026-04-20","","","no","1","Dairy","no","COP","2506423.00","621"
"CO","3174089","1025.0","26","funded","2026-05-19","2026-04-20","","","no","1","Farming","no","COP","3828637.00","621"
"CO","3174090","325.0","15","funded","2026-05-14","2026-04-20","","","no","1","Farming","no","COP","1184213.00","621"
"CO","3174084","1275.0","15","funded","2026-05-19","2026-04-20","","","no","1","Farming","yes","COP","4736848.00","621"
"CO","3174083","675.0","15","funded","2026-05-18","2026-04-20","","","no","1","Farming","no","COP","2506425.00","621"
"CO","3171263","375.0","13","funded","2026-05-17","2026-05-20","","","no","1","Agriculture","no","COP","1326480.00","690"
"CO","3171253","325.0","14","funded","2026-05-17","2026-04-20","","","no","1","Agriculture","no","COP","1154895.00","690"
"CO","3171244","1200.0","26","funded","2026-06-10","2026-05-05","","","no","1","Agriculture","no","COP","4399600.00","690"
"CO","3173491","700.0","21","funded","2026-05-18","2026-04-20","","","no","1","Dairy","no","COP","2575424.00","621"
"CO","3171381","675.0","14","funded","2026-05-17","2026-04-13","","","no","1","Livestock","no","COP","2506425.00","621"
"CO","3173488","450.0","14","funded","2026-05-15","2026-04-18","","","no","1","Farming","no","COP","1657898.00","621"
"CO","3173489","750.0","15","funded","2026-05-17","2026-04-18","","","no","1","Farming","no","COP","2743267.00","621"
"CO","3173496","650.0","20","funded","2026-05-18","2026-04-20","","","no","1","Agriculture","no","COP","2368425.00","621"
"CO","3173482","1025.0","26","funded","2026-05-19","2026-04-18","","","no","1","Livestock","no","COP","3828637.00","621"
"CO","3173479","1225.0","27","funded","2026-06-09","2026-04-18","","","no","1","Dairy","no","COP","4491795.00","621"
"CO","3173476","475.0","14","funded","2026-05-17","2026-04-18","","","no","1","Farming","no","COP","1776318.00","621"
"CO","3173475","375.0","15","funded","2026-05-17","2026-04-18","","","no","1","Farming","yes","COP","1322212.00","621"
"CO","3173474","1025.0","20","funded","2026-05-22","2026-04-17","","","no","1","Farming","no","COP","3759638.00","621"
"CO","3169997","750.0","21","funded","2026-05-19","2026-04-30","","","no","1","Animal Sales","no","COP","2700000.00","688"
"CO","3169993","750.0","21","funded","2026-05-19","2026-04-30","","","no","1","Animal Sales","no","COP","2700000.00","688"
"CO","3172849","375.0","15","funded","2026-05-18","2026-04-17","","","no","1","Pigs","no","COP","1322211.00","621"
"CO","3172846","900.0","14","funded","2026-05-10","2026-04-17","","","no","1","Agriculture","no","COP","3347769.00","621"
"CO","3172847","700.0","21","funded","2026-05-17","2026-04-17","","","no","1","Agriculture","no","COP","2575425.00","621"
"CO","3172843","650.0","15","funded","2026-05-18","2026-04-17","","","no","1","Agriculture","no","COP","2368424.00","621"
"CO","3172838","700.0","20","funded","2026-05-20","2026-04-17","","","no","1","Agriculture","no","COP","2575424.00","621"
"CO","3172834","1000.0","14","funded","2026-05-30","2026-04-16","","","no","1","Agriculture","no","COP","3690635.00","621"
"CO","3172835","375.0","14","funded","2026-05-12","2026-04-17","","","no","1","Agriculture","yes","COP","1322212.00","621"
"CO","3169188","550.0","14","funded","2026-05-19","2026-05-05","","","no","1","Agriculture","no","COP","1979820.00","690"
"CO","3169166","1500.0","20","funded","2026-06-08","2026-04-20","","","no","1","Farming","no","COP","5399500.00","690"
"CO","3169181","325.0","14","funded","2026-05-17","2026-04-20","","","no","1","Cattle","no","COP","1099900.00","690"
"CO","3169167","475.0","14","funded","2026-05-17","2026-05-05","","","no","1","Farming","no","COP","1649850.00","690"
"CO","3169192","625.0","26","funded","2026-05-19","2026-04-20","","","no","1","Farming","no","COP","2199800.00","690"
"CO","3172346","700.0","20","funded","2026-05-19","2026-04-16","","","no","1","Farming","yes","COP","2575424.00","621"
"CO","3172347","600.0","17","funded","2026-05-18","2026-04-16","","","no","1","Farming","no","COP","2190793.00","621"
"CO","3172344","650.0","14","funded","2026-05-17","2026-04-16","","","no","1","Farming","yes","COP","2368424.00","621"
"CO","3172340","650.0","17","funded","2026-05-10","2026-04-15","","","no","1","Farming","yes","COP","2368424.00","621"
"CO","3172341","975.0","14","funded","2026-05-18","2026-04-16","","","no","1","Farming","no","COP","3552636.00","621"
"CO","3172333","525.0","14","funded","2026-05-10","2026-04-15","","","no","1","Farming","yes","COP","1914319.00","621"
"CO","3172332","1000.0","14","funded","2026-06-07","2026-04-15","","","no","1","Pigs","no","COP","3690635.00","621"
"CO","3168575","1475.0","27","funded","2026-06-07","2026-03-30","","","no","1","Animal Sales","no","COP","5300000.00","667"
"CO","3168571","900.0","12","funded","2026-05-31","2026-03-30","","","no","1","Agriculture","no","COP","3200000.00","667"
"CO","3168568","1475.0","7","funded","2026-05-17","2026-03-30","","","no","1","Agriculture","no","COP","5250000.00","667"
"CO","3171382","975.0","17","funded","2026-05-15","2026-04-13","","","no","1","Agriculture","no","COP","3552637.00","621"
"CO","3171378","1350.0","22","funded","2026-05-19","2026-04-11","","","no","1","Livestock","no","COP","4966848.00","621"
"CO","3171402","500.0","14","funded","2026-05-08","2026-04-14","","","no","1","Agriculture","yes","COP","1776318.00","621"
"CO","3171400","1300.0","20","funded","2026-06-05","2026-04-14","","","no","1","Pigs","no","COP","4736846.00","621"
"CO","3171397","325.0","14","funded","2026-05-13","2026-04-14","","","no","1","Farming","no","COP","1184213.00","621"
"CO","3171392","700.0","14","funded","2026-05-18","2026-04-13","","","no","1","Farming","no","COP","2506423.00","621"
"CO","3171395","375.0","14","funded","2026-05-09","2026-04-14","","","no","1","Dairy","no","COP","1322210.00","621"
"CO","3171394","375.0","14","funded","2026-05-17","2026-04-14","","","no","1","Pigs","no","COP","1322212.00","621"
"CO","3171391","400.0","14","funded","2026-05-09","2026-04-13","","","no","1","Farming","no","COP","1421053.00","621"
"CO","3171390","1025.0","20","funded","2026-06-07","2026-04-13","","","no","1","Pigs","no","COP","3759638.00","621"
"CO","3171387","1100.0","20","funded","2026-05-21","2026-04-13","","","no","1","Agriculture","yes","COP","3996477.00","621"
"CO","3171384","325.0","14","funded","2026-05-08","2026-04-13","","","no","1","Agriculture","no","COP","1184211.00","621"
"CO","3171379","1375.0","26","funded","2026-06-07","2026-04-11","","","no","1","Farming","no","COP","5012846.00","621"
"CO","3168515","425.0","9","funded","2026-05-12","2026-04-27","","","no","1","Animal Sales","no","COP","1500000.00","667"
"CO","3168509","625.0","15","funded","2026-05-19","2026-04-24","","","no","1","Animal Sales","no","COP","2176000.00","667"
"CO","3168499","625.0","17","funded","2026-05-26","2026-04-21","","","no","1","Animal Sales","no","COP","2180000.00","667"
"CO","3159885","825.0","27","funded","2026-05-18","2026-03-25","","","no","1","Farming","no","COP","3000000.00","701"
"CO","3168495","1525.0","27","funded","2026-06-06","2026-04-28","","","no","1","Animal Sales","no","COP","5500000.00","667"
"CO","3168494","1525.0","26","funded","2026-06-07","2026-04-20","","","no","1","Agriculture","no","COP","5499500.00","690"
"CO","3168491","875.0","20","funded","2026-05-18","2026-04-20","","","no","1","Agriculture","no","COP","3099313.00","690"
"CO","3168486","550.0","26","funded","2026-05-18","2026-05-05","","","no","1","Livestock","no","COP","1979820.00","690"
"CO","3168468","625.0","15","funded","2026-05-17","2026-04-21","","","no","1","Farming","no","COP","2190000.00","667"
"CO","3168479","900.0","18","funded","2026-06-01","2026-04-21","","","no","1","Agriculture","no","COP","3220000.00","667"
"CO","3168483","475.0","26","funded","2026-05-12","2026-04-20","","","no","1","Farming","no","COP","1649850.00","690"
"CO","3168488","550.0","26","funded","2026-06-02","2026-04-20","","","no","1","Agriculture","no","COP","1979820.00","690"
"CO","3168454","1475.0","27","funded","2026-05-26","2026-04-24","","","no","1","Livestock","no","COP","5250000.00","667"
"CO","3170020","1425.0","26","funded","2026-06-06","2026-04-09","","","no","1","Farming","yes","COP","5188934.00","621"
"CO","3170535","900.0","26","funded","2026-05-18","2026-04-10","","","no","1","Poultry","no","COP","3261397.00","621"
"CO","3170551","1400.0","26","funded","2026-06-06","2026-04-11","","","no","1","Agriculture","yes","COP","5190124.00","621"
"CO","3170552","725.0","20","funded","2026-05-21","2026-04-11","","","no","1","Agriculture","no","COP","2698701.00","621"
"CO","3170554","800.0","17","funded","2026-05-18","2026-04-11","","","no","1","Agriculture","yes","COP","2960530.00","621"
"CO","3170555","325.0","14","funded","2026-05-06","2026-04-11","","","no","1","Agriculture","no","COP","1184211.00","621"
"CO","3170548","325.0","14","funded","2026-05-06","2026-04-10","","","no","1","Agriculture","no","COP","1184211.00","621"
"CO","3170550","800.0","14","funded","2026-05-17","2026-04-11","","","no","1","Agriculture","yes","COP","2960529.00","621"
"CO","3170547","975.0","26","funded","2026-06-06","2026-04-10","","","no","1","Agriculture","no","COP","3552637.00","621"
"CO","3170545","325.0","14","funded","2026-05-08","2026-04-10","","","no","1","Agriculture","no","COP","1184212.00","621"
"CO","3170546","500.0","14","funded","2026-05-07","2026-04-10","","","no","1","Agriculture","yes","COP","1800002.00","621"
"CO","3170537","650.0","26","funded","2026-05-20","2026-04-10","","","no","1","Agriculture","yes","COP","2368424.00","621"
"CO","3170539","500.0","14","funded","2026-05-08","2026-04-10","","","no","1","Agriculture","yes","COP","1776318.00","621"
"CO","3170529","800.0","20","funded","2026-05-27","2026-04-10","","","no","1","Agriculture","no","COP","2960529.00","621"
"CO","3170532","1325.0","14","funded","2026-05-24","2026-04-10","","","no","1","Agriculture","no","COP","4874849.00","621"
"CO","3167093","950.0","15","funded","2026-05-28","2026-04-27","","","no","1","Poultry","no","COP","3400000.00","688"
"CO","3170024","1350.0","26","funded","2026-06-05","2026-04-09","","","no","1","Agriculture","no","COP","4866166.00","621"
"CO","3170022","650.0","14","funded","2026-05-11","2026-04-09","","","no","1","Farming","yes","COP","2368423.00","621"
"CO","3169317","350.0","15","funded","2026-05-05","2026-03-31","","","no","1","Agriculture","no","COP","1184211.00","621"
"CO","3169335","575.0","15","funded","2026-05-14","2026-03-31","","","no","1","Agriculture","no","COP","2052208.00","621"
"CO","3169332","475.0","15","funded","2026-05-01","2026-03-31","","","no","1","Agriculture","no","COP","1657897.00","621"
"CO","3169319","1100.0","15","funded","2026-05-19","2026-03-31","","","no","1","Farming","no","COP","3912086.00","621"
"CO","3169315","1075.0","27","funded","2026-05-30","2026-03-31","","","no","1","Farming","yes","COP","3828637.00","621"
"CO","3164537","1175.0","15","funded","2026-06-02","2026-03-30","","","no","1","Agriculture","no","COP","4097168.00","621"
"CO","3168666","375.0","15","funded","2026-04-30","2026-03-31","","","no","1","Pigs","no","COP","1322213.00","621"
"CO","3168678","1325.0","15","funded","2026-05-27","2026-03-31","","","no","1","Agriculture","no","COP","4755207.00","621"
"CO","3168677","350.0","15","funded","2026-05-01","2026-03-31","","","no","1","Agriculture","no","COP","1184212.00","621"
"CO","3168675","350.0","15","funded","2026-05-01","2026-03-31","","","no","1","Dairy","no","COP","1184213.00","621"
"CO","3168672","900.0","27","funded","2026-05-04","2026-03-31","","","no","1","Agriculture","yes","COP","3236529.00","621"
"CO","3168670","725.0","18","funded","2026-05-05","2026-03-31","","","no","1","Farming","yes","COP","2540925.00","621"
"CO","3168668","525.0","21","funded","2026-05-01","2026-03-31","","","no","1","Agriculture","yes","COP","1871056.00","621"
"CO","3168669","1025.0","15","funded","2026-05-31","2026-03-31","","","no","1","Agriculture","no","COP","3682948.00","621"
"CO","3168665","475.0","15","funded","2026-05-01","2026-03-31","","","no","1","Agriculture","no","COP","1697582.00","621"
"CO","3168661","1000.0","27","funded","2026-05-20","2026-03-31","","","no","1","Farming","yes","COP","3552636.00","621"
"CO","3168662","725.0","15","funded","2026-05-03","2026-03-31","","","no","1","Farming","no","COP","2565633.00","621"
"CO","3168654","675.0","15","funded","2026-05-01","2026-03-31","","","no","1","Farming","yes","COP","2368423.00","621"
"CO","3168655","1225.0","27","funded","2026-05-26","2026-03-31","","","no","1","Farming","no","COP","4420743.00","621"
"CO","3168658","1400.0","21","funded","2026-05-18","2026-03-31","","","no","1","Farming","no","COP","4974016.00","621"
"CO","3168651","1500.0","27","funded","2026-06-01","2026-03-31","","","no","1","Farming","no","COP","5358406.00","621"
"CO","3168652","1325.0","27","funded","2026-05-21","2026-03-31","","","no","1","Agriculture","no","COP","4736848.00","621"
"CO","3167150","1050.0","21","funded","2026-05-18","2026-03-31","","","no","1","Agriculture","yes","COP","3759636.00","621"
"CO","3167147","1000.0","21","funded","2026-05-18","2026-03-31","","","no","1","Agriculture","no","COP","3552636.00","621"
"CO","3167145","1250.0","15","funded","2026-05-28","2026-03-31","","","no","1","Livestock","no","COP","4508650.00","621"
"CO","3167144","350.0","14","funded","2026-04-30","2026-03-31","","","no","1","Agriculture","no","COP","1184211.00","621"
"CO","3167137","1450.0","23","funded","2026-05-31","2026-03-31","","","no","1","Agriculture","no","COP","5203690.00","621"
"CO","3167132","1650.0","15","funded","2026-05-05","2026-03-31","","","no","1","Farming","no","COP","5921060.00","621"
"CO","3167114","725.0","21","funded","2026-05-08","2026-03-31","","","no","1","Farming","no","COP","2575424.00","621"
"CO","3167113","900.0","27","funded","2026-05-05","2026-03-31","","","no","1","Poultry","no","COP","3236530.00","621"
"CO","3167110","350.0","18","funded","2026-04-29","2026-03-31","","","no","1","Agriculture","no","COP","1184213.00","621"
"CO","3167108","900.0","23","funded","2026-05-02","2026-03-31","","","no","1","Farming","yes","COP","3197372.00","621"
"CO","3167106","350.0","15","funded","2026-04-29","2026-03-30","","","no","1","Farming","yes","COP","1184211.00","621"
"CO","3162530","475.0","12","funded","2026-05-01","2026-04-17","","","no","1","Cattle","no","COP","1650000.00","667"
"CO","3166072","725.0","21","funded","2026-05-19","2026-03-30","","","no","1","Agriculture","no","COP","2575426.00","621"
"CO","3166069","375.0","15","funded","2026-04-29","2026-03-30","","","no","1","Farming","yes","COP","1322210.00","621"
"CO","3166063","1600.0","27","funded","2026-05-20","2026-03-30","","","no","1","Agriculture","no","COP","5604953.00","621"
"CO","3166059","1000.0","27","funded","2026-05-03","2026-03-30","","","no","1","Agriculture","yes","COP","3552635.00","621"
"CO","3166048","500.0","15","funded","2026-05-01","2026-03-30","","","no","1","Farming","yes","COP","1776318.00","621"
"CO","3163167","1700.0","25","funded","2026-05-22","2026-04-13","","","no","1","Livestock","no","COP","6000000.00","688"
"CO","3163063","900.0","5","funded","2026-04-29","2026-04-18","","","no","1","Agriculture","no","COP","3150000.00","667"
"CO","3163061","1125.0","14","funded","2026-05-28","2026-04-17","","","no","1","Farming","yes","COP","4000000.00","667"
"CO","3163057","625.0","12","funded","2026-05-06","2026-04-17","","","no","1","Livestock","no","COP","2150000.00","667"
"CO","3162443","750.0","14","funded","2026-05-27","2026-04-14","","","no","1","Farming","no","COP","2615000.00","667"
"CO","3165224","375.0","15","funded","2026-04-28","2026-03-30","","","no","1","Agriculture","yes","COP","1322212.00","621"
"CO","3165220","1225.0","27","funded","2026-05-18","2026-03-30","","","no","1","Livestock","no","COP","4326007.00","621"
"CO","3165218","350.0","15","funded","2026-04-27","2026-03-30","","","no","1","Agriculture","yes","COP","1184212.00","621"
"CO","3165201","350.0","15","funded","2026-04-28","2026-03-30","","","no","1","Agriculture","yes","COP","1184211.00","621"
"CO","3165207","350.0","15","funded","2026-04-27","2026-03-30","","","no","1","Agriculture","yes","COP","1184211.00","621"
"CO","3165195","350.0","15","refunded","2026-04-27","2026-03-30","","","no","1","Agriculture","no","COP","1184211.00","621"
"CO","3165197","725.0","15","funded","2026-05-04","2026-03-30","","","no","1","Agriculture","no","COP","2506423.00","621"
"CO","3165193","1000.0","27","funded","2026-05-12","2026-03-30","","","no","1","Livestock","no","COP","3552636.00","621"
"CO","3165189","1075.0","21","funded","2026-05-19","2026-03-30","","","no","1","Agriculture","yes","COP","3759637.00","621"
"CO","3162544","1475.0","12","funded","2026-05-26","2026-04-14","","","no","1","Animal Sales","no","COP","5300000.00","667"
"CO","3162550","975.0","14","funded","2026-05-06","2026-04-16","","","no","1","Agriculture","no","COP","3500000.00","667"
"CO","3162513","625.0","14","funded","2026-05-20","2026-04-15","","","no","1","Farming","no","COP","2180000.00","667"
"CO","3162504","1475.0","20","funded","2026-05-22","2026-04-15","","","no","1","Dairy","no","COP","5300000.00","667"
"CO","3162494","850.0","14","funded","2026-05-02","2026-04-14","","","no","1","Livestock","no","COP","3000000.00","667"
"CO","3162485","1200.0","14","funded","2026-05-26","2026-04-14","","","no","1","Dairy","no","COP","4250000.00","667"
"CO","3162479","1475.0","26","funded","2026-05-26","2026-04-15","","","no","1","Agriculture","no","COP","5300000.00","667"
"CO","3164522","1675.0","21","funded","2026-05-26","2026-03-28","","","no","1","Farming","no","COP","5921062.00","621"
"CO","3164539","375.0","15","funded","2026-04-28","2026-03-30","","","no","1","Farming","yes","COP","1322213.00","621"
"CO","3164540","675.0","15","funded","2026-05-04","2026-03-30","","","no","1","Farming","yes","COP","2368423.00","621"
"CO","3164538","1600.0","21","funded","2026-05-26","2026-03-30","","","no","1","Poultry","no","COP","5691680.00","621"
"CO","3164534","1250.0","15","funded","2026-05-26","2026-03-30","","","no","1","Farming","no","COP","4390324.00","621"
"CO","3164535","350.0","15","funded","2026-04-26","2026-03-30","","","no","1","Farming","yes","COP","1184211.00","621"
"CO","3164536","350.0","15","funded","2026-04-26","2026-03-30","","","no","1","Farming","no","COP","1184211.00","621"
"CO","3164531","675.0","23","funded","2026-05-04","2026-03-30","","","no","1","Farming","no","COP","2368423.00","621"
"CO","3164529","725.0","15","funded","2026-04-29","2026-03-30","","","no","1","Farming","no","COP","2506425.00","621"
"CO","3164521","350.0","15","funded","2026-04-27","2026-03-28","","","no","1","Farming","no","COP","1184212.00","621"
"CO","3162438","1500.0","14","funded","2026-05-26","2026-04-17","","","no","1","Agriculture","yes","COP","5350000.00","667"
"CO","3162426","675.0","20","funded","2026-05-02","2026-04-04","","","no","1","Farming","no","COP","2420000.00","667"
"CO","3162430","1125.0","20","funded","2026-05-26","2026-04-17","","","no","1","Farming","no","COP","4000000.00","667"
"CO","3162422","1050.0","14","funded","2026-05-26","2026-03-21","","","no","1","Farming","no","COP","3740000.00","667"
"CO","3160817","725.0","27","funded","2026-05-11","2026-03-26","","","no","1","Agriculture","no","COP","2550000.00","701"
"CO","3161621","350.0","21","funded","2026-04-30","2026-03-30","","","no","1","Pigs","no","COP","1200000.00","701"
"CO","3163953","1550.0","15","funded","2026-05-19","2026-03-27","","","no","1","Dairy","no","COP","5497223.00","621"
"CO","3163971","1400.0","15","funded","2026-04-29","2026-03-28","","","no","1","Farming","yes","COP","4979609.00","621"
"CO","3163969","700.0","15","funded","2026-05-03","2026-03-28","","","no","1","Agriculture","no","COP","2506425.00","621"
"CO","3163961","475.0","15","funded","2026-04-30","2026-03-27","","","no","1","Dairy","no","COP","1660898.00","621"
"CO","3163967","550.0","15","funded","2026-04-30","2026-03-28","","","no","1","Agriculture","yes","COP","1914317.00","621"
"CO","3163964","350.0","15","funded","2026-04-24","2026-03-27","","","no","1","Agriculture","yes","COP","1184212.00","621"
"CO","3163966","700.0","15","funded","2026-05-19","2026-03-28","","","no","1","Agriculture","no","COP","2506424.00","621"
"CO","3163963","350.0","15","funded","2026-04-28","2026-03-27","","","no","1","Agriculture","no","COP","1243422.00","621"
"CO","3163957","750.0","27","funded","2026-05-10","2026-03-27","","","no","1","Farming","no","COP","2644421.00","621"
"CO","3163955","1375.0","21","funded","2026-05-25","2026-03-27","","","no","1","Farming","no","COP","4921165.00","621"
"CO","3163954","675.0","21","funded","2026-05-04","2026-03-27","","","no","1","Farming","yes","COP","2368423.00","621"
"CO","3163951","350.0","15","funded","2026-04-26","2026-03-27","","","no","1","Agriculture","yes","COP","1184212.00","621"
"CO","3161616","300.0","15","funded","2026-05-01","2026-03-30","","","no","1","Pigs","no","COP","1000000.00","701"
"CO","3161585","1400.0","15","funded","2026-05-18","2026-03-30","","","no","1","Farming","no","COP","5000000.00","701"
"CO","3163235","675.0","21","funded","2026-05-01","2026-03-27","","","no","1","Agriculture","no","COP","2368424.00","621"
"CO","3163219","375.0","15","funded","2026-04-24","2026-03-26","","","no","1","Agriculture","yes","COP","1322211.00","621"
"CO","3163218","1600.0","27","funded","2026-05-21","2026-03-26","","","no","1","Agriculture","no","COP","5712976.00","621"
"CO","3163238","775.0","18","funded","2026-05-15","2026-03-27","","","no","1","Agriculture","yes","COP","2723688.00","621"
"CO","3163243","400.0","15","funded","2026-04-23","2026-03-27","","","no","1","Agriculture","no","COP","1421055.00","621"
"CO","3163228","1600.0","15","funded","2026-05-21","2026-03-27","","","no","1","Pigs","no","COP","5705696.00","621"
"CO","3163227","1000.0","27","funded","2026-05-19","2026-03-27","","","no","1","Agriculture","no","COP","3552637.00","621"
"CO","3163230","1600.0","27","funded","2026-05-21","2026-03-27","","","no","1","Agriculture","no","COP","5709989.00","621"
"CO","3163224","375.0","15","funded","2026-04-24","2026-03-26","","","no","1","Agriculture","yes","COP","1322211.00","621"
"CO","3163215","525.0","15","funded","2026-04-30","2026-03-26","","","no","1","Agriculture","no","COP","1804738.00","621"
"CO","3163206","725.0","15","funded","2026-04-25","2026-03-26","","","no","1","Farming","no","COP","2506424.00","621"
"CO","3163207","1075.0","21","funded","2026-05-19","2026-03-26","","","no","1","Farming","yes","COP","3759636.00","621"
"CO","3163214","725.0","15","funded","2026-04-25","2026-03-26","","","no","1","Farming","yes","COP","2506424.00","621"
"CO","3163204","725.0","21","funded","2026-04-28","2026-03-26","","","no","1","Poultry","no","COP","2575425.00","621"
"CO","3163209","500.0","21","funded","2026-04-23","2026-03-26","","","no","1","Agriculture","yes","COP","1776319.00","621"
"CO","3160780","850.0","27","funded","2026-05-01","2026-03-25","","","no","1","Farming","no","COP","3000000.00","701"
"CO","3162575","1525.0","15","funded","2026-05-18","2026-03-26","","","no","1","Livestock","no","COP","5466953.00","621"
"CO","3162577","375.0","15","funded","2026-04-30","2026-03-26","","","no","1","Pigs","no","COP","1322211.00","621"
"CO","3162576","500.0","15","funded","2026-04-25","2026-03-26","","","no","1","Agriculture","no","COP","1776317.00","621"
"CO","3162572","750.0","15","funded","2026-04-28","2026-03-26","","","no","1","Livestock","no","COP","2684055.00","621"
"CO","3162568","675.0","27","funded","2026-05-02","2026-03-26","","","no","1","Agriculture","no","COP","2368426.00","621"
"CO","3162571","500.0","15","funded","2026-04-25","2026-03-26","","","no","1","Agriculture","no","COP","1776318.00","621"
"CO","3162573","675.0","27","funded","2026-04-26","2026-03-26","","","no","1","Agriculture","no","COP","2368425.00","621"
"CO","3162565","725.0","21","funded","2026-05-18","2026-03-25","","","no","1","Agriculture","yes","COP","2575422.00","621"
"CO","3162564","1000.0","21","funded","2026-05-06","2026-03-25","","","no","1","Agriculture","no","COP","3552637.00","621"
"CO","3162558","1300.0","15","funded","2026-05-20","2026-03-25","","","no","1","Agriculture","no","COP","4612796.00","621"
"CO","3162560","1400.0","27","funded","2026-05-13","2026-03-25","","","no","1","Agriculture","yes","COP","5012849.00","621"
"CO","3162554","675.0","27","funded","2026-04-22","2026-03-25","","","no","1","Agriculture","no","COP","2368423.00","621"
"CO","3162556","550.0","18","funded","2026-04-24","2026-03-25","","","no","1","Agriculture","no","COP","1948818.00","621"
"CO","3162557","1550.0","27","funded","2026-05-20","2026-03-25","","","no","1","Agriculture","no","COP","5574775.00","621"
"CO","3160746","850.0","21","funded","2026-04-21","2026-03-26","","","no","1","Farming","no","COP","3000000.00","701"
"CO","3159880","700.0","21","funded","2026-05-06","2026-03-26","","","no","1","Pigs","no","COP","2500000.00","701"
"CO","3159868","1125.0","15","funded","2026-04-29","2026-03-25","","","no","1","Livestock","no","COP","4000000.00","701"
"CO","3159825","1125.0","21","funded","2026-05-19","2026-03-26","","","no","1","Livestock","no","COP","4000000.00","701"
"CO","3159821","850.0","27","funded","2026-05-19","2026-03-26","","","no","1","Pigs","no","COP","3000000.00","701"
"CO","3159758","425.0","15","funded","2026-04-23","2026-03-25","","","no","1","Agriculture","no","COP","1500000.00","701"
"CO","3158897","850.0","21","funded","2026-04-28","2026-03-24","","","no","1","Farming","no","COP","3000000.00","701"
"CO","3158832","1400.0","26","funded","2026-05-17","2026-03-20","","","no","1","Veterinary Sales","no","COP","5000000.00","701"
"CO","3158818","1125.0","26","funded","2026-04-24","2026-03-20","","","no","1","Livestock","no","COP","4000000.00","701"
"CO","3158717","300.0","8","funded","2026-04-20","2026-03-19","","","no","1","Animal Sales","no","COP","1000000.00","701"
"CO","3158749","625.0","14","funded","2026-04-20","2026-04-11","","","no","1","Livestock","no","COP","2180000.00","667"
"CO","3158030","825.0","14","funded","2026-04-29","2026-03-17","","","no","1","Farming","no","COP","3000000.00","701"
"CO","3161671","350.0","15","funded","2026-04-18","2026-03-25","","","no","1","Poultry","no","COP","1184213.00","621"
"CO","3161669","675.0","27","funded","2026-04-29","2026-03-25","","","no","1","Agriculture","no","COP","2368424.00","621"
"CO","3161673","675.0","15","funded","2026-04-19","2026-03-25","","","no","1","Agriculture","no","COP","2368423.00","621"
"CO","3161668","725.0","15","funded","2026-04-26","2026-03-25","","","no","1","Dairy","no","COP","2556405.00","621"
"CO","3161666","525.0","18","funded","2026-04-19","2026-03-24","","","no","1","Agriculture","yes","COP","1894739.00","621"
"CO","3161660","350.0","15","funded","2026-04-19","2026-03-24","","","no","1","Farming","no","COP","1184213.00","621"
"CO","3161655","350.0","15","funded","2026-04-19","2026-03-24","","","no","1","Farming","no","COP","1184213.00","621"
"CO","3161645","375.0","15","funded","2026-04-18","2026-03-21","","","no","1","Farming","yes","COP","1322212.00","621"
"CO","3161648","375.0","15","funded","2026-04-19","2026-03-24","","","no","1","Farming","no","COP","1322212.00","621"
"CO","3161649","800.0","21","funded","2026-04-24","2026-03-24","","","no","1","Farming","yes","COP","2813449.00","621"
"CO","3161650","350.0","15","funded","2026-04-18","2026-03-24","","","no","1","Farming","yes","COP","1184212.00","621"
"CO","3161643","1050.0","21","funded","2026-05-13","2026-03-21","","","no","1","Farming","no","COP","3759637.00","621"
"CO","3158028","725.0","26","funded","2026-04-21","2026-03-17","","","no","1","Livestock","no","COP","2625000.00","701"
"CO","3158026","275.0","14","funded","2026-04-18","2026-03-17","","","no","1","Poultry","no","COP","1000000.00","701"
"CO","3157996","1100.0","26","funded","2026-05-13","2026-03-17","","","no","1","Poultry","no","COP","4000000.00","701"
"CO","3160885","725.0","21","funded","2026-04-21","2026-03-21","","","no","1","Farming","no","COP","2575426.00","621"
"CO","3160883","350.0","14","funded","2026-04-17","2026-03-21","","","no","1","Farming","no","COP","1184211.00","621"
"CO","3160879","700.0","14","funded","2026-04-19","2026-03-20","","","no","1","Farming","yes","COP","2447214.00","621"
"CO","3160881","375.0","14","funded","2026-04-17","2026-03-21","","","no","1","Poultry","no","COP","1322212.00","621"
"CO","3160877","600.0","17","funded","2026-04-19","2026-03-20","","","no","1","Agriculture","no","COP","2143423.00","621"
"CO","3160878","375.0","14","funded","2026-04-18","2026-03-20","","","no","1","Agriculture","yes","COP","1322211.00","621"
"CO","3160875","1050.0","20","funded","2026-05-13","2026-03-20","","","no","1","Dairy","no","COP","3759638.00","621"
"CO","3159917","375.0","14","funded","2026-04-18","2026-03-18","","","no","1","Farming","no","COP","1347202.00","621"
"CO","3160870","1025.0","15","funded","2026-05-02","2026-03-20","","","no","1","Dairy","no","COP","3690636.00","621"
"CO","3160864","675.0","14","funded","2026-04-19","2026-03-19","","","no","1","Farming","no","COP","2368424.00","621"
"CO","3160865","675.0","17","funded","2026-04-20","2026-03-20","","","no","1","Farming","no","COP","2368424.00","621"
"CO","3160867","375.0","14","funded","2026-04-18","2026-03-20","","","no","1","Farming","yes","COP","1322212.00","621"
"CO","3160868","625.0","15","funded","2026-04-19","2026-03-20","","","no","1","Farming","no","COP","2250003.00","621"
"CO","3160863","1350.0","26","funded","2026-04-24","2026-03-19","","","no","1","Poultry","no","COP","4808935.00","621"
"CO","3157954","550.0","14","funded","2026-04-20","2026-03-16","","","no","1","Livestock","no","COP","2000000.00","701"
"CO","3157943","1375.0","14","funded","2026-05-12","2026-03-16","","","no","1","Poultry","no","COP","5000000.00","701"
"CO","3157891","275.0","8","funded","2026-04-17","2026-03-20","","","no","1","Agriculture","no","COP","1000000.00","701"
"CO","3157911","225.0","14","funded","2026-04-17","2026-03-20","","","no","1","Poultry","no","COP","800000.00","701"
"CO","3159935","350.0","14","funded","2026-04-17","2026-03-19","","","no","1","Farming","no","COP","1184211.00","621"
"CO","3159932","400.0","14","funded","2026-04-17","2026-03-19","","","no","1","Pigs","no","COP","1347202.00","621"
"CO","3159924","1175.0","21","funded","2026-05-05","2026-03-18","","","no","1","Farming","no","COP","4144742.00","621"
"CO","3159919","675.0","20","funded","2026-04-24","2026-03-18","","","no","1","Farming","yes","COP","2344740.00","621"
"CO","3159915","700.0","14","funded","2026-04-20","2026-03-18","","","no","1","Farming","no","COP","2506423.00","621"
"CO","3159913","1050.0","15","funded","2026-04-19","2026-03-18","","","no","1","Dairy","no","COP","3690636.00","621"
"CO","3159914","675.0","26","funded","2026-04-19","2026-03-18","","","no","1","Farming","no","COP","2368423.00","621"
"CO","3159902","725.0","20","funded","2026-04-19","2026-03-18","","","no","1","Farming","no","COP","2575424.00","621"
"CO","3159176","675.0","20","funded","2026-04-19","2026-03-17","","","no","1","Farming","no","COP","2368426.00","621"
"CO","3159229","500.0","14","funded","2026-04-18","2026-03-18","","","no","1","Agriculture","no","COP","1776319.00","621"
"CO","3159228","500.0","20","funded","2026-04-18","2026-03-18","","","no","1","Agriculture","no","COP","1776316.00","621"
"CO","3159226","525.0","18","funded","2026-04-18","2026-03-18","","","no","1","Agriculture","no","COP","1876974.00","621"
"CO","3159224","400.0","14","funded","2026-04-17","2026-03-18","","","no","1","Pigs","no","COP","1364092.00","621"
"CO","3156765","275.0","14","funded","2026-04-19","2026-03-20","","","no","1","Pigs","no","COP","1000000.00","701"
"CO","3159190","400.0","14","funded","2026-04-15","2026-03-18","","","no","1","Agriculture","no","COP","1421054.00","621"
"CO","3159165","1000.0","20","funded","2026-05-11","2026-03-17","","","no","1","Dairy","no","COP","3552638.00","621"
"CO","3159164","675.0","20","funded","2026-04-23","2026-03-17","","","no","1","Farming","no","COP","2368424.00","621"
"CO","3156862","325.0","14","funded","2026-04-19","2026-03-19","","","no","1","Poultry","no","COP","1100000.00","701"
"CO","3156853","750.0","26","funded","2026-04-19","2026-03-19","","","no","1","Farming","no","COP","2700000.00","701"
"CO","3156852","275.0","14","funded","2026-04-18","2026-03-19","","","no","1","Pigs","no","COP","1000000.00","701"
"CO","3156835","550.0","14","funded","2026-04-21","2026-03-18","","","no","1","Poultry","no","COP","2000000.00","701"
"CO","3156824","225.0","14","funded","2026-04-14","2026-03-20","","","no","1","Poultry","no","COP","800000.00","701"
"CO","3158130","700.0","20","funded","2026-05-03","2026-03-17","","","no","1","Farming","yes","COP","2546056.00","621"
"CO","3155106","700.0","17","funded","2026-05-11","2026-03-09","","","no","1","Pigs","no","COP","2500000.00","701"
"CO","3158125","750.0","26","funded","2026-04-23","2026-03-16","","","no","1","Agriculture","no","COP","2644423.00","621"
"CO","3158119","325.0","14","funded","2026-04-14","2026-03-16","","","no","1","Farming","yes","COP","1184211.00","621"
"CO","3158123","750.0","14","funded","2026-04-24","2026-03-16","","","no","1","Farming","no","COP","2700003.00","621"
"CO","3158112","725.0","20","funded","2026-04-18","2026-03-14","","","no","1","Farming","no","COP","2638245.00","621"
"CO","3158113","775.0","20","funded","2026-04-21","2026-03-14","","","no","1","Pigs","no","COP","2812269.00","621"
"CO","3158110","700.0","14","funded","2026-04-18","2026-03-14","","","no","1","Farm Supplies","no","COP","2506423.00","621"
"CO","3158107","1300.0","26","funded","2026-05-10","2026-03-14","","","no","1","Farm Supplies","no","COP","4736848.00","621"
"CO","3156801","925.0","20","funded","2026-05-11","2026-03-20","","","no","1","Agriculture","no","COP","3300000.00","701"
"CO","3156748","750.0","20","funded","2026-05-11","2026-03-16","","","no","1","Farming","no","COP","2700000.00","701"
"CO","3156753","1250.0","26","funded","2026-05-10","2026-03-19","","","no","1","Farming","no","COP","4500000.00","701"
"CO","3155762","825.0","26","funded","2026-05-10","2026-03-11","","","no","1","Farming","no","COP","3000000.00","701"
"CO","3156196","250.0","15","funded","2026-04-14","2026-03-13","","","no","1","Farming","yes","COP","850000.00","701"
"CO","3156184","975.0","26","funded","2026-05-10","2026-03-13","","","no","1","Livestock","no","COP","3500000.00","701"
"CO","3156177","1375.0","20","funded","2026-05-10","2026-03-13","","","no","1","Pigs","no","COP","5000000.00","701"
"CO","3156146","1375.0","26","funded","2026-05-10","2026-03-12","","","no","1","Livestock","no","COP","5000000.00","701"
"CO","3156082","1375.0","20","funded","2026-05-10","2026-03-12","","","no","1","Farming","no","COP","5000000.00","701"
"CO","3156922","375.0","14","funded","2026-04-13","2026-03-14","","","no","1","Farming","yes","COP","1322212.00","621"
"CO","3156920","1525.0","20","funded","2026-05-10","2026-03-13","","","no","1","Farming","no","COP","5535952.00","621"
"CO","3156921","1050.0","26","funded","2026-04-19","2026-03-13","","","no","1","Farming","yes","COP","3828637.00","621"
"CO","3156916","1300.0","26","funded","2026-04-16","2026-03-13","","","no","1","Agriculture","yes","COP","4736849.00","621"
"CO","3155713","825.0","20","funded","2026-05-10","2026-03-12","","","no","1","Pigs","no","COP","3000000.00","701"
"CO","3155716","275.0","14","funded","2026-04-13","2026-03-11","","","no","1","Farming","no","COP","1000000.00","701"
"CO","3155742","900.0","26","funded","2026-05-10","2026-03-11","","","no","1","Pigs","no","COP","3300000.00","701"
"CO","3155751","275.0","14","funded","2026-04-14","2026-03-11","","","no","1","Farming","no","COP","1000000.00","701"
"CO","3155116","450.0","14","funded","2026-04-19","2026-03-09","","","no","1","Livestock","no","COP","1600000.00","701"
"CO","3156912","1375.0","20","funded","2026-05-03","2026-03-13","","","no","1","Agriculture","yes","COP","4943847.00","621"
"CO","3156907","325.0","14","funded","2026-04-13","2026-03-13","","","no","1","Agriculture","no","COP","1184211.00","621"
"CO","3156908","1375.0","26","funded","2026-05-10","2026-03-13","","","no","1","Agriculture","yes","COP","5012849.00","621"
"CO","3156900","725.0","26","funded","2026-05-03","2026-03-13","","","no","1","Farming","no","COP","2585213.00","621"
"CO","3156901","1375.0","20","funded","2026-05-04","2026-03-13","","","no","1","Aquaculture","no","COP","4943848.00","621"
"CO","3156904","625.0","18","funded","2026-04-18","2026-03-13","","","no","1","Farming","no","COP","2197162.00","621"
"CO","3156890","650.0","20","funded","2026-04-26","2026-03-13","","","no","1","Farming","no","COP","2368424.00","621"
"CO","3156889","800.0","26","funded","2026-04-19","2026-03-13","","","no","1","Farming","no","COP","2842111.00","621"
"CO","3156226","650.0","16","funded","2026-05-04","2026-03-12","","","no","1","Farming","yes","COP","2368424.00","621"
"CO","3156227","700.0","14","funded","2026-04-17","2026-03-12","","","no","1","Dairy","no","COP","2506425.00","621"
"CO","3156219","325.0","14","funded","2026-04-11","2026-03-12","","","no","1","Farming","yes","COP","1184211.00","621"
"CO","3156220","625.0","14","funded","2026-04-18","2026-03-12","","","no","1","Farming","yes","COP","2258924.00","621"
"CO","3156218","725.0","20","funded","2026-04-28","2026-03-12","","","no","1","Pigs","no","COP","2638245.00","621"
"CO","3156212","1375.0","20","funded","2026-04-28","2026-03-11","","","no","1","Poultry","no","COP","4943847.00","621"
"CO","3156210","325.0","14","funded","2026-04-10","2026-03-11","","","no","1","Agriculture","no","COP","1184211.00","621"
"CO","3156209","700.0","14","funded","2026-04-19","2026-03-11","","","no","1","Pigs","no","COP","2506423.00","621"
"CO","3156206","425.0","14","funded","2026-04-13","2026-03-11","","","no","1","Farming","no","COP","1515790.00","621"
"CO","3155083","775.0","26","funded","2026-04-14","2026-03-09","","","no","1","Beekeeping","no","COP","2800000.00","701"
"CO","3155013","575.0","7","funded","2026-04-16","2026-03-09","","","no","1","Farming","no","COP","2050000.00","701"
"CO","3155009","725.0","14","funded","2026-05-08","2026-03-09","","","no","1","Poultry","no","COP","2600000.00","701"
"CO","3155796","650.0","14","funded","2026-04-19","2026-03-10","","","no","1","Agriculture","no","COP","2368424.00","621"
"CO","3155798","875.0","20","funded","2026-04-18","2026-03-11","","","no","1","Agriculture","yes","COP","3167529.00","621"
"CO","3155799","1050.0","26","funded","2026-05-02","2026-03-11","","","no","1","Agriculture","no","COP","3828637.00","621"
"CO","3155795","1600.0","14","funded","2026-05-08","2026-03-10","","","no","1","Agriculture","no","COP","5836646.00","621"
"CO","3155792","700.0","14","funded","2026-04-20","2026-03-10","","","no","1","Agriculture","yes","COP","2506423.00","621"
"CO","3154654","1250.0","26","funded","2026-05-08","2026-03-06","","","no","1","Pigs","no","COP","4500000.00","701"
"CO","3154656","550.0","20","funded","2026-05-08","2026-03-06","","","no","1","Pigs","no","COP","2000000.00","701"
"CO","3154726","1025.0","14","funded","2026-04-21","2026-03-10","","","no","1","Livestock","no","COP","3690636.00","621"
"CO","3154719","650.0","14","funded","2026-04-15","2026-03-09","","","no","1","Livestock","no","COP","2368423.00","621"
"CO","3154731","325.0","14","funded","2026-04-07","2026-03-10","","","no","1","Agriculture","no","COP","1184211.00","621"
"CO","3154732","875.0","20","funded","2026-04-14","2026-03-10","","","no","1","Agriculture","yes","COP","3167531.00","621"
"CO","3154717","1350.0","14","funded","2026-04-23","2026-03-09","","","no","1","Agriculture","no","COP","4874849.00","621"
"CO","3154715","1050.0","26","funded","2026-05-07","2026-03-09","","","no","1","Farming","yes","COP","3828637.00","621"
"CO","3154714","975.0","20","funded","2026-04-19","2026-03-07","","","no","1","Pigs","no","COP","3552636.00","621"
"CO","3153984","1175.0","15","funded","2026-05-07","2026-03-24","","","no","1","Animal Sales","no","COP","4300000.00","667"
"CO","3153981","375.0","14","funded","2026-04-07","2026-03-19","","","no","1","Agriculture","yes","COP","1380000.00","667"
"CO","3153983","600.0","10","funded","2026-04-18","2026-03-18","","","no","1","Agriculture","no","COP","2175000.00","667"
"CO","3153965","875.0","17","funded","2026-05-06","2026-03-20","","","no","1","Agriculture","no","COP","3220000.00","667"
"CO","3153945","325.0","10","funded","2026-04-07","2026-03-11","","","no","1","Livestock","no","COP","1130000.00","667"
"CO","3153943","425.0","14","funded","2026-04-16","2026-03-10","","","no","1","Animal Sales","no","COP","1545000.00","667"
"CO","3153942","600.0","14","funded","2026-05-01","2026-03-07","","","no","1","Animal Sales","no","COP","2200000.00","667"
"CO","3153938","1225.0","20","funded","2026-04-24","2026-03-13","","","no","1","Poultry","no","COP","4500000.00","667"
"CO","3153934","1100.0","13","funded","2026-05-06","2026-04-03","","","no","1","Animal Sales","no","COP","4000000.00","667"
"CO","3153366","600.0","14","funded","2026-04-23","2026-03-06","","","no","1","Poultry","no","COP","2185000.00","667"
"CO","3153336","600.0","14","funded","2026-04-20","2026-03-07","","","no","1","Animal Sales","no","COP","2200000.00","667"
"CO","3153329","1475.0","21","funded","2026-05-07","2026-03-28","","","no","1","Agriculture","no","COP","5350000.00","667"
"CO","3153321","1125.0","20","funded","2026-04-21","2026-03-18","","","no","1","Animal Sales","no","COP","4100000.00","667"
"CO","3153311","325.0","8","funded","2026-04-06","2026-03-11","","","no","1","Animal Sales","no","COP","1120000.00","667"
"CO","3153308","1100.0","15","funded","2026-05-07","2026-03-19","","","no","1","Pigs","no","COP","3987500.00","667"
"CO","3153297","575.0","8","funded","2026-04-11","2026-03-17","","","no","1","Agriculture","no","COP","2100000.00","667"
"CO","3153149","600.0","38","funded","2026-05-05","2026-04-05","","","no","1","Farming","no","COP","2159800.00","690"
"CO","3153148","300.0","26","funded","2026-04-14","2026-04-20","","","no","1","Farming","no","COP","1099900.00","690"
"CO","3153145","700.0","26","funded","2026-05-06","2026-04-05","","","no","1","Farming","no","COP","2483770.00","690"
"CO","3153143","575.0","26","funded","2026-04-28","2026-04-05","","","no","1","Farming","no","COP","2056813.00","690"
"CO","3153134","550.0","14","funded","2026-04-29","2026-04-05","","","no","1","Farming","no","COP","1979820.00","690"
"CO","3153135","1550.0","38","funded","2026-05-06","2026-04-05","","","no","1","Farming","no","COP","5649500.00","690"
"CO","3153133","1050.0","26","funded","2026-05-06","2026-04-05","","","no","1","Farming","no","COP","3849650.00","690"
"CO","3153137","2075.0","38","funded","2026-05-06","2026-04-05","","","no","1","Farming","no","COP","7559300.00","690"
"CO","3153131","300.0","20","funded","2026-04-14","2026-04-05","","","no","1","Agriculture","no","COP","1099900.00","690"
"CO","3153139","1400.0","26","funded","2026-05-06","2026-04-05","","","no","1","Farming","no","COP","5059540.00","690"
"CO","3152044","300.0","26","funded","2026-04-08","2026-04-05","","","no","1","Agriculture","no","COP","1099900.00","690"
"CO","3149492","450.0","14","funded","2026-04-24","2026-04-05","","","no","1","Farming","no","COP","1649850.00","690"
"CO","3149659","1050.0","27","funded","2026-05-04","2026-02-27","","","no","1","Farming","no","COP","3828637.00","621"
"CO","3152018","1200.0","15","funded","2026-05-01","2026-02-28","","","no","1","Farming","no","COP","4377480.00","621"
"CO","3153976","1200.0","26","funded","2026-05-05","2026-03-06","","","no","1","Farming","no","COP","4393426.00","621"
"CO","3153974","375.0","14","funded","2026-04-02","2026-03-06","","","no","1","Farming","no","COP","1322212.00","621"
"CO","3153972","500.0","14","funded","2026-04-01","2026-03-06","","","no","1","Farming","no","COP","1776318.00","621"
"CO","3153969","925.0","14","funded","2026-04-11","2026-03-06","","","no","1","Farming","no","COP","3315794.00","621"
"CO","3153966","1225.0","26","funded","2026-04-28","2026-03-05","","","no","1","Dairy","no","COP","4479953.00","621"
"CO","3153961","325.0","14","funded","2026-04-01","2026-03-05","","","no","1","Farming","no","COP","1184211.00","621"
"CO","3153962","425.0","14","funded","2026-04-01","2026-03-05","","","no","1","Agriculture","yes","COP","1559055.00","621"
"CO","3153963","700.0","14","funded","2026-04-03","2026-03-05","","","no","1","Agriculture","yes","COP","2506423.00","621"
"CO","3153959","1200.0","14","funded","2026-05-05","2026-03-05","","","no","1","Farming","yes","COP","4370375.00","621"
"CO","3153960","625.0","26","funded","2026-04-07","2026-03-05","","","no","1","Agriculture","yes","COP","2265478.00","621"
"CO","3153958","1225.0","26","funded","2026-05-05","2026-03-05","","","no","1","Aquaculture","no","COP","4420743.00","621"
"CO","3153951","650.0","14","funded","2026-04-02","2026-03-04","","","no","1","Farming","no","COP","2368424.00","621"
"CO","3153950","775.0","26","funded","2026-04-19","2026-03-03","","","no","1","Poultry","no","COP","2850493.00","621"
"CO","3153949","325.0","14","funded","2026-04-02","2026-03-03","","","no","1","Agriculture","no","COP","1184211.00","621"
"CO","3149486","750.0","14","funded","2026-04-22","2026-04-05","","","no","1","Flowers","no","COP","2749750.00","690"
"CO","3149483","475.0","14","funded","2026-04-16","2026-04-05","","","no","1","Agriculture","no","COP","1751041.00","690"
"CO","3149400","400.0","20","funded","2026-04-03","2026-04-05","","","no","1","Farming","no","COP","1429870.00","690"
"CO","3149411","425.0","14","funded","2026-04-18","2026-04-05","","","no","1","Farming","no","COP","1561858.00","690"
"CO","3149428","900.0","20","funded","2026-05-03","2026-04-05","","","no","1","Agriculture","no","COP","3299700.00","690"
"CO","3152039","375.0","15","funded","2026-04-01","2026-02-28","","","no","1","Farming","yes","COP","1322212.00","621"
"CO","3152036","375.0","15","funded","2026-04-01","2026-02-28","","","no","1","Dairy","no","COP","1322211.00","621"
"CO","3152032","1050.0","27","funded","2026-04-20","2026-02-28","","","no","1","Farming","no","COP","3828634.00","621"
"CO","3152030","675.0","15","funded","2026-04-01","2026-02-28","","","no","1","Farming","yes","COP","2411688.00","621"
"CO","3152026","1425.0","27","funded","2026-04-21","2026-02-28","","","no","1","Agriculture","no","COP","5203621.00","621"
"CO","3152022","325.0","15","funded","2026-04-01","2026-02-28","","","no","1","Farming","no","COP","1184211.00","621"
"CO","3152021","700.0","15","funded","2026-04-01","2026-02-28","","","no","1","Farming","yes","COP","2506423.00","621"
"CO","3152020","325.0","15","funded","2026-03-31","2026-02-28","","","no","1","Farming","no","COP","1184213.00","621"
"CO","3148930","1100.0","21","funded","2026-05-01","2026-02-25","","","no","1","Farming","no","COP","4000000.00","701"
"CO","3148393","300.0","15","funded","2026-04-02","2026-02-28","","","no","1","Poultry","no","COP","1100000.00","701"
"CO","3149658","1600.0","27","funded","2026-04-28","2026-02-27","","","no","1","Agriculture","no","COP","5842464.00","621"
"CO","3149649","650.0","21","funded","2026-04-01","2026-02-27","","","no","1","Agriculture","no","COP","2368423.00","621"
"CO","3150303","1025.0","15","funded","2026-04-29","2026-02-28","","","no","1","Pigs","no","COP","3690635.00","621"
"CO","3150302","950.0","15","funded","2026-04-01","2026-02-28","","","no","1","Farming","yes","COP","3493426.00","621"
"CO","3150300","575.0","15","funded","2026-04-01","2026-02-28","","","no","1","Farming","yes","COP","2092503.00","621"
"CO","3150286","475.0","15","funded","2026-03-28","2026-02-28","","","no","1","Dairy","no","COP","1665634.00","621"
"CO","3150279","700.0","15","funded","2026-04-02","2026-02-28","","","no","1","Farming","yes","COP","2506423.00","621"
"CO","3150283","325.0","15","funded","2026-03-29","2026-02-28","","","no","1","Farming","no","COP","1184212.00","621"
"CO","3150285","650.0","21","funded","2026-04-01","2026-02-28","","","no","1","Farming","no","COP","2368424.00","621"
"CO","3150190","325.0","15","funded","2026-03-29","2026-02-28","","","no","1","Farming","no","COP","1184213.00","621"
"CO","3150187","875.0","21","funded","2026-04-18","2026-02-28","","","no","1","Farming","no","COP","3138160.00","621"
"CO","3150188","1375.0","27","funded","2026-04-30","2026-02-28","","","no","1","Farming","yes","COP","5012847.00","621"
"CO","3149656","325.0","15","funded","2026-03-28","2026-02-27","","","no","1","Livestock","no","COP","1184211.00","621"
"CO","3148389","425.0","15","funded","2026-03-28","2026-02-26","","","no","1","Farming","no","COP","1492108.00","621"
"CO","3148386","1325.0","19","funded","2026-04-22","2026-02-26","","","no","1","Farming","no","COP","4920848.00","621"
"CO","3148387","1450.0","21","funded","2026-04-29","2026-02-26","","","no","1","Farming","yes","COP","5293211.00","621"
"CO","3149662","1575.0","16","funded","2026-04-29","2026-02-27","","","no","1","Farming","no","COP","5770044.00","621"
"CO","3149663","975.0","21","funded","2026-04-04","2026-02-28","","","no","1","Farming","yes","COP","3552637.00","621"
"CO","3149657","325.0","15","funded","2026-03-27","2026-02-27","","","no","1","Farming","yes","COP","1184212.00","621"
"CO","3149655","975.0","21","funded","2026-04-28","2026-02-27","","","no","1","Cattle","no","COP","3552638.00","621"
"CO","3149654","475.0","15","funded","2026-03-31","2026-02-27","","","no","1","Farm Supplies","no","COP","1706328.00","621"
"CO","3149644","375.0","15","funded","2026-03-30","2026-02-27","","","no","1","Farming","no","COP","1385528.00","621"
"CO","3148395","675.0","15","funded","2026-04-14","2026-02-26","","","no","1","Pigs","no","COP","2506424.00","621"
"CO","3148392","500.0","15","funded","2026-04-01","2026-02-26","","","no","1","Pigs","no","COP","1776320.00","621"
"CO","3148391","800.0","23","funded","2026-03-31","2026-02-26","","","no","1","Agriculture","yes","COP","2888294.00","621"
"CO","3146016","375.0","15","funded","2026-04-01","2026-02-23","","","no","1","Pigs","no","COP","1322213.00","621"
"CO","3146981","1450.0","26","funded","2026-04-19","2026-02-27","","","no","1","Animal Sales","no","COP","5300000.00","667"
"CO","3146976","900.0","26","funded","2026-04-21","2026-02-28","","","no","1","Animal Sales","no","COP","3240000.00","667"
"CO","3146978","450.0","14","funded","2026-03-31","2026-02-27","","","no","1","Animal Sales","no","COP","1660000.00","667"
"CO","3149071","975.0","15","funded","2026-03-31","2026-02-27","","","no","1","Livestock","no","COP","3552635.00","621"
"CO","3149070","525.0","15","funded","2026-03-31","2026-02-27","","","no","1","Livestock","no","COP","1914318.00","621"
"CO","3149068","1500.0","15","funded","2026-04-14","2026-02-27","","","no","1","Farming","yes","COP","5554386.00","621"
"CO","3149065","325.0","15","funded","2026-03-28","2026-02-27","","","no","1","Farming","no","COP","1184212.00","621"
"CO","3149062","775.0","15","funded","2026-04-07","2026-02-27","","","no","1","Farming","yes","COP","2864496.00","621"
"CO","3149063","1325.0","17","funded","2026-04-28","2026-02-27","","","no","1","Pigs","no","COP","4897847.00","621"
"CO","3149050","500.0","15","funded","2026-03-28","2026-02-26","","","no","1","Aquaculture","no","COP","1776317.00","621"
"CO","3149058","1325.0","27","funded","2026-04-13","2026-02-26","","","no","1","Farming","no","COP","4889547.00","621"
"CO","3149059","550.0","22","funded","2026-04-01","2026-02-26","","","no","1","Farming","yes","COP","2012579.00","621"
"CO","3149049","650.0","21","funded","2026-03-31","2026-02-26","","","no","1","Farming","no","COP","2368423.00","621"
"CO","3148381","1200.0","27","funded","2026-04-27","2026-02-26","","","no","1","Pigs","no","COP","4420744.00","621"
"CO","3148411","550.0","21","funded","2026-03-26","2026-02-26","","","no","1","Farming","yes","COP","1983317.00","621"
"CO","3148390","375.0","15","funded","2026-04-01","2026-02-26","","","no","1","Pigs","no","COP","1322211.00","621"
"CO","3146734","425.0","15","funded","2026-03-27","2026-02-27","","","no","1","Poultry","no","COP","1500000.00","701"
"CO","3146538","275.0","14","funded","2026-03-23","2026-03-20","","","no","1","Agriculture","no","COP","989910.00","690"
"CO","3146518","275.0","14","funded","2026-03-24","2026-03-20","","","no","1","Farming","no","COP","938215.00","690"
"CO","3146504","300.0","14","funded","2026-03-25","2026-03-20","","","no","1","Farming","no","COP","1079900.00","690"
"CO","3146498","450.0","14","funded","2026-03-27","2026-03-20","","","no","1","Dairy","no","COP","1578357.00","690"
"CO","3146512","450.0","14","funded","2026-04-01","2026-03-20","","","no","1","Dairy","no","COP","1576729.00","690"
"CO","3146493","1900.0","26","funded","2026-04-25","2026-03-20","","","no","1","Farming","no","COP","7019350.00","690"
"CO","3146057","275.0","11","funded","2026-03-24","2026-02-28","","","no","1","Pigs","no","COP","1000000.00","701"
"CO","3146032","425.0","15","funded","2026-04-02","2026-02-23","","","no","1","Poultry","no","COP","1500000.00","701"
"CO","3146051","775.0","21","funded","2026-04-21","2026-02-27","","","no","1","Poultry","no","COP","2800000.00","701"
"CO","3146043","450.0","15","funded","2026-03-31","2026-02-23","","","no","1","Poultry","no","COP","1600000.00","701"
"CO","3146024","1050.0","21","funded","2026-04-25","2026-02-28","","","no","1","Farming","no","COP","3850000.00","701"
"CO","3145984","900.0","15","funded","2026-04-25","2026-02-28","","","no","1","Farming","no","COP","3300000.00","701"
"CO","3146634","400.0","15","funded","2026-03-21","2026-02-24","","","no","1","Farming","no","COP","1399739.00","621"
"CO","3146747","1025.0","18","funded","2026-03-30","2026-02-24","","","no","1","Farming","no","COP","3725137.00","621"
"CO","3146750","325.0","15","funded","2026-03-21","2026-02-24","","","no","1","Farming","yes","COP","1184213.00","621"
"CO","3146753","700.0","18","funded","2026-03-21","2026-02-24","","","no","1","Farming","yes","COP","2540925.00","621"
"CO","3146754","800.0","15","funded","2026-03-25","2026-02-24","","","no","1","Livestock","no","COP","2960529.00","621"
"CO","3146751","1350.0","23","funded","2026-03-21","2026-02-24","","","no","1","Farming","no","COP","4966848.00","621"
"CO","3146631","925.0","15","funded","2026-03-22","2026-02-24","","","no","1","Farming","no","COP","3335372.00","621"
"CO","3146930","975.0","21","funded","2026-03-21","2026-02-26","","","no","1","Agriculture","yes","COP","3552637.00","621"
"CO","3146922","325.0","15","funded","2026-03-21","2026-02-25","","","no","1","Farming","no","COP","1184211.00","621"
"CO","3146926","325.0","18","funded","2026-03-21","2026-02-25","","","no","1","Livestock","no","COP","1184213.00","621"
"CO","3146924","325.0","15","funded","2026-03-21","2026-02-25","","","no","1","Agriculture","yes","COP","1184211.00","621"
"CO","3146923","325.0","15","funded","2026-03-21","2026-02-25","","","no","1","Agriculture","no","COP","1184211.00","621"
"CO","3146920","625.0","21","funded","2026-03-22","2026-02-25","","","no","1","Farming","yes","COP","2297370.00","621"
"CO","3146919","725.0","21","funded","2026-03-22","2026-02-25","","","no","1","Agriculture","yes","COP","2652400.00","621"
"CO","3146918","500.0","15","funded","2026-03-21","2026-02-25","","","no","1","Agriculture","no","COP","1776318.00","621"
"CO","3146917","525.0","27","funded","2026-03-21","2026-02-25","","","no","1","Agriculture","yes","COP","1894738.00","621"
"CO","3146913","850.0","15","funded","2026-03-26","2026-02-25","","","no","1","Pigs","no","COP","3098531.00","621"
"CO","3146746","1125.0","27","funded","2026-04-01","2026-02-24","","","no","1","Farming","no","COP","4144743.00","621"
"CO","3146627","1525.0","15","funded","2026-04-24","2026-02-23","","","no","1","Farming","no","COP","5615314.00","621"
"CO","3146629","375.0","15","funded","2026-03-21","2026-02-24","","","no","1","Farming","no","COP","1322211.00","621"
"CO","3146625","450.0","15","funded","2026-03-21","2026-02-23","","","no","1","Farming","no","COP","1577371.00","621"
"CO","3146614","950.0","21","funded","2026-03-27","2026-02-23","","","no","1","Farming","no","COP","3475425.00","621"
"CO","3146616","650.0","15","funded","2026-03-21","2026-02-23","","","no","1","Farming","yes","COP","2368424.00","621"
"CO","3146009","375.0","15","funded","2026-03-20","2026-02-23","","","no","1","Pigs","no","COP","1322213.00","621"
"CO","3146039","975.0","21","funded","2026-04-04","2026-02-23","","","no","1","Farming","yes","COP","3552635.00","621"
"CO","3146038","725.0","27","funded","2026-03-21","2026-02-23","","","no","1","Farming","yes","COP","2644423.00","621"
"CO","3146036","975.0","21","funded","2026-04-03","2026-02-23","","","no","1","Agriculture","no","COP","3552637.00","621"
"CO","3146021","375.0","15","funded","2026-03-21","2026-02-23","","","no","1","Agriculture","no","COP","1322213.00","621"
"CO","3146018","1000.0","15","funded","2026-04-01","2026-02-23","","","no","1","Pigs","no","COP","3690637.00","621"
"CO","3146015","1150.0","27","funded","2026-03-23","2026-02-23","","","no","1","Farming","yes","COP","4183900.00","621"
"CO","3146007","725.0","27","funded","2026-03-21","2026-02-23","","","no","1","Farming","no","COP","2644423.00","621"
"CO","3146010","875.0","15","funded","2026-03-23","2026-02-23","","","no","1","Farming","no","COP","3197371.00","621"
"CO","3146008","375.0","15","funded","2026-03-21","2026-02-23","","","no","1","Poultry","no","COP","1322211.00","621"
"CO","3146005","825.0","21","funded","2026-04-03","2026-02-23","","","no","1","Farming","no","COP","2960529.00","621"
"CO","3144134","425.0","17","funded","2026-03-19","2026-02-20","","","no","1","Agriculture","no","COP","1500000.00","701"
"CO","3141949","600.0","26","funded","2026-03-18","2026-03-20","","","no","1","Farming","yes","COP","2159800.00","690"
"CO","3145362","700.0","15","funded","2026-03-21","2026-02-20","","","no","1","Dairy","no","COP","2506424.00","621"
"CO","3141931","600.0","14","funded","2026-04-09","2026-03-20","","","no","1","Agriculture","yes","COP","2199800.00","690"
"CO","3141962","500.0","26","funded","2026-04-16","2026-03-20","","","no","1","Farming","no","COP","1770839.00","690"
"CO","3145382","1025.0","21","funded","2026-03-30","2026-02-21","","","no","1","Farming","no","COP","3759637.00","621"
"CO","3145385","700.0","15","funded","2026-03-19","2026-02-23","","","no","1","Pigs","no","COP","2506425.00","621"
"CO","3145383","1150.0","27","funded","2026-04-18","2026-02-21","","","no","1","Pigs","no","COP","4203952.00","621"
"CO","3145377","375.0","15","funded","2026-03-18","2026-02-21","","","no","1","Agriculture","no","COP","1322213.00","621"
"CO","3145378","700.0","21","funded","2026-03-18","2026-02-21","","","no","1","Agriculture","no","COP","2575424.00","621"
"CO","3145376","975.0","21","funded","2026-04-18","2026-02-21","","","no","1","Agriculture","no","COP","3552637.00","621"
"CO","3145372","650.0","27","funded","2026-03-18","2026-02-21","","","no","1","Farming","no","COP","2368423.00","621"
"CO","3145375","700.0","21","funded","2026-03-19","2026-02-21","","","no","1","Livestock","no","COP","2575426.00","621"
"CO","3145369","975.0","21","funded","2026-04-04","2026-02-20","","","no","1","Farming","no","COP","3552636.00","621"
"CO","3145371","325.0","15","funded","2026-03-18","2026-02-21","","","no","1","Farming","no","COP","1184845.00","621"
"CO","3145366","525.0","15","funded","2026-03-21","2026-02-20","","","no","1","Farming","yes","COP","1914317.00","621"
"CO","3145368","1350.0","21","funded","2026-03-18","2026-02-20","","","no","1","Farming","no","COP","4943847.00","621"
"CO","3142599","350.0","14","funded","2026-03-19","2026-03-20","","","no","1","Farming","no","COP","1263483.00","690"
"CO","3142594","800.0","14","funded","2026-03-23","2026-03-20","","","no","1","Agriculture","no","COP","2914735.00","690"
"CO","3142592","400.0","26","funded","2026-03-19","2026-03-20","","","no","1","Farming","no","COP","1429870.00","690"
"CO","3142589","300.0","14","funded","2026-03-20","2026-03-20","","","no","1","Agriculture","no","COP","1044905.00","690"
"CO","3142585","1125.0","38","funded","2026-04-18","2026-03-20","","","no","1","Agriculture","no","COP","4069630.00","690"
"CO","3142578","500.0","14","funded","2026-03-18","2026-03-20","","","no","1","Farming","no","COP","1759840.00","690"
"CO","3142581","1000.0","26","funded","2026-04-18","2026-03-20","","","no","1","Farming","no","COP","3629670.00","690"
"CO","3142570","900.0","14","funded","2026-04-15","2026-03-20","","","no","1","Agriculture","no","COP","3239700.00","690"
"CO","3142575","450.0","26","funded","2026-04-04","2026-03-20","","","no","1","Farming","no","COP","1649850.00","690"
"CO","3141991","300.0","14","funded","2026-03-18","2026-02-19","","","no","1","Pigs","no","COP","1070000.00","701"
"CO","3141989","600.0","20","funded","2026-04-10","2026-02-19","","","no","1","Pigs","no","COP","2200000.00","701"
"CO","3141984","300.0","14","funded","2026-03-19","2026-02-19","","","no","1","Farming","yes","COP","1070000.00","701"
"CO","3141983","1100.0","20","funded","2026-04-18","2026-02-19","","","no","1","Pigs","no","COP","4000000.00","701"
"CO","3141979","825.0","17","funded","2026-04-17","2026-02-19","","","no","1","Poultry","no","COP","3000000.00","701"
"CO","3141956","700.0","14","funded","2026-03-23","2026-03-20","","","no","1","Agriculture","no","COP","2552868.00","690"
"CO","3141971","425.0","14","funded","2026-03-18","2026-02-19","","","no","1","Farming","no","COP","1500000.00","701"
"CO","3141940","1225.0","20","funded","2026-04-17","2026-03-20","","","no","1","Farming","no","COP","4519600.00","690"
"CO","3141938","600.0","14","funded","2026-04-17","2026-03-20","","","no","1","Farm Supplies","no","COP","2199800.00","690"
"CO","3141937","1025.0","26","funded","2026-04-17","2026-03-20","","","no","1","Farm Supplies","no","COP","3779650.00","690"
"CO","3141935","375.0","14","funded","2026-03-19","2026-03-20","","","no","1","Agriculture","no","COP","1319880.00","690"
"CO","3141929","600.0","14","funded","2026-03-18","2026-03-20","","","no","1","Farming","no","COP","2199800.00","690"
"CO","3141933","600.0","18","funded","2026-03-18","2026-03-20","","","no","1","Agriculture","no","COP","2199800.00","690"
"CO","3144350","1625.0","21","funded","2026-04-17","2026-02-19","","","no","1","Agriculture","no","COP","5921060.00","621"
"CO","3144299","725.0","15","funded","2026-03-21","2026-02-20","","","no","1","Farming","no","COP","2664476.00","621"
"CO","3144301","1150.0","21","funded","2026-04-14","2026-02-20","","","no","1","Farming","no","COP","4177720.00","621"
"CO","3144296","425.0","24","funded","2026-03-18","2026-02-20","","","no","1","Farming","yes","COP","1518039.00","621"
"CO","3144297","1100.0","27","funded","2026-03-26","2026-02-20","","","no","1","Pigs","no","COP","4041930.00","621"
"CO","3144298","1300.0","21","funded","2026-04-17","2026-02-20","","","no","1","Agriculture","yes","COP","4736849.00","621"
"CO","3144291","800.0","21","funded","2026-03-22","2026-02-19","","","no","1","Farming","no","COP","2933498.00","621"
"CO","3144294","575.0","21","funded","2026-03-19","2026-02-20","","","no","1","Agriculture","yes","COP","2101740.00","621"
"CO","3144292","850.0","15","funded","2026-04-09","2026-02-20","","","no","1","Agriculture","no","COP","3098530.00","621"
"CO","3144285","500.0","15","funded","2026-03-18","2026-02-19","","","no","1","Farming","no","COP","1776317.00","621"
"CO","3144287","1025.0","21","funded","2026-03-18","2026-02-19","","","no","1","Livestock","no","COP","3759637.00","621"
"CO","3144284","500.0","15","funded","2026-03-17","2026-02-19","","","no","1","Agriculture","yes","COP","1776318.00","621"
"CO","3141262","900.0","20","funded","2026-04-16","2026-03-20","","","no","1","Farming","no","COP","3298601.00","690"
"CO","3141263","750.0","38","funded","2026-03-19","2026-03-20","","","no","1","Farming","no","COP","2749750.00","690"
"CO","3141204","900.0","14","funded","2026-04-16","2026-03-20","","","no","1","Farming","no","COP","3299700.00","690"
"CO","3141196","750.0","26","funded","2026-03-24","2026-03-20","","","no","1","Farming","no","COP","2749750.00","690"
"CO","3141160","450.0","20","funded","2026-03-25","2026-03-20","","","no","1","Farming","no","COP","1649850.00","690"
"CO","3141163","375.0","14","funded","2026-03-17","2026-03-20","","","no","1","Farming","no","COP","1314931.00","690"
"CO","3141186","425.0","14","funded","2026-03-26","2026-03-20","","","no","1","Farming","no","COP","1550859.00","690"
"CO","3141174","625.0","26","funded","2026-04-16","2026-03-20","","","no","1","Agriculture","no","COP","2254795.00","690"
"CO","3141168","875.0","20","funded","2026-04-16","2026-03-20","","","no","1","Farming","no","COP","3239700.00","690"
"CO","3141157","675.0","26","funded","2026-04-16","2026-03-20","","","no","1","Agriculture","no","COP","2492374.00","690"
"CO","3140693","750.0","26","funded","2026-04-16","2026-02-17","","","no","1","Poultry","no","COP","2800000.00","701"
"CO","3140685","600.0","14","funded","2026-04-15","2026-03-20","","","no","1","Farming","no","COP","2199800.00","690"
"CO","3140688","500.0","14","funded","2026-04-13","2026-03-20","","","no","1","Agriculture","no","COP","1814835.00","690"
"CO","3140681","1325.0","14","funded","2026-03-22","2026-03-20","","","no","1","Agriculture","no","COP","4949550.00","690"
"CO","3140671","400.0","14","funded","2026-03-18","2026-03-20","","","no","1","Agriculture","no","COP","1429870.00","690"
"CO","3140674","500.0","20","funded","2026-03-26","2026-03-20","","","no","1","Farming","no","COP","1869830.00","690"
"CO","3139483","800.0","20","funded","2026-03-18","2026-02-12","","","no","1","Farming","no","COP","3000000.00","701"
"CO","3139482","400.0","20","funded","2026-03-18","2026-02-12","","","no","1","Pigs","no","COP","1500000.00","701"
"CO","3140668","400.0","14","funded","2026-03-18","2026-02-16","","","no","1","Agriculture","no","COP","1500000.00","701"
"CO","3140667","450.0","14","funded","2026-04-03","2026-03-20","","","no","1","Agriculture","no","COP","1649850.00","690"
"CO","3140651","450.0","20","funded","2026-03-19","2026-03-20","","","no","1","Agriculture","no","COP","1649850.00","690"
"CO","3140646","300.0","14","funded","2026-03-18","2026-03-20","","","no","1","Farming","no","COP","1079900.00","690"
"CO","3140643","450.0","38","funded","2026-03-18","2026-03-20","","","no","1","Agriculture","no","COP","1641448.00","690"
"CO","3140639","1000.0","26","funded","2026-04-16","2026-03-20","","","no","1","Agriculture","no","COP","3728670.00","690"
"CO","3140596","1350.0","20","funded","2026-04-16","2026-02-16","","","no","1","Poultry","no","COP","5000000.00","701"
"CO","3142629","700.0","15","funded","2026-03-19","2026-02-19","","","no","1","Farming","yes","COP","2556405.00","621"
"CO","3142628","1100.0","27","funded","2026-04-04","2026-02-19","","","no","1","Agriculture","yes","COP","4026321.00","621"
"CO","3142625","550.0","23","funded","2026-03-18","2026-02-19","","","no","1","Agriculture","no","COP","2006318.00","621"
"CO","3142621","1300.0","18","funded","2026-04-15","2026-02-19","","","no","1","Agriculture","no","COP","4736848.00","621"
"CO","3142623","325.0","15","funded","2026-03-14","2026-02-19","","","no","1","Agriculture","no","COP","1184211.00","621"
"CO","3142620","650.0","15","funded","2026-03-18","2026-02-19","","","no","1","Agriculture","yes","COP","2368422.00","621"
"CO","3142616","325.0","15","funded","2026-03-15","2026-02-19","","","no","1","Farming","no","COP","1184213.00","621"
"CO","3142615","650.0","15","funded","2026-03-21","2026-02-18","","","no","1","Farming","no","COP","2368424.00","621"
"CO","3140072","1350.0","26","funded","2026-04-15","2026-02-16","","","no","1","Pigs","no","COP","5000000.00","701"
"CO","3140034","1350.0","26","funded","2026-04-15","2026-02-13","","","no","1","Poultry","no","COP","5000000.00","701"
"CO","3140043","550.0","20","funded","2026-03-24","2026-02-13","","","no","1","Pigs","no","COP","2000000.00","701"
"CO","3140040","425.0","14","funded","2026-04-01","2026-02-13","","","no","1","Farming","no","COP","1595000.00","701"
"CO","3140033","550.0","26","funded","2026-04-15","2026-02-13","","","no","1","Agriculture","yes","COP","2000000.00","701"
"CO","3140026","325.0","12","funded","2026-03-13","2026-02-13","","","no","1","Poultry","no","COP","1200000.00","701"
"CO","3142015","1300.0","27","funded","2026-04-14","2026-02-18","","","no","1","Agriculture","no","COP","4736851.00","621"
"CO","3142016","1150.0","14","funded","2026-04-14","2026-02-18","","","no","1","Agriculture","no","COP","4203953.00","621"
"CO","3142011","1000.0","14","funded","2026-03-25","2026-02-18","","","no","1","Agriculture","no","COP","3690635.00","621"
"CO","3142010","500.0","15","funded","2026-03-18","2026-02-18","","","no","1","Agriculture","yes","COP","1776317.00","621"
"CO","3142005","500.0","20","funded","2026-03-16","2026-02-18","","","no","1","Farming","yes","COP","1776318.00","621"
"CO","3142006","625.0","15","funded","2026-03-18","2026-02-18","","","no","1","Farming","yes","COP","2269584.00","621"
"CO","3142002","650.0","14","funded","2026-03-18","2026-02-18","","","no","1","Farming","yes","COP","2368423.00","621"
"CO","3141298","800.0","20","funded","2026-03-20","2026-02-17","","","no","1","Agriculture","yes","COP","2960529.00","621"
"CO","3141297","1125.0","26","funded","2026-04-13","2026-02-17","","","no","1","Agriculture","no","COP","4144744.00","621"
"CO","3141289","500.0","15","funded","2026-03-17","2026-02-17","","","no","1","Farming","yes","COP","1776317.00","621"
"CO","3141285","1600.0","20","funded","2026-03-19","2026-02-16","","","no","1","Farming","no","COP","5921060.00","621"
"CO","3141286","700.0","15","funded","2026-03-18","2026-02-16","","","no","1","Pigs","no","COP","2556402.00","621"
"CO","3141283","650.0","20","funded","2026-03-19","2026-02-16","","","no","1","Agriculture","no","COP","2368426.00","621"
"CO","3141281","700.0","14","funded","2026-03-19","2026-02-16","","","no","1","Farming","no","COP","2548303.00","621"
"CO","3141276","700.0","14","funded","2026-03-24","2026-02-16","","","no","1","Dairy","no","COP","2506425.00","621"
"CO","3141277","550.0","21","funded","2026-03-17","2026-02-16","","","no","1","Pigs","no","COP","1983318.00","621"
"CO","3139431","400.0","14","funded","2026-03-15","2026-02-12","","","no","1","Poultry","no","COP","1500000.00","701"
"CO","3139421","800.0","26","funded","2026-04-13","2026-02-11","","","no","1","Poultry","no","COP","3000000.00","701"
"CO","3139401","800.0","20","funded","2026-04-06","2026-02-09","","","no","1","Pigs","no","COP","3000000.00","701"
"CO","3139387","425.0","14","funded","2026-03-23","2026-02-20","","","no","1","Agriculture","no","COP","1539860.00","690"
"CO","3139391","400.0","14","funded","2026-03-18","2026-02-20","","","no","1","Agriculture","no","COP","1429870.00","690"
"CO","3139380","275.0","14","funded","2026-03-13","2026-02-09","","","no","1","Farming","no","COP","1000000.00","701"
"CO","3139379","175.0","14","funded","2026-03-11","2026-02-20","","","no","1","Farming","no","COP","659940.00","690"
"CO","3139376","1100.0","14","funded","2026-03-17","2026-02-20","","","no","1","Farming","no","COP","4152123.00","690"
"CO","3139365","1175.0","26","funded","2026-04-13","2026-02-09","","","no","1","Cattle","no","COP","4360000.00","701"
"CO","3139364","600.0","26","funded","2026-04-13","2026-02-20","","","no","1","Farming","no","COP","2199800.00","690"
"CO","3139369","300.0","38","funded","2026-03-10","2026-02-20","","","no","1","Farming","no","COP","1079900.00","690"
"CO","3139355","350.0","14","funded","2026-03-21","2026-02-20","","","no","1","Dairy","no","COP","1297882.00","690"
"CO","3139357","600.0","14","funded","2026-04-11","2026-02-20","","","no","1","Agriculture","no","COP","2199800.00","690"
"CO","3139348","925.0","17","funded","2026-04-13","2026-02-09","","","no","1","Agriculture","no","COP","3500000.00","701"
"CO","3139352","300.0","14","funded","2026-03-13","2026-02-20","","","no","1","Agriculture","no","COP","1099900.00","690"
"CO","3139349","275.0","14","funded","2026-03-11","2026-02-20","","","no","1","Farming","no","COP","1025905.00","690"
"CO","3139320","1075.0","26","funded","2026-04-13","2026-02-05","","","no","1","Poultry","no","COP","4000000.00","701"
"CO","3139318","550.0","20","funded","2026-03-21","2026-02-05","","","no","1","Poultry","no","COP","2000000.00","701"
"CO","3140093","1000.0","21","funded","2026-04-12","2026-02-16","","","no","1","Pigs","no","COP","3759638.00","621"
"CO","3138923","275.0","14","funded","2026-03-11","2026-02-06","","","no","1","Agriculture","no","COP","1000000.00","701"
"CO","3140075","1000.0","14","funded","2026-03-22","2026-02-14","","","no","1","Farming","yes","COP","3690637.00","621"
"CO","3140062","1200.0","26","funded","2026-03-18","2026-02-14","","","no","1","Pigs","no","COP","4461680.00","621"
"CO","3140070","1650.0","26","funded","2026-04-12","2026-02-16","","","no","1","Cattle","no","COP","6197058.00","621"
"CO","3140067","1650.0","27","funded","2026-04-12","2026-02-16","","","no","1","Pigs","no","COP","6197060.00","621"
"CO","3140068","650.0","14","funded","2026-03-18","2026-02-16","","","no","1","Agriculture","no","COP","2368422.00","621"
"CO","3140064","1125.0","17","funded","2026-04-12","2026-02-14","","","no","1","Agriculture","no","COP","4170597.00","621"
"CO","3140065","1025.0","20","funded","2026-04-12","2026-02-16","","","no","1","Agriculture","yes","COP","3859111.00","621"
"CO","3140061","325.0","14","funded","2026-03-10","2026-02-14","","","no","1","Farming","yes","COP","1184213.00","621"
"CO","3140059","1000.0","14","funded","2026-03-19","2026-02-14","","","no","1","Dairy","no","COP","3690635.00","621"
"CO","3138883","275.0","12","funded","2026-03-09","2026-02-06","","","no","1","Pigs","no","COP","1000000.00","701"
"CO","3138826","875.0","26","funded","2026-04-10","2026-02-20","","","no","1","Farming","no","COP","3239700.00","690"
"CO","3138797","875.0","26","funded","2026-04-10","2026-02-20","","","no","1","Farming","no","COP","3239700.00","690"
"CO","3138808","875.0","26","funded","2026-03-10","2026-02-20","","","no","1","Farming","no","COP","3239700.00","690"
"CO","3138817","425.0","14","funded","2026-03-13","2026-02-20","","","no","1","Agriculture","no","COP","1539860.00","690"
"CO","3138804","600.0","38","funded","2026-04-09","2026-02-20","","","no","1","Farming","no","COP","2199800.00","690"
"CO","3138800","450.0","20","funded","2026-03-09","2026-02-20","","","no","1","Agriculture","no","COP","1649850.00","690"
"CO","3138758","675.0","14","funded","2026-03-18","2026-02-11","","","no","1","Poultry","no","COP","2500000.00","701"
"CO","3138324","275.0","14","funded","2026-03-08","2026-02-13","","","no","1","Poultry","no","COP","1000000.00","701"
"CO","3138232","1450.0","20","funded","2026-04-10","2026-02-11","","","no","1","Cattle","no","COP","5500000.00","688"
"CO","3138180","575.0","20","funded","2026-04-09","2026-02-04","","","no","1","Farming","no","COP","2150000.00","701"
"CO","3137772","275.0","14","funded","2026-03-08","2026-02-06","","","no","1","Farming","no","COP","1000000.00","701"
"CO","3137759","600.0","38","funded","2026-04-08","2026-02-20","","","no","1","Farming","no","COP","2199800.00","690"
"CO","3137752","1325.0","20","funded","2026-03-12","2026-03-05","","","no","1","Agriculture","no","COP","4967540.00","690"
"CO","3137750","1200.0","27","funded","2026-04-08","2026-02-20","","","no","1","Farming","no","COP","4500000.00","701"
"CO","3137755","650.0","14","funded","2026-04-08","2026-03-05","","","no","1","Farming","no","COP","2364785.00","690"
"CO","3137739","725.0","20","funded","2026-04-08","2026-02-20","","","no","1","Farming","no","COP","2699750.00","690"
"CO","3137714","225.0","14","funded","2026-03-10","2026-02-20","","","no","1","Agriculture","no","COP","769491.00","690"
"CO","3137718","200.0","26","funded","2026-03-06","2026-02-20","","","no","1","Poultry","no","COP","659940.00","690"
"CO","3137711","225.0","14","funded","2026-03-09","2026-02-20","","","no","1","Agriculture","no","COP","824925.00","690"
"CO","3137215","300.0","14","funded","2026-03-10","2026-03-05","","","no","1","Agriculture","no","COP","1079900.00","690"
"CO","3137209","600.0","26","funded","2026-04-08","2026-03-05","","","no","1","Farming","no","COP","2199800.00","690"
"CO","3137211","1400.0","9","funded","2026-03-25","2026-02-27","","","no","1","Farming","no","COP","5193000.00","667"
"CO","3137201","875.0","8","funded","2026-03-11","2026-02-10","","","no","1","Animal Sales","no","COP","3200000.00","667"
"CO","3138929","700.0","20","funded","2026-03-19","2026-02-13","","","no","1","Poultry","no","COP","2575424.00","621"
"CO","3137658","550.0","27","funded","2026-03-11","2026-02-20","","","no","1","Poultry","no","COP","2000000.00","701"
"CO","3138927","650.0","14","funded","2026-03-10","2026-02-13","","","no","1","Farming","yes","COP","2368425.00","621"
"CO","3138926","650.0","20","funded","2026-03-19","2026-02-13","","","no","1","Farming","no","COP","2368424.00","621"
"CO","3138925","650.0","14","funded","2026-03-08","2026-02-13","","","no","1","Farming","yes","COP","2368425.00","621"
"CO","3138932","1325.0","20","funded","2026-03-21","2026-02-13","","","no","1","Pigs","no","COP","4943849.00","621"
"CO","3138915","650.0","20","funded","2026-03-08","2026-02-12","","","no","1","Agriculture","yes","COP","2368424.00","621"
"CO","3138917","1025.0","20","funded","2026-03-22","2026-02-12","","","no","1","Agriculture","yes","COP","3759636.00","621"
"CO","3138920","375.0","14","funded","2026-03-07","2026-02-12","","","no","1","Agriculture","no","COP","1322212.00","621"
"CO","3138914","650.0","17","funded","2026-03-10","2026-02-12","","","no","1","Agriculture","yes","COP","2368424.00","621"
"CO","3137203","1725.0","26","funded","2026-04-08","2026-03-05","","","no","1","Farming","yes","COP","6479401.00","690"
"CO","3137643","1275.0","26","funded","2026-04-08","2026-02-09","","","no","1","Agriculture","no","COP","4800000.00","701"
"CO","3138909","1350.0","26","funded","2026-03-09","2026-02-12","","","no","1","Farming","no","COP","5012848.00","621"
"CO","3138770","475.0","14","funded","2026-03-10","2026-02-10","","","no","1","Farming","no","COP","1776319.00","621"
"CO","3137600","1075.0","26","funded","2026-04-08","2026-02-10","","","no","1","Pigs","no","COP","4000000.00","701"
"CO","3136560","375.0","15","funded","2026-03-06","2026-01-29","","","no","1","Animal Sales","no","COP","1350000.00","667"
"CO","3137268","1400.0","14","funded","2026-04-08","2026-02-20","","","no","1","Agriculture","no","COP","5248314.00","690"
"CO","3137271","500.0","20","funded","2026-03-19","2026-03-05","","","no","1","Agriculture","no","COP","1869830.00","690"
"CO","3137275","725.0","26","funded","2026-04-08","2026-02-20","","","no","1","Agriculture","no","COP","2711254.00","690"
"CO","3137264","1175.0","20","funded","2026-04-08","2026-03-05","","","no","1","Farming","no","COP","4399600.00","690"
"CO","3137262","750.0","14","funded","2026-03-09","2026-03-05","","","no","1","Agriculture","no","COP","2807740.00","690"
"CO","3137258","675.0","26","funded","2026-04-01","2026-03-05","","","no","1","Agriculture","no","COP","2529770.00","690"
"CO","3137252","550.0","14","funded","2026-04-07","2026-02-20","","","no","1","Agriculture","no","COP","1979820.00","690"
"CO","3137248","375.0","26","funded","2026-03-16","2026-03-05","","","no","1","Farming","no","COP","1319880.00","690"
"CO","3137245","375.0","20","funded","2026-03-08","2026-03-05","","","no","1","Farming","no","COP","1319880.00","690"
"CO","3138328","475.0","14","funded","2026-03-18","2026-02-10","","","no","1","Farming","no","COP","1776318.00","621"
"CO","3137242","725.0","38","funded","2026-03-09","2026-03-05","","","no","1","Agriculture","no","COP","2699750.00","690"
"CO","3138335","625.0","14","funded","2026-03-10","2026-02-11","","","no","1","Agriculture","yes","COP","2368425.00","621"
"CO","3138334","1250.0","14","funded","2026-03-08","2026-02-11","","","no","1","Livestock","no","COP","4736846.00","621"
"CO","3138331","325.0","14","funded","2026-03-05","2026-02-11","","","no","1","Agriculture","yes","COP","1184213.00","621"
"CO","3138305","675.0","14","funded","2026-03-13","2026-02-10","","","no","1","Pigs","no","COP","2506423.00","621"
"CO","3138301","1000.0","20","funded","2026-03-26","2026-02-10","","","no","1","Agriculture","no","COP","3759638.00","621"
"CO","3138296","675.0","14","funded","2026-03-06","2026-02-09","","","no","1","Agriculture","no","COP","2548303.00","621"
"CO","3137222","425.0","14","funded","2026-03-09","2026-03-05","","","no","1","Agriculture","no","COP","1594855.00","690"
"CO","3137220","600.0","14","funded","2026-03-18","2026-03-05","","","no","1","Agriculture","no","COP","2199800.00","690"
"CO","3138262","625.0","20","funded","2026-03-06","2026-02-07","","","no","1","Farming","yes","COP","2368424.00","621"
"CO","3138260","950.0","14","funded","2026-03-20","2026-02-07","","","no","1","Farming","yes","COP","3552635.00","621"
"CO","3137200","700.0","26","funded","2026-03-13","2026-03-05","","","no","1","Agriculture","no","COP","2591760.00","690"
"CO","3137199","875.0","19","funded","2026-04-05","2026-03-10","","","no","1","Agriculture","no","COP","3250000.00","667"
"CO","3137197","1600.0","38","funded","2026-04-08","2026-03-05","","","no","1","Agriculture","no","COP","5939450.00","690"
"CO","3137186","2100.0","38","funded","2026-04-08","2026-03-05","","","no","1","Farming","no","COP","7883270.00","690"
"CO","3137172","900.0","14","funded","2026-03-10","2026-03-05","","","no","1","Farming","no","COP","3299700.00","690"
"CO","3137169","750.0","26","funded","2026-03-19","2026-03-05","","","no","1","Agriculture","no","COP","2807740.00","690"
"CO","3136599","1425.0","21","funded","2026-04-07","2026-02-27","","","no","1","Livestock","no","COP","5300000.00","667"
"CO","3136598","600.0","14","funded","2026-03-18","2026-02-26","","","no","1","Agriculture","no","COP","2175000.00","667"
"CO","3136590","600.0","15","funded","2026-03-18","2026-02-19","","","no","1","Dairy","no","COP","2170000.00","667"
"CO","3136594","700.0","26","funded","2026-03-19","2026-02-07","","","no","1","Animal Sales","no","COP","2610000.00","667"
"CO","3136583","1425.0","14","funded","2026-04-07","2026-02-14","","","no","1","Animal Sales","no","COP","5290000.00","667"
"CO","3136575","325.0","12","funded","2026-03-04","2026-02-12","","","no","1","Animal Sales","no","COP","1150000.00","667"
"CO","3136573","600.0","14","funded","2026-03-08","2026-02-07","","","no","1","Farming","yes","COP","2180000.00","667"
"CO","3136570","1425.0","26","funded","2026-04-07","2026-02-19","","","no","1","Animal Sales","no","COP","5302000.00","667"
"CO","3136569","1475.0","27","funded","2026-03-27","2026-02-18","","","no","1","Livestock","no","COP","5500000.00","667"
"CO","3136564","1000.0","15","funded","2026-03-20","2026-02-19","","","no","1","Farming","no","COP","3750000.00","667"
"CO","3136558","875.0","15","funded","2026-03-10","2026-01-29","","","no","1","Dairy","no","COP","3220000.00","667"
"CO","3137744","700.0","20","funded","2026-03-10","2026-02-06","","","no","1","Farming","yes","COP","2575424.00","621"
"CO","3137745","650.0","14","funded","2026-03-09","2026-02-06","","","no","1","Farming","no","COP","2368425.00","621"
"CO","3137746","325.0","14","funded","2026-03-04","2026-02-06","","","no","1","Farming","no","COP","1184213.00","621"
"CO","3137741","650.0","14","funded","2026-03-06","2026-02-06","","","no","1","Farming","yes","COP","2368423.00","621"
"CO","3137743","700.0","18","funded","2026-03-04","2026-02-06","","","no","1","Farming","yes","COP","2552425.00","621"
"CO","3137735","650.0","20","funded","2026-03-05","2026-02-05","","","no","1","Farming","yes","COP","2394002.00","621"
"CO","3137738","800.0","14","funded","2026-03-09","2026-02-06","","","no","1","Farming","no","COP","2960531.00","621"
"CO","3137733","975.0","20","funded","2026-03-04","2026-02-05","","","no","1","Farming","yes","COP","3588164.00","621"
"CO","3137731","650.0","14","funded","2026-03-13","2026-02-05","","","no","1","Agriculture","no","COP","2368425.00","621"
"CO","3137722","1300.0","26","funded","2026-04-07","2026-02-04","","","no","1","Farming","no","COP","4890796.00","621"
"CO","3137620","325.0","14","funded","2026-03-04","2026-02-11","","","no","1","Agriculture","no","COP","1200000.00","701"
"CO","3136307","300.0","14","funded","2026-03-07","2026-02-20","","","no","1","Farming","no","COP","1058302.00","690"
"CO","3136303","650.0","14","funded","2026-03-09","2026-02-20","","","no","1","Farming","yes","COP","2354182.00","690"
"CO","3136300","325.0","14","funded","2026-03-04","2026-02-20","","","no","1","Farming","yes","COP","1209890.00","690"
"CO","3136295","300.0","38","funded","2026-03-07","2026-02-20","","","no","1","Agriculture","no","COP","1079900.00","690"
"CO","3136289","1200.0","26","funded","2026-04-06","2026-02-20","","","no","1","Agriculture","no","COP","4427590.00","690"
"CO","3136288","600.0","14","funded","2026-04-02","2026-02-20","","","no","1","Agriculture","no","COP","2254795.00","690"
"CO","3136287","1475.0","38","funded","2026-04-06","2026-02-20","","","no","1","Agriculture","no","COP","5499500.00","690"
"CO","3136221","550.0","14","funded","2026-03-08","2026-02-20","","","no","1","Farming","no","COP","1979820.00","690"
"CO","3136220","1025.0","14","funded","2026-04-06","2026-02-20","","","no","1","Farming","no","COP","3779650.00","690"
"CO","3136166","650.0","26","funded","2026-03-23","2026-02-20","","","no","1","Agriculture","no","COP","2419780.00","690"
"CO","3136205","525.0","14","funded","2026-03-25","2026-02-20","","","no","1","Farming","no","COP","1935824.00","690"
"CO","3136202","425.0","14","funded","2026-03-03","2026-02-20","","","no","1","Farming","no","COP","1523362.00","690"
"CO","3136200","400.0","20","funded","2026-03-03","2026-02-20","","","no","1","Farming","no","COP","1429870.00","690"
"CO","3136199","375.0","38","funded","2026-03-03","2026-02-20","","","no","1","Farming","no","COP","1319880.00","690"
"CO","3136175","750.0","14","funded","2026-04-06","2026-02-20","","","no","1","Farming","no","COP","2749750.00","690"
"CO","3136197","175.0","14","funded","2026-03-02","2026-02-20","","","no","1","Farming","no","COP","647940.00","690"
"CO","3136171","600.0","26","funded","2026-03-03","2026-02-20","","","no","1","Farming","no","COP","2199800.00","690"
"CO","3136168","975.0","38","funded","2026-04-06","2026-02-20","","","no","1","Farming","no","COP","3629670.00","690"
"CO","3136164","650.0","26","funded","2026-04-05","2026-02-20","","","no","1","Farming","no","COP","2419780.00","690"
"CO","3136165","450.0","14","funded","2026-03-03","2026-02-20","","","no","1","Cattle","no","COP","1682847.00","690"
"CO","3135150","725.0","14","funded","2026-03-03","2026-02-20","","","no","1","Agriculture","no","COP","2639760.00","690"
"CO","3135307","525.0","26","funded","2026-03-01","2026-02-20","","","no","1","Farming","no","COP","1938024.00","690"
"CO","3135304","1350.0","14","funded","2026-04-05","2026-02-20","","","no","1","Farming","no","COP","4905554.00","690"
"CO","3135294","300.0","14","funded","2026-03-01","2026-02-20","","","no","1","Farming","no","COP","1079900.00","690"
"CO","3135300","1500.0","20","funded","2026-04-05","2026-02-20","","","no","1","Agriculture","no","COP","5499500.00","690"
"CO","3135207","650.0","14","funded","2026-03-27","2026-02-20","","","no","1","Agriculture","no","COP","2397782.00","690"
"CO","3136665","1375.0","21","funded","2026-03-25","2026-01-31","","","no","1","Farming","no","COP","5088314.00","621"
"CO","3136666","875.0","27","funded","2026-03-02","2026-01-31","","","no","1","Farming","yes","COP","3233117.00","621"
"CO","3136664","675.0","15","funded","2026-03-01","2026-01-31","","","no","1","Farming","no","COP","2506425.00","621"
"CO","3136669","325.0","15","funded","2026-03-01","2026-01-31","","","no","1","Farming","yes","COP","1184213.00","621"
"CO","3136667","1200.0","15","funded","2026-03-02","2026-01-31","","","no","1","Farming","yes","COP","4414027.00","621"
"CO","3136660","1100.0","15","funded","2026-03-03","2026-01-31","","","no","1","Farming","no","COP","4068789.00","621"
"CO","3136662","1250.0","27","funded","2026-04-04","2026-01-31","","","no","1","Dairy","no","COP","4632322.00","621"
"CO","3136656","950.0","27","funded","2026-03-01","2026-01-31","","","no","1","Farming","no","COP","3552635.00","621"
"CO","3136658","650.0","15","funded","2026-03-01","2026-01-31","","","no","1","Farming","no","COP","2368423.00","621"
"CO","3136651","1475.0","21","funded","2026-03-01","2026-01-31","","","no","1","Agriculture","no","COP","5535955.00","621"
"CO","3135160","450.0","14","funded","2026-03-02","2026-02-20","","","no","1","Agriculture","no","COP","1649850.00","690"
"CO","3135171","675.0","14","funded","2026-04-04","2026-02-20","","","no","1","Farming","no","COP","2419780.00","690"
"CO","3135153","675.0","26","funded","2026-03-02","2026-02-20","","","no","1","Agriculture","no","COP","2429775.00","690"
"CO","3135143","300.0","14","funded","2026-03-01","2026-02-20","","","no","1","Agriculture","no","COP","1099900.00","690"
"CO","3133779","375.0","14","funded","2026-03-01","2026-02-20","","","no","1","Agriculture","no","COP","1319880.00","690"
"CO","3136464","850.0","21","funded","2026-03-01","2026-01-31","","","no","1","Farming","no","COP","3167529.00","621"
"CO","3136399","375.0","15","funded","2026-02-28","2026-01-31","","","no","1","Agriculture","no","COP","1322211.00","621"
"CO","3136398","650.0","15","funded","2026-03-01","2026-01-31","","","no","1","Agriculture","no","COP","2368424.00","621"
"CO","3136392","800.0","15","funded","2026-03-01","2026-01-31","","","no","1","Agriculture","no","COP","2960531.00","621"
"CO","3136378","1125.0","27","funded","2026-03-06","2026-01-31","","","no","1","Farming","no","COP","4171884.00","621"
"CO","3136380","950.0","27","funded","2026-03-01","2026-01-31","","","no","1","Farming","no","COP","3552635.00","621"
"CO","3136372","650.0","18","funded","2026-02-28","2026-01-31","","","no","1","Farming","no","COP","2368424.00","621"
"CO","3135351","375.0","15","funded","2026-02-28","2026-01-31","","","no","1","Pigs","no","COP","1322212.00","621"
"CO","3135358","650.0","21","funded","2026-02-27","2026-01-31","","","no","1","Farming","no","COP","2368426.00","621"
"CO","3135352","975.0","27","funded","2026-03-01","2026-01-31","","","no","1","Agriculture","no","COP","3552636.00","621"
"CO","3135353","700.0","15","funded","2026-03-01","2026-01-31","","","no","1","Agriculture","no","COP","2506424.00","621"
"CO","3135346","1275.0","23","funded","2026-03-02","2026-01-30","","","no","1","Agriculture","no","COP","4692301.00","621"
"CO","3135344","1250.0","21","funded","2026-04-01","2026-01-30","","","no","1","Farming","no","COP","4571987.00","621"
"CO","3135340","975.0","21","funded","2026-02-28","2026-01-30","","","no","1","Farming","no","COP","3552635.00","621"
"CO","3135342","1600.0","15","funded","2026-03-28","2026-01-30","","","no","1","Farming","no","COP","5877770.00","621"
"CO","3135337","650.0","18","funded","2026-02-28","2026-01-30","","","no","1","Agriculture","no","COP","2368423.00","621"
"CO","3135328","325.0","15","funded","2026-02-27","2026-01-30","","","no","1","Agriculture","no","COP","1184213.00","621"
"CO","3135327","550.0","15","funded","2026-02-27","2026-01-30","","","no","1","Cattle","no","COP","1973528.00","621"
"CO","3135323","1425.0","27","funded","2026-03-25","2026-01-30","","","no","1","Agriculture","yes","COP","5199456.00","621"
"CO","3133811","600.0","14","funded","2026-03-02","2026-02-20","","","no","1","Farming","no","COP","2199800.00","690"
"CO","3133807","325.0","14","funded","2026-03-01","2026-02-20","","","no","1","Agriculture","no","COP","1165894.00","690"
"CO","3133799","300.0","26","funded","2026-03-01","2026-02-20","","","no","1","Agriculture","no","COP","1099900.00","690"
"CO","3133796","225.0","14","funded","2026-02-28","2026-02-20","","","no","1","Farming","no","COP","758931.00","690"
"CO","3133789","425.0","14","funded","2026-03-02","2026-02-20","","","no","1","Farming","no","COP","1516620.00","690"
"CO","3133786","600.0","14","funded","2026-03-01","2026-02-20","","","no","1","Agriculture","no","COP","2199800.00","690"
"CO","3133784","550.0","14","funded","2026-03-02","2026-02-20","","","no","1","Agriculture","no","COP","1979820.00","690"
"CO","3133778","900.0","38","funded","2026-04-01","2026-02-20","","","no","1","Agriculture","no","COP","3299700.00","690"
"CO","3133777","775.0","14","funded","2026-02-26","2026-02-20","","","no","1","Livestock","no","COP","2804745.00","690"
"CO","3133124","1625.0","27","funded","2026-03-01","2026-01-29","","","no","1","Farming","yes","COP","5921059.00","621"
"CO","3133130","525.0","21","funded","2026-02-27","2026-01-29","","","no","1","Farming","yes","COP","1894739.00","621"
"CO","3133959","1525.0","15","funded","2026-03-03","2026-01-30","","","no","1","Farming","no","COP","5587606.00","621"
"CO","3133943","700.0","21","funded","2026-02-26","2026-01-30","","","no","1","Farming","no","COP","2575424.00","621"
"CO","3133958","575.0","27","funded","2026-02-26","2026-01-30","","","no","1","Farming","yes","COP","2052319.00","621"
"CO","3133872","325.0","15","funded","2026-02-26","2026-01-30","","","no","1","Farming","no","COP","1184211.00","621"
"CO","3133869","850.0","15","funded","2026-02-26","2026-01-30","","","no","1","Livestock","no","COP","3098532.00","621"
"CO","3133948","525.0","15","funded","2026-02-26","2026-01-30","","","no","1","Pigs","no","COP","1914317.00","621"
"CO","3133868","1400.0","21","funded","2026-02-28","2026-01-30","","","no","1","Farming","yes","COP","5180688.00","621"
"CO","3133866","650.0","21","funded","2026-02-26","2026-01-30","","","no","1","Farming","yes","COP","2368423.00","621"
"CO","3133865","650.0","15","funded","2026-02-27","2026-01-30","","","no","1","Farming","no","COP","2368424.00","621"
"CO","3133862","325.0","15","funded","2026-02-26","2026-01-30","","","no","1","Farming","no","COP","1184211.00","621"
"CO","3133860","500.0","15","funded","2026-02-26","2026-01-29","","","no","1","Dairy","no","COP","1848556.00","621"
"CO","3133857","325.0","18","funded","2026-02-26","2026-01-29","","","no","1","Agriculture","yes","COP","1184213.00","621"
"CO","3133032","625.0","27","funded","2026-02-28","2026-01-28","","","no","1","Agriculture","no","COP","2250000.00","701"
"CO","3132374","375.0","14","funded","2026-03-01","2026-02-20","","","no","1","Agriculture","no","COP","1314381.00","690"
"CO","3133137","475.0","15","funded","2026-02-25","2026-01-29","","","no","1","Dairy","no","COP","1746713.00","621"
"CO","3133132","725.0","27","funded","2026-02-26","2026-01-29","","","no","1","Farming","yes","COP","2644425.00","621"
"CO","3133133","1625.0","15","funded","2026-02-27","2026-01-29","","","no","1","Farming","no","COP","5921059.00","621"
"CO","3133135","325.0","15","funded","2026-02-25","2026-01-29","","","no","1","Farming","no","COP","1184213.00","621"
"CO","3133134","700.0","15","funded","2026-02-25","2026-01-29","","","no","1","Pigs","no","COP","2506422.00","621"
"CO","3133114","650.0","27","funded","2026-02-25","2026-01-29","","","no","1","Farming","no","COP","2310398.00","621"
"CO","3133125","825.0","23","funded","2026-02-25","2026-01-29","","","no","1","Farming","yes","COP","2960531.00","621"
"CO","3133109","550.0","15","funded","2026-02-25","2026-01-29","","","no","1","Farming","no","COP","1989476.00","621"
"CO","3133111","325.0","15","funded","2026-02-25","2026-01-29","","","no","1","Dairy","no","COP","1184211.00","621"
"CO","3133115","550.0","18","funded","2026-02-26","2026-01-29","","","no","1","Pigs","no","COP","1948818.00","621"
"CO","3133108","325.0","15","funded","2026-02-25","2026-01-29","","","no","1","Farming","no","COP","1184211.00","621"
"CO","3132368","300.0","14","funded","2026-02-25","2026-02-20","","","no","1","Farming","no","COP","1035625.00","690"
"CO","3132375","750.0","26","funded","2026-03-30","2026-02-20","","","no","1","Farming","no","COP","2749750.00","690"
"CO","3132351","425.0","14","funded","2026-02-25","2026-02-20","","","no","1","Agriculture","no","COP","1484865.00","690"
"CO","3132389","900.0","20","funded","2026-03-01","2026-02-20","","","no","1","Dairy","no","COP","3299700.00","690"
"CO","3132385","450.0","14","funded","2026-02-25","2026-02-20","","","no","1","Farming","no","COP","1649850.00","690"
"CO","3132334","300.0","14","funded","2026-02-24","2026-02-20","","","no","1","Farming","no","COP","1099900.00","690"
"CO","3132328","675.0","20","funded","2026-02-24","2026-02-20","","","no","1","Farming","no","COP","2491274.00","690"
"CO","3132326","750.0","14","funded","2026-03-14","2026-02-20","","","no","1","Agriculture","no","COP","2749750.00","690"
"CO","3132306","600.0","5","funded","2026-02-24","2026-01-30","","","no","1","Farming","no","COP","2130000.00","667"
"CO","3132302","1725.0","21","funded","2026-03-01","2026-01-29","","","no","1","Farming","no","COP","6345000.00","667"
"CO","3132478","975.0","21","funded","2026-02-24","2026-01-29","","","no","1","Agriculture","no","COP","3552637.00","621"
"CO","3132475","550.0","18","funded","2026-02-24","2026-01-29","","","no","1","Agriculture","no","COP","1986303.00","621"
"CO","3131743","1050.0","27","funded","2026-02-24","2026-01-28","","","no","1","Agriculture","no","COP","3828635.00","621"
"CO","3132471","325.0","15","funded","2026-02-24","2026-01-29","","","no","1","Farming","no","COP","1184211.00","621"
"CO","3132473","325.0","15","funded","2026-02-24","2026-01-29","","","no","1","Farming","no","COP","1184211.00","621"
"CO","3132466","650.0","27","funded","2026-02-24","2026-01-28","","","no","1","Farming","no","COP","2368426.00","621"
"CO","3132465","525.0","15","funded","2026-02-24","2026-01-28","","","no","1","Aquaculture","no","COP","1914317.00","621"
"CO","3132458","1050.0","27","funded","2026-02-25","2026-01-28","","","no","1","Farming","no","COP","3828635.00","621"
"CO","3132457","325.0","15","funded","2026-02-24","2026-01-28","","","no","1","Farming","no","COP","1184213.00","621"
"CO","3131647","300.0","14","funded","2026-02-23","2026-02-20","","","no","1","Agriculture","no","COP","1079685.00","690"
"CO","3131643","325.0","14","funded","2026-02-24","2026-02-20","","","no","1","Agriculture","no","COP","1187890.00","690"
"CO","3131636","450.0","14","funded","2026-02-25","2026-02-20","","","no","1","Farming","no","COP","1610254.00","690"
"CO","3131632","450.0","14","funded","2026-02-27","2026-02-20","","","no","1","Farming","no","COP","1649850.00","690"
"CO","3131627","525.0","14","funded","2026-02-23","2026-02-20","","","no","1","Livestock","no","COP","1924825.00","690"
"CO","3131620","525.0","20","funded","2026-02-24","2026-02-20","","","no","1","Poultry","no","COP","1869830.00","690"
"CO","3131613","1700.0","26","funded","2026-03-28","2026-02-20","","","no","1","Farming","no","COP","6263420.00","690"
"CO","3131615","600.0","20","funded","2026-03-02","2026-02-20","","","no","1","Farming","no","COP","2199800.00","690"
"CO","3131618","575.0","20","funded","2026-03-25","2026-02-20","","","no","1","Farming","no","COP","2034815.00","690"
"CO","3131617","375.0","14","funded","2026-02-24","2026-02-20","","","no","1","Agriculture","no","COP","1319880.00","690"
"CO","3131746","550.0","21","funded","2026-02-23","2026-01-28","","","no","1","Agriculture","no","COP","1983317.00","621"
"CO","3131742","475.0","15","funded","2026-02-22","2026-01-28","","","no","1","Agriculture","no","COP","1693423.00","621"
"CO","3131740","700.0","15","funded","2026-02-23","2026-01-28","","","no","1","Livestock","no","COP","2506426.00","621"
"CO","3131737","975.0","27","funded","2026-02-25","2026-01-27","","","no","1","Agriculture","no","COP","3552638.00","621"
"CO","3131735","975.0","15","funded","2026-02-24","2026-01-27","","","no","1","Agriculture","no","COP","3552637.00","621"
"CO","3131733","650.0","27","funded","2026-02-23","2026-01-27","","","no","1","Agriculture","no","COP","2368423.00","621"
"CO","3131731","1625.0","27","funded","2026-02-25","2026-01-27","","","no","1","Dairy","no","COP","5921060.00","621"
"CO","3131729","1625.0","15","funded","2026-03-01","2026-01-27","","","no","1","Agriculture","yes","COP","5921060.00","621"
"CO","3131726","325.0","15","funded","2026-02-22","2026-01-27","","","no","1","Agriculture","no","COP","1184212.00","621"
"CO","3131727","1300.0","16","funded","2026-02-24","2026-01-27","","","no","1","Agriculture","yes","COP","4736848.00","621"
"CO","3131034","450.0","14","funded","2026-02-23","2026-02-20","","","no","1","Farming","no","COP","1649850.00","690"
"CO","3131030","200.0","14","funded","2026-02-24","2026-02-20","","","no","1","Agriculture","no","COP","659940.00","690"
"CO","3131028","1250.0","26","funded","2026-03-27","2026-02-20","","","no","1","Agriculture","no","COP","4519600.00","690"
"CO","3131022","750.0","20","funded","2026-03-26","2026-02-20","","","no","1","Agriculture","no","COP","2699750.00","690"
"CO","3131027","1000.0","26","funded","2026-03-11","2026-02-20","","","no","1","Agriculture","no","COP","3629670.00","690"
"CO","3131015","600.0","14","funded","2026-03-03","2026-02-20","","","no","1","Agriculture","no","COP","2199800.00","690"
"CO","3131016","1425.0","26","funded","2026-03-09","2026-02-20","","","no","1","Agriculture","no","COP","5183520.00","690"
"CO","3131012","1500.0","14","funded","2026-03-11","2026-02-20","","","no","1","Agriculture","no","COP","5499500.00","690"
"CO","3131013","700.0","14","funded","2026-02-23","2026-02-20","","","no","1","Agriculture","no","COP","2529770.00","690"
"CO","3131011","900.0","26","funded","2026-02-27","2026-02-20","","","no","1","Agriculture","no","COP","3299700.00","690"
"CO","3131104","325.0","15","funded","2026-02-22","2026-01-26","","","no","1","Farming","yes","COP","1184213.00","621"
"CO","3131106","650.0","15","funded","2026-02-21","2026-01-26","","","no","1","Farming","no","COP","2368424.00","621"
"CO","3131102","1625.0","15","funded","2026-02-26","2026-01-26","","","no","1","Farming","yes","COP","5921059.00","621"
"CO","3131103","700.0","21","funded","2026-02-24","2026-01-26","","","no","1","Farming","no","COP","2563582.00","621"
"CO","3131108","875.0","21","funded","2026-02-26","2026-01-26","","","no","1","Farming","yes","COP","3167531.00","621"
"CO","3131097","525.0","21","funded","2026-02-21","2026-01-26","","","no","1","Livestock","no","COP","1849739.00","621"
"CO","3131096","1350.0","21","funded","2026-02-26","2026-01-26","","","no","1","Agriculture","yes","COP","4943849.00","621"
"CO","3131095","975.0","21","funded","2026-02-24","2026-01-26","","","no","1","Agriculture","no","COP","3552637.00","621"
"CO","3131088","375.0","15","funded","2026-02-21","2026-01-26","","","no","1","Agriculture","no","COP","1322211.00","621"
"CO","3131085","975.0","21","funded","2026-02-24","2026-01-26","","","no","1","Farming","no","COP","3552635.00","621"
"CO","3131082","325.0","15","funded","2026-02-21","2026-01-24","","","no","1","Poultry","no","COP","1184213.00","621"
"CO","3130263","975.0","15","funded","2026-02-20","2026-01-24","","","no","1","Farming","yes","COP","3552636.00","621"
"CO","3130264","1225.0","27","funded","2026-02-27","2026-01-24","","","no","1","Agriculture","yes","COP","4419230.00","621"
"CO","3130262","475.0","15","funded","2026-02-24","2026-01-24","","","no","1","Farming","no","COP","1693425.00","621"
"CO","3130319","375.0","15","funded","2026-02-20","2026-01-24","","","no","1","Agriculture","yes","COP","1322210.00","621"
"CO","3130321","725.0","27","funded","2026-02-22","2026-01-24","","","no","1","Agriculture","no","COP","2644424.00","621"
"CO","3130323","975.0","18","funded","2026-02-22","2026-01-24","","","no","1","Agriculture","yes","COP","3552638.00","621"
"CO","3130324","650.0","18","funded","2026-02-20","2026-01-24","","","no","1","Agriculture","yes","COP","2368425.00","621"
"CO","3130271","325.0","15","funded","2026-02-20","2026-01-24","","","no","1","Farm Supplies","no","COP","1184211.00","621"
"CO","3130221","1600.0","21","funded","2026-03-15","2026-01-23","","","no","1","Farming","no","COP","5819721.00","621"
"CO","3130197","650.0","21","funded","2026-02-20","2026-01-23","","","no","1","Agriculture","no","COP","2368424.00","621"
"CO","3130196","1300.0","27","funded","2026-03-02","2026-01-23","","","no","1","Farming","yes","COP","4736847.00","621"
"CO","3130188","800.0","21","funded","2026-02-22","2026-01-23","","","no","1","Farming","yes","COP","2842110.00","621"
"CO","3130187","650.0","23","funded","2026-02-24","2026-01-23","","","no","1","Farm Supplies","yes","COP","2368423.00","621"
"CO","3129944","775.0","23","funded","2026-03-25","2026-02-20","","","no","1","Farming","no","COP","2749750.00","690"
"CO","3129940","375.0","26","funded","2026-02-24","2026-02-20","","","no","1","Farming","no","COP","1318781.00","690"
"CO","3129862","525.0","20","funded","2026-02-24","2026-02-20","","","no","1","Agriculture","yes","COP","1869830.00","690"
"CO","3129930","925.0","26","funded","2026-03-23","2026-02-20","","","no","1","Farming","no","COP","3299700.00","690"
"CO","3129924","200.0","14","funded","2026-02-20","2026-02-20","","","no","1","Farming","no","COP","659940.00","690"
"CO","3129926","1525.0","14","funded","2026-03-25","2026-02-20","","","no","1","Farming","no","COP","5499172.00","690"
"CO","3129871","875.0","14","funded","2026-03-25","2026-02-20","","","no","1","Farming","no","COP","3121517.00","690"
"CO","3129876","525.0","38","funded","2026-03-02","2026-02-20","","","no","1","Dairy","no","COP","1869830.00","690"
"CO","3129869","1725.0","38","funded","2026-03-13","2026-02-20","","","no","1","Farming","no","COP","6263420.00","690"
"CO","3129866","825.0","26","funded","2026-03-25","2026-02-20","","","no","1","Farming","no","COP","2937740.00","690"
"CO","3129034","700.0","38","funded","2026-03-19","2026-02-20","","","no","1","Agriculture","no","COP","2529770.00","690"
"CO","3129003","275.0","15","funded","2026-02-22","2026-01-26","","","no","1","Poultry","no","COP","1000000.00","701"
"CO","3129023","800.0","14","funded","2026-03-13","2026-02-20","","","no","1","Agriculture","no","COP","2859740.00","690"
"CO","3129017","425.0","14","funded","2026-02-20","2026-02-20","","","no","1","Livestock","no","COP","1495864.00","690"
"CO","3128994","925.0","14","funded","2026-02-28","2026-02-20","","","no","1","Farming","no","COP","3299700.00","690"
"CO","3128997","375.0","14","funded","2026-02-22","2026-02-20","","","no","1","Farming","no","COP","1319880.00","690"
"CO","3128987","975.0","32","funded","2026-03-24","2026-02-20","","","no","1","Agriculture","no","COP","3563670.00","690"
"CO","3128901","325.0","26","funded","2026-02-22","2026-02-20","","","no","1","Agriculture","no","COP","1099900.00","690"
"CO","3128869","925.0","14","funded","2026-03-01","2026-02-20","","","no","1","Agriculture","no","COP","3299700.00","690"
"CO","3128966","400.0","14","funded","2026-02-22","2026-02-20","","","no","1","Farming","no","COP","1429870.00","690"
"CO","3128860","325.0","26","funded","2026-02-21","2026-02-20","","","no","1","Agriculture","no","COP","1130900.00","690"
"CO","3129336","825.0","17","funded","2026-02-21","2026-01-22","","","no","1","Livestock","no","COP","2960530.00","621"
"CO","3129335","650.0","15","funded","2026-02-19","2026-01-22","","","no","1","Agriculture","no","COP","2368423.00","621"
"CO","3129337","500.0","15","funded","2026-02-20","2026-01-22","","","no","1","Agriculture","no","COP","1776319.00","621"
"CO","3129339","375.0","15","funded","2026-02-19","2026-01-22","","","no","1","Agriculture","no","COP","1302634.00","621"
"CO","3129332","425.0","15","funded","2026-02-19","2026-01-22","","","no","1","Agriculture","no","COP","1498029.00","621"
"CO","3129325","325.0","15","funded","2026-02-19","2026-01-22","","","no","1","Agriculture","yes","COP","1184212.00","621"
"CO","3129329","650.0","15","funded","2026-02-22","2026-01-22","","","no","1","Agriculture","no","COP","2368423.00","621"
"CO","3129104","1050.0","27","funded","2026-02-20","2026-01-22","","","no","1","Livestock","no","COP","3828637.00","621"
"CO","3129103","650.0","18","funded","2026-02-19","2026-01-22","","","no","1","Farming","no","COP","2368425.00","621"
"CO","3129102","375.0","15","funded","2026-02-18","2026-01-22","","","no","1","Farming","no","COP","1322213.00","621"
"CO","3129099","825.0","26","funded","2026-02-25","2026-01-21","","","no","1","Farming","yes","COP","2960529.00","621"
"CO","3129096","1150.0","21","funded","2026-02-25","2026-01-21","","","no","1","Agriculture","yes","COP","4144744.00","621"
"CO","3129094","325.0","15","funded","2026-02-19","2026-01-21","","","no","1","Farming","no","COP","1184213.00","621"
"CO","3128391","650.0","20","funded","2026-02-24","2026-01-20","","","no","1","Farming","yes","COP","2368423.00","621"
"CO","3128393","950.0","27","funded","2026-02-24","2026-01-20","","","no","1","Farming","no","COP","3473371.00","621"
"CO","3128394","1325.0","14","funded","2026-03-21","2026-01-20","","","no","1","Farming","no","COP","4769153.00","621"
"CO","3128419","925.0","21","funded","2026-02-19","2026-01-21","","","no","1","Farming","yes","COP","3315795.00","621"
"CO","3128409","375.0","15","funded","2026-02-18","2026-01-20","","","no","1","Pigs","no","COP","1322212.00","621"
"CO","3128408","325.0","14","funded","2026-02-17","2026-01-20","","","no","1","Farming","no","COP","1184211.00","621"
"CO","3128402","500.0","14","funded","2026-02-21","2026-01-20","","","no","1","Agriculture","no","COP","1776319.00","621"
"CO","3128397","1250.0","26","funded","2026-02-27","2026-01-20","","","no","1","Farming","yes","COP","4539163.00","621"
"CO","3128245","275.0","14","funded","2026-02-20","2026-01-16","","","no","1","Pigs","no","COP","1000000.00","701"
"CO","3128219","275.0","15","funded","2026-02-18","2026-01-23","","","no","1","Pigs","no","COP","1000000.00","701"
"CO","3126610","1375.0","27","funded","2026-03-18","2026-02-06","","","no","1","Pigs","no","COP","5000000.00","701"
"CO","3126628","700.0","20","funded","2026-02-24","2026-02-06","","","no","1","Poultry","no","COP","2500000.00","701"
"CO","3126954","325.0","14","funded","2026-02-19","2026-01-19","","","no","1","Farming","no","COP","1184211.00","621"
"CO","3126952","550.0","18","funded","2026-02-20","2026-01-19","","","no","1","Agriculture","no","COP","1948819.00","621"
"CO","3126950","1200.0","26","funded","2026-02-21","2026-01-19","","","no","1","Farming","yes","COP","4302324.00","621"
"CO","3126951","825.0","14","funded","2026-02-18","2026-01-19","","","no","1","Livestock","no","COP","2980109.00","621"
"CO","3126946","325.0","14","funded","2026-02-16","2026-01-17","","","no","1","Agriculture","no","COP","1184211.00","621"
"CO","3126580","425.0","18","funded","2026-02-21","2026-02-06","","","no","1","Poultry","no","COP","1500000.00","701"
"CO","3126547","425.0","15","funded","2026-02-24","2026-01-31","","","no","1","Poultry","no","COP","1500000.00","701"
"CO","3126551","625.0","27","funded","2026-02-28","2026-01-31","","","no","1","Farming","no","COP","2200000.00","701"
"CO","3124519","275.0","15","funded","2026-02-21","2026-01-29","","","no","1","Agriculture","yes","COP","1000000.00","701"
"CO","3125130","550.0","18","funded","2026-02-24","2026-01-30","","","no","1","Poultry","no","COP","2000000.00","701"
"CO","3125125","1025.0","27","funded","2026-02-26","2026-01-30","","","no","1","Farming","no","COP","3750000.00","701"
"CO","3123987","550.0","14","funded","2026-02-24","2026-01-22","","","no","1","Poultry","no","COP","2000000.00","701"
"CO","3125141","1475.0","26","funded","2026-03-01","2026-01-17","","","no","1","Poultry","no","COP","5328955.00","621"
"CO","3125137","500.0","20","funded","2026-02-20","2026-01-17","","","no","1","Farming","no","COP","1776316.00","621"
"CO","3125138","425.0","14","funded","2026-02-19","2026-01-17","","","no","1","Agriculture","no","COP","1480262.00","621"
"CO","3124518","600.0","21","funded","2026-03-02","2026-01-29","","","no","1","Poultry","no","COP","2200000.00","701"
"CO","3124501","250.0","9","funded","2026-02-14","2026-01-28","","","no","1","Dairy","no","COP","850000.00","701"
"CO","3124496","825.0","27","funded","2026-03-02","2026-01-28","","","no","1","Agriculture","no","COP","3000000.00","701"
"CO","3123983","275.0","14","funded","2026-02-12","2026-01-22","","","no","1","Poultry","no","COP","1000000.00","701"
"CO","3123955","700.0","17","funded","2026-02-28","2026-01-19","","","no","1","Pigs","no","COP","2500000.00","701"
"CO","3123932","1375.0","14","funded","2026-03-03","2026-01-19","","","no","1","Pigs","no","COP","5000000.00","701"
"CO","3123973","375.0","14","funded","2026-02-18","2026-01-16","","","no","1","Agriculture","yes","COP","1322212.00","621"
"CO","3123903","600.0","14","funded","2026-02-22","2026-01-19","","","no","1","Poultry","no","COP","2150000.00","701"
"CO","3123897","825.0","14","funded","2026-02-24","2026-01-19","","","no","1","Pigs","no","COP","3000000.00","701"
"CO","3123887","700.0","14","funded","2026-03-01","2026-01-16","","","no","1","Agriculture","no","COP","2500000.00","701"
"CO","3123979","650.0","20","funded","2026-02-15","2026-01-17","","","no","1","Agriculture","yes","COP","2368424.00","621"
"CO","3123964","1300.0","26","funded","2026-02-23","2026-01-16","","","no","1","Farming","no","COP","4736846.00","621"
"CO","3123970","575.0","26","funded","2026-02-21","2026-01-16","","","no","1","Pigs","no","COP","2052318.00","621"
"CO","3123961","325.0","14","funded","2026-02-12","2026-01-16","","","no","1","Farming","yes","COP","1184211.00","621"
"CO","3123960","975.0","17","funded","2026-02-18","2026-01-16","","","no","1","Agriculture","no","COP","3552636.00","621"
"CO","3123951","725.0","20","funded","2026-02-18","2026-01-16","","","no","1","Agriculture","no","COP","2575423.00","621"
"CO","3123956","1300.0","26","funded","2026-02-21","2026-01-16","","","no","1","Agriculture","yes","COP","4736847.00","621"
"CO","3123949","325.0","14","funded","2026-02-13","2026-01-16","","","no","1","Agriculture","no","COP","1184212.00","621"
"CO","3123948","725.0","17","funded","2026-02-22","2026-01-16","","","no","1","Flowers","no","COP","2590905.00","621"
"CO","3123424","550.0","14","funded","2026-02-24","2026-01-16","","","no","1","Farming","no","COP","2000000.00","701"
"CO","3123434","1275.0","26","funded","2026-02-24","2026-01-15","","","no","1","Farming","no","COP","4610215.00","621"
"CO","3123435","650.0","20","funded","2026-02-13","2026-01-15","","","no","1","Farming","no","COP","2368424.00","621"
"CO","3123433","325.0","15","funded","2026-02-11","2026-01-15","","","no","1","Farming","yes","COP","1184210.00","621"
"CO","3123443","700.0","14","funded","2026-02-19","2026-01-15","","","no","1","Farming","no","COP","2506423.00","621"
"CO","3123451","1625.0","14","funded","2026-02-26","2026-01-16","","","no","1","Farming","no","COP","5921060.00","621"
"CO","3123450","500.0","17","funded","2026-02-15","2026-01-15","","","no","1","Agriculture","no","COP","1776319.00","621"
"CO","3123452","325.0","14","funded","2026-02-11","2026-01-16","","","no","1","Agriculture","no","COP","1184211.00","621"
"CO","3123448","375.0","14","funded","2026-02-15","2026-01-15","","","no","1","Farming","yes","COP","1322213.00","621"
"CO","3123440","600.0","14","funded","2026-02-17","2026-01-15","","","no","1","Farming","yes","COP","2153529.00","621"
"CO","3123399","900.0","26","funded","2026-02-26","2026-01-13","","","no","1","Agriculture","yes","COP","3300000.00","701"
"CO","3123439","650.0","26","funded","2026-02-26","2026-01-15","","","no","1","Agriculture","no","COP","2368423.00","621"
"CO","3123438","1950.0","26","funded","2026-03-12","2026-01-15","","","no","1","Cattle","no","COP","7096565.00","621"
"CO","3123397","550.0","26","funded","2026-02-24","2026-01-09","","","no","1","Poultry","no","COP","2000000.00","701"
"CO","3122842","1600.0","22","funded","2026-02-13","2026-01-10","","","no","1","Farming","yes","COP","5921062.00","621"
"CO","3122840","500.0","17","funded","2026-02-08","2026-01-10","","","no","1","Farming","no","COP","1776318.00","621"
"CO","3122216","425.0","14","funded","2026-02-09","2026-01-07","","","no","1","Farming","no","COP","1500000.00","701"
"CO","3122194","425.0","14","funded","2026-02-10","2026-01-07","","","no","1","Farming","no","COP","1500000.00","701"
"CO","3122347","700.0","17","funded","2026-02-20","2026-01-09","","","no","1","Farming","yes","COP","2540924.00","621"
"CO","3122872","325.0","14","funded","2026-02-08","2026-01-14","","","no","1","Farming","yes","COP","1184211.00","621"
"CO","3122871","975.0","20","funded","2026-02-21","2026-01-14","","","no","1","Farming","yes","COP","3552636.00","621"
"CO","3122853","325.0","14","funded","2026-02-17","2026-01-13","","","no","1","Agriculture","no","COP","1184211.00","621"
"CO","3122845","700.0","14","funded","2026-02-21","2026-01-10","","","no","1","Agriculture","yes","COP","2506422.00","621"
"CO","3122846","1125.0","26","funded","2026-02-24","2026-01-10","","","no","1","Agriculture","no","COP","4144743.00","621"
"CO","3122849","750.0","26","funded","2026-02-21","2026-01-13","","","no","1","Agriculture","yes","COP","2762844.00","621"
"CO","3122844","700.0","17","funded","2026-02-19","2026-01-10","","","no","1","Agriculture","yes","COP","2540924.00","621"
"CO","3122345","825.0","26","funded","2026-02-24","2026-01-09","","","no","1","Dairy","no","COP","2976003.00","621"
"CO","3122342","350.0","14","funded","2026-02-08","2026-01-09","","","no","1","Farming","yes","COP","1184211.00","621"
"CO","3122346","875.0","14","funded","2026-02-19","2026-01-09","","","no","1","Farming","no","COP","3098529.00","621"
"CO","3122290","675.0","20","funded","2026-02-19","2026-01-07","","","no","1","Agriculture","no","COP","2368425.00","621"
"CO","3122287","1400.0","26","funded","2026-02-21","2026-01-07","","","no","1","Agriculture","yes","COP","5012846.00","621"
"CO","3121763","650.0","14","funded","2026-02-18","2026-01-06","","","no","1","Farming","no","COP","2368422.00","621"
"CO","3121764","700.0","22","funded","2026-02-05","2026-01-06","","","no","1","Farming","yes","COP","2480004.00","621"
"CO","3121226","1675.0","26","funded","2026-02-24","2026-01-28","","","no","1","Livestock","no","COP","6000000.00","688"
"CO","3120793","900.0","26","funded","2026-03-01","2026-01-20","","","no","1","Agriculture","no","COP","3239700.00","690"
"CO","3120806","900.0","20","funded","2026-03-02","2026-01-20","","","no","1","Cattle","no","COP","3239700.00","690"
"CO","3120801","900.0","20","funded","2026-03-04","2026-01-20","","","no","1","Pigs","no","COP","3239700.00","690"
"CO","3120791","900.0","26","funded","2026-03-01","2026-01-20","","","no","1","Agriculture","no","COP","3239700.00","690"
"CO","3120786","900.0","14","funded","2026-03-04","2026-01-20","","","no","1","Farming","no","COP","3239700.00","690"
"CO","3120327","625.0","15","funded","2026-02-20","2026-01-24","","","no","1","Agriculture","no","COP","2250000.00","667"
"CO","3120324","425.0","13","funded","2026-02-02","2026-01-21","","","no","1","Agriculture","no","COP","1550000.00","667"
"CO","3120321","550.0","14","funded","2026-02-03","2026-01-22","","","no","1","Agriculture","no","COP","1920000.00","667"
"CO","3120317","625.0","14","funded","2026-02-18","2026-01-22","","","no","1","Farming","no","COP","2250000.00","667"
"CO","3120315","1475.0","20","funded","2026-02-25","2026-01-19","","","no","1","Animal Sales","no","COP","5300000.00","667"
"CO","3120313","975.0","18","funded","2026-02-20","2026-01-19","","","no","1","Animal Sales","no","COP","3500000.00","667"
"CO","3120309","1175.0","20","funded","2026-02-24","2026-01-19","","","no","1","Animal Sales","no","COP","4260000.00","667"
"CO","3120303","475.0","14","funded","2026-02-03","2026-01-17","","","no","1","Poultry","no","COP","1660000.00","667"
"CO","3120301","1475.0","27","funded","2026-03-01","2026-01-25","","","no","1","Farming","no","COP","5300000.00","667"
"CO","3120300","325.0","5","funded","2026-02-02","2026-01-19","","","no","1","Farming","no","COP","1110000.00","667"
"CO","3120299","875.0","6","funded","2026-02-03","2026-01-19","","","no","1","Dairy","no","COP","3140000.00","667"
"CO","3120298","1450.0","14","funded","2026-02-22","2026-01-19","","","no","1","Farming","no","COP","5282000.00","667"
"CO","3120295","300.0","14","funded","2026-02-02","2026-01-19","","","no","1","Animal Sales","no","COP","1030000.00","667"
"CO","3120297","900.0","14","funded","2026-02-13","2026-01-20","","","no","1","Agriculture","yes","COP","3250000.00","667"
"CO","3120292","1200.0","26","funded","2026-02-21","2026-01-24","","","no","1","Agriculture","yes","COP","4300000.00","667"
"CO","3120289","1200.0","21","funded","2026-02-27","2026-01-23","","","no","1","Farming","no","COP","4350000.00","667"
"CO","3120286","1175.0","26","funded","2026-02-25","2026-01-19","","","no","1","Pigs","no","COP","4272000.00","667"
"CO","3120237","900.0","14","funded","2026-03-04","2026-01-20","","","no","1","Agriculture","no","COP","3239700.00","690"
"CO","3120232","900.0","26","funded","2026-03-04","2026-01-20","","","no","1","Farming","no","COP","3242713.00","690"
"CO","3120233","900.0","14","funded","2026-03-01","2026-01-20","","","no","1","Agriculture","no","COP","3239700.00","690"
"CO","3120230","900.0","14","funded","2026-03-04","2026-01-20","","","no","1","Agriculture","no","COP","3244705.00","690"
"CO","3120222","900.0","14","funded","2026-02-01","2026-02-05","","","no","1","Agriculture","no","COP","3252405.00","690"
"CO","3120220","925.0","18","funded","2026-03-04","2026-02-05","","","no","1","Agriculture","no","COP","3299700.00","690"
"CO","3120221","900.0","26","funded","2026-03-04","2026-01-20","","","no","1","Agriculture","no","COP","3277702.00","690"
"CO","3120219","925.0","38","funded","2026-02-24","2026-02-05","","","no","1","Agriculture","no","COP","3299700.00","690"
"CO","3120216","925.0","14","funded","2026-03-04","2026-02-05","","","no","1","Agriculture","no","COP","3299700.00","690"
"CO","3120226","900.0","14","funded","2026-03-04","2026-01-20","","","no","1","Agriculture","no","COP","3244705.00","690"
"CO","3118899","925.0","14","funded","2026-03-03","2026-02-05","","","no","1","Farming","no","COP","3299700.00","690"
"CO","3118886","1000.0","14","funded","2026-03-03","2026-02-05","","","no","1","Cattle","no","COP","3629670.00","690"
"CO","3118891","925.0","14","funded","2026-02-27","2026-01-20","","","no","1","Agriculture","no","COP","3299700.00","690"
"CO","3118884","1025.0","26","funded","2026-03-02","2026-02-05","","","no","1","Agriculture","no","COP","3728670.00","690"
"CO","3118865","1075.0","14","funded","2026-03-01","2026-02-05","","","no","1","Agriculture","no","COP","3845987.00","690"
"CO","3118861","1075.0","20","funded","2026-03-02","2026-02-05","","","no","1","Dairy","no","COP","3849650.00","690"
"CO","3118854","1100.0","38","funded","2026-03-03","2026-01-20","","","no","1","Agriculture","no","COP","3995630.00","690"
"CO","3118881","1050.0","26","funded","2026-03-03","2026-02-05","","","no","1","Agriculture","no","COP","3779650.00","690"
"CO","3118847","1175.0","38","funded","2026-03-02","2026-02-05","","","no","1","Pigs","no","COP","4201618.00","690"
"CO","3118843","1175.0","38","funded","2026-03-03","2026-02-05","","","no","1","Agriculture","yes","COP","4211610.00","690"
"CO","3118121","1150.0","38","funded","2026-03-02","2026-02-05","","","no","1","Agriculture","no","COP","4211610.00","690"
"CO","3118118","1175.0","14","funded","2026-03-01","2026-02-05","","","no","1","Farming","no","COP","4289610.00","690"
"CO","3118117","1175.0","38","funded","2026-03-02","2026-02-05","","","no","1","Agriculture","no","COP","4289610.00","690"
"CO","3118114","1175.0","14","funded","2026-03-02","2026-02-05","","","no","1","Farming","no","COP","4289610.00","690"
"CO","3118087","1325.0","26","funded","2026-03-02","2026-02-05","","","no","1","Farming","no","COP","4859550.00","690"
"CO","3118093","1175.0","26","funded","2026-03-01","2026-02-05","","","no","1","Farming","no","COP","4319600.00","690"
"CO","3118082","1375.0","20","funded","2026-03-02","2026-02-05","","","no","1","Agriculture","no","COP","5059540.00","690"
"CO","3118073","1500.0","14","funded","2026-03-02","2026-02-05","","","no","1","Agriculture","no","COP","5499500.00","690"
"CO","3118079","1425.0","20","funded","2026-03-01","2026-02-05","","","no","1","Agriculture","no","COP","5183520.00","690"
"CO","3118067","1525.0","20","funded","2026-03-01","2026-02-05","","","no","1","Livestock","no","COP","5615480.00","690"
"CO","3117398","1800.0","14","funded","2026-03-01","2026-02-05","","","no","1","Agriculture","no","COP","6479400.00","690"
"CO","3119670","1625.0","27","funded","2026-02-02","2025-12-31","","","no","1","Farming","no","COP","5921062.00","621"
"CO","3119669","700.0","15","funded","2026-02-05","2025-12-30","","","no","1","Pigs","no","COP","2506423.00","621"
"CO","3119667","1250.0","27","funded","2026-02-26","2025-12-30","","","no","1","Poultry","no","COP","4538782.00","621"
"CO","3119666","850.0","15","funded","2026-02-19","2025-12-30","","","no","1","Agriculture","no","COP","3090793.00","621"
"CO","3119665","650.0","15","funded","2026-02-01","2025-12-30","","","no","1","Agriculture","yes","COP","2368425.00","621"
"CO","3119662","950.0","21","funded","2026-02-06","2025-12-30","","","no","1","Agriculture","yes","COP","3484150.00","621"
"CO","3119659","850.0","23","funded","2026-02-03","2025-12-30","","","no","1","Agriculture","yes","COP","3078950.00","621"
"CO","3119654","975.0","15","funded","2026-02-03","2025-12-30","","","no","1","Agriculture","no","COP","3552636.00","621"
"CO","3119655","1075.0","18","funded","2026-02-25","2025-12-30","","","no","1","Agriculture","no","COP","3884723.00","621"
"CO","3119649","1500.0","21","funded","2026-02-24","2025-12-30","","","no","1","Agriculture","yes","COP","5442588.00","621"
"CO","3119652","325.0","15","funded","2026-02-02","2025-12-30","","","no","1","Farming","no","COP","1184212.00","621"
"CO","3119648","1100.0","27","funded","2026-02-17","2025-12-30","","","no","1","Farming","no","COP","3996331.00","621"
"CO","3119650","1225.0","24","funded","2026-02-03","2025-12-30","","","no","1","Livestock","no","COP","4494121.00","621"
"CO","3119644","1300.0","21","funded","2026-02-25","2025-12-30","","","no","1","Farming","no","COP","4707006.00","621"
"CO","3119643","1500.0","15","funded","2026-03-01","2025-12-30","","","no","1","Farming","no","COP","5455450.00","621"
"CO","3119641","1100.0","27","funded","2026-03-01","2025-12-30","","","no","1","Agriculture","yes","COP","4037189.00","621"
"CO","3117406","1800.0","38","funded","2026-03-01","2026-02-05","","","no","1","Farming","no","COP","6479400.00","690"
"CO","3117408","1775.0","26","funded","2026-03-01","2026-02-05","","","no","1","Agriculture","no","COP","6371410.00","690"
"CO","3117376","975.0","14","funded","2026-03-01","2026-01-20","","","no","1","Farming","no","COP","3456811.00","690"
"CO","3117401","1800.0","38","funded","2026-03-01","2026-02-05","","","no","1","Farming","no","COP","6479400.00","690"
"CO","3117381","925.0","14","funded","2026-03-01","2026-01-20","","","no","1","Dairy","no","COP","3299700.00","690"
"CO","3117378","950.0","20","funded","2026-03-01","2026-01-20","","","no","1","Agriculture","no","COP","3387692.00","690"
"CO","3117391","2100.0","38","funded","2026-03-01","2026-02-05","","","no","1","Agriculture","no","COP","7559300.00","690"
"CO","3117373","975.0","38","funded","2026-02-24","2026-01-20","","","no","1","Agriculture","no","COP","3519680.00","690"
"CO","3117369","1000.0","14","funded","2026-03-01","2026-02-05","","","no","1","Agriculture","no","COP","3563670.00","690"
"CO","3119064","375.0","15","funded","2026-01-31","2025-12-30","","","no","1","Farming","no","COP","1322212.00","621"
"CO","3119056","325.0","15","funded","2026-01-29","2025-12-30","","","no","1","Farming","no","COP","1184211.00","621"
"CO","3119057","325.0","15","funded","2026-01-30","2025-12-30","","","no","1","Poultry","no","COP","1184213.00","621"
"CO","3119054","1125.0","15","funded","2026-02-27","2025-12-30","","","no","1","Farming","yes","COP","4029003.00","621"
"CO","3119053","550.0","21","funded","2026-02-17","2025-12-30","","","no","1","Livestock","no","COP","1983317.00","621"
"CO","3119046","325.0","15","funded","2026-01-29","2025-12-30","","","no","1","Farming","yes","COP","1184210.00","621"
"CO","3119020","325.0","15","funded","2026-01-30","2025-12-30","","","no","1","Farming","no","COP","1184213.00","621"
"CO","3119023","500.0","18","funded","2026-02-03","2025-12-30","","","no","1","Farming","no","COP","1776318.00","621"
"CO","3119017","1225.0","27","funded","2026-02-28","2025-12-30","","","no","1","Farming","no","COP","4440632.00","621"
"CO","3119018","325.0","15","funded","2026-02-01","2025-12-30","","","no","1","Farming","no","COP","1184212.00","621"
"CO","3119014","325.0","15","funded","2026-02-02","2025-12-30","","","no","1","Farming","no","COP","1184212.00","621"
"CO","3119013","475.0","15","funded","2026-02-16","2025-12-30","","","no","1","Livestock","no","COP","1693425.00","621"
"CO","3118275","775.0","15","funded","2026-02-19","2025-12-29","","","no","1","Dairy","no","COP","2782899.00","621"
"CO","3116538","1000.0","14","funded","2026-02-23","2026-01-20","","","no","1","Farming","no","COP","3563670.00","690"
"CO","3116540","1000.0","38","funded","2026-02-28","2026-01-20","","","no","1","Agriculture","no","COP","3563670.00","690"
"CO","3116537","1000.0","38","funded","2026-02-28","2026-01-20","","","no","1","Agriculture","no","COP","3563670.00","690"
"CO","3116521","1050.0","20","funded","2026-02-28","2026-01-20","","","no","1","Agriculture","no","COP","3731961.00","690"
"CO","3116531","1025.0","20","funded","2026-02-28","2026-01-20","","","no","1","Agriculture","no","COP","3629670.00","690"
"CO","3116518","1050.0","38","funded","2026-02-28","2026-01-20","","","no","1","Agriculture","no","COP","3779650.00","690"
"CO","3116519","1050.0","14","funded","2026-02-28","2026-01-20","","","no","1","Agriculture","no","COP","3779650.00","690"
"CO","3116536","1025.0","38","funded","2026-02-28","2026-01-20","","","no","1","Farming","no","COP","3629670.00","690"
"CO","3116524","1050.0","38","funded","2026-02-22","2026-01-20","","","no","1","Farming","no","COP","3717662.00","690"
"CO","3116526","1025.0","14","funded","2026-02-28","2026-01-20","","","no","1","Agriculture","no","COP","3629670.00","690"
"CO","3115985","275.0","15","funded","2026-01-29","2025-12-29","","","no","1","Poultry","no","COP","1000000.00","701"
"CO","3116002","625.0","21","funded","2026-02-24","2025-12-30","","","no","1","Pigs","no","COP","2250000.00","701"
"CO","3118271","325.0","15","funded","2026-01-28","2025-12-29","","","no","1","Farming","no","COP","1184211.00","621"
"CO","3118265","600.0","15","funded","2026-02-01","2025-12-29","","","no","1","Farming","no","COP","2143422.00","621"
"CO","3118286","550.0","19","funded","2026-02-01","2025-12-29","","","no","1","Livestock","no","COP","1960319.00","621"
"CO","3118288","650.0","15","funded","2026-02-01","2025-12-29","","","no","1","Agriculture","no","COP","2368425.00","621"
"CO","3118279","525.0","15","funded","2026-01-29","2025-12-29","","","no","1","Farming","yes","COP","1914317.00","621"
"CO","3118263","975.0","21","funded","2026-01-30","2025-12-29","","","no","1","Farming","yes","COP","3552636.00","621"
"CO","3118218","1550.0","27","funded","2026-02-28","2025-12-29","","","no","1","Farming","no","COP","5642589.00","621"
"CO","3118220","1100.0","18","funded","2026-02-24","2025-12-29","","","no","1","Farming","no","COP","4026321.00","621"
"CO","3118212","650.0","21","funded","2026-01-29","2025-12-29","","","no","1","Farming","no","COP","2368425.00","621"
"CO","3118208","1625.0","27","funded","2026-02-25","2025-12-29","","","no","1","Agriculture","yes","COP","5921059.00","621"
"CO","3118206","1200.0","27","funded","2026-02-23","2025-12-29","","","no","1","Farming","no","COP","4420743.00","621"
"CO","3118207","500.0","15","funded","2026-01-29","2025-12-29","","","no","1","Farming","yes","COP","1776320.00","621"
"CO","3118205","975.0","15","funded","2026-02-22","2025-12-29","","","no","1","Pigs","no","COP","3552634.00","621"
"CO","3115957","425.0","15","funded","2026-02-13","2025-12-29","","","no","1","Agriculture","no","COP","1500000.00","701"
"CO","3115955","425.0","15","funded","2026-02-02","2025-12-29","","","no","1","Pigs","no","COP","1500000.00","701"
"CO","3115950","550.0","15","funded","2026-02-12","2025-12-29","","","no","1","Pigs","no","COP","2000000.00","701"
"CO","3115909","425.0","18","funded","2026-02-17","2025-12-26","","","no","1","Pigs","no","COP","1500000.00","701"
"CO","3115899","1050.0","14","funded","2026-02-27","2026-02-05","","","no","1","Farm Supplies","no","COP","3849101.00","690"
"CO","3115892","550.0","15","funded","2026-02-11","2025-12-26","","","no","1","Pigs","no","COP","2000000.00","701"
"CO","3115890","1200.0","14","funded","2026-02-27","2026-02-05","","","no","1","Agriculture","no","COP","4319600.00","690"
"CO","3115895","1150.0","38","funded","2026-02-27","2026-01-20","","","no","1","Agriculture","no","COP","4211610.00","690"
"CO","3115879","1200.0","26","funded","2026-02-27","2026-02-05","","","no","1","Agriculture","no","COP","4319600.00","690"
"CO","3115872","1200.0","14","funded","2026-02-27","2026-01-20","","","no","1","Agriculture","no","COP","4399600.00","690"
"CO","3115796","1475.0","26","funded","2026-02-23","2026-02-05","","","no","1","Farming","no","COP","5399500.00","690"
"CO","3115852","1375.0","38","funded","2026-02-27","2026-02-05","","","no","1","Agriculture","no","COP","4967540.00","690"
"CO","3115781","1475.0","38","funded","2026-02-26","2026-02-05","","","no","1","Farming","no","COP","5399500.00","690"
"CO","3115809","1400.0","20","funded","2026-02-24","2026-02-05","","","no","1","Agriculture","no","COP","5059540.00","690"
"CO","3115861","1250.0","38","funded","2026-02-25","2026-02-05","","","no","1","Agriculture","no","COP","4519600.00","690"
"CO","3114250","575.0","20","funded","2026-02-21","2025-12-22","","","no","1","Pigs","no","COP","2100000.00","701"
"CO","3114236","425.0","14","funded","2026-02-10","2025-12-22","","","no","1","Pigs","no","COP","1500000.00","701"
"CO","3117499","1400.0","27","funded","2026-02-27","2025-12-27","","","no","1","Pigs","no","COP","5012848.00","621"
"CO","3117500","725.0","21","funded","2026-02-22","2025-12-27","","","no","1","Pigs","no","COP","2575423.00","621"
"CO","3117495","350.0","15","funded","2026-01-27","2025-12-27","","","no","1","Agriculture","yes","COP","1184211.00","621"
"CO","3117465","400.0","15","funded","2026-01-28","2025-12-26","","","no","1","Farming","yes","COP","1421053.00","621"
"CO","3117466","675.0","27","funded","2026-01-29","2025-12-26","","","no","1","Flowers","no","COP","2368423.00","621"
"CO","3117492","350.0","15","funded","2026-01-27","2025-12-27","","","no","1","Agriculture","no","COP","1184211.00","621"
"CO","3117494","350.0","15","funded","2026-01-28","2025-12-27","","","no","1","Agriculture","yes","COP","1184210.00","621"
"CO","3117496","725.0","18","funded","2026-01-31","2025-12-27","","","no","1","Agriculture","yes","COP","2540923.00","621"
"CO","3117491","1475.0","27","funded","2026-02-27","2025-12-27","","","no","1","Agriculture","no","COP","5288317.00","621"
"CO","3117470","550.0","15","funded","2026-02-02","2025-12-26","","","no","1","Aquaculture","no","COP","1914319.00","621"
"CO","3117429","500.0","18","funded","2026-01-27","2025-12-26","","","no","1","Agriculture","no","COP","1776318.00","621"
"CO","3117422","525.0","15","funded","2026-01-27","2025-12-26","","","no","1","Livestock","no","COP","1871056.00","621"
"CO","3117425","675.0","21","funded","2026-01-29","2025-12-26","","","no","1","Agriculture","no","COP","2368425.00","621"
"CO","3117419","1625.0","15","funded","2026-02-27","2025-12-26","","","no","1","Farming","no","COP","5836614.00","621"
"CO","3117386","675.0","15","funded","2026-02-02","2025-12-26","","","no","1","Farming","no","COP","2368425.00","621"
"CO","3115088","975.0","21","funded","2026-02-25","2026-01-20","","","no","1","Pigs","no","COP","3500000.00","688"
"CO","3115072","700.0","22","funded","2026-02-27","2025-12-23","","","no","1","Pigs","no","COP","2500000.00","701"
"CO","3115075","825.0","23","funded","2026-02-02","2025-12-23","","","no","1","Livestock","no","COP","3000000.00","701"
"CO","3115045","550.0","22","funded","2026-02-23","2025-12-23","","","no","1","Pigs","no","COP","2000000.00","701"
"CO","3115039","725.0","14","funded","2026-02-21","2026-01-13","","","no","1","Dairy","no","COP","2650000.00","688"
"CO","3115028","1575.0","25","funded","2026-02-25","2026-01-16","","","no","1","Poultry","no","COP","5700000.00","688"
"CO","3114982","1475.0","38","funded","2026-02-25","2026-02-05","","","no","1","Agriculture","no","COP","5399500.00","690"
"CO","3114979","1475.0","26","funded","2026-02-27","2026-01-20","","","no","1","Agriculture","no","COP","5399500.00","690"
"CO","3114973","1500.0","20","funded","2026-02-27","2026-02-05","","","no","1","Farming","no","COP","5499500.00","690"
"CO","3114936","2125.0","38","funded","2026-02-27","2026-02-05","","","no","1","Farming","no","COP","7775280.00","690"
"CO","3114962","1750.0","14","funded","2026-02-27","2026-02-05","","","no","1","Cattle","no","COP","6371410.00","690"
"CO","3114951","1900.0","38","funded","2026-02-26","2026-02-05","","","no","1","Cattle","no","COP","6911360.00","690"
"CO","3114958","1775.0","26","funded","2026-02-27","2026-02-05","","","no","1","Agriculture","no","COP","6479400.00","690"
"CO","3114938","2125.0","38","funded","2026-02-26","2026-02-05","","","no","1","Agriculture","no","COP","7775280.00","690"
"CO","3114943","1925.0","26","funded","2026-02-26","2026-02-05","","","no","1","Agriculture","no","COP","7019350.00","690"
"CO","3114337","275.0","16","funded","2026-01-27","2025-12-23","","","no","1","Poultry","no","COP","1000000.00","701"
"CO","3114298","825.0","14","funded","2026-02-26","2025-12-22","","","no","1","Pigs","no","COP","3000000.00","701"
"CO","3114294","825.0","21","funded","2026-02-24","2025-12-22","","","no","1","Pigs","no","COP","3000000.00","701"
"CO","3114291","300.0","14","funded","2026-01-28","2025-12-22","","","no","1","Pigs","no","COP","1100000.00","701"
"CO","3114286","875.0","20","funded","2026-02-24","2025-12-22","","","no","1","Pigs","no","COP","3200000.00","701"
"CO","3114274","825.0","20","funded","2026-02-25","2025-12-22","","","no","1","Pigs","no","COP","3000000.00","701"
"CO","3114227","1325.0","38","funded","2026-02-26","2026-01-20","","","no","1","Farming","no","COP","4847271.00","690"
"CO","3114261","1200.0","26","funded","2026-02-26","2026-01-20","","","no","1","Agriculture","no","COP","4319600.00","690"
"CO","3114257","1200.0","38","funded","2026-02-25","2026-01-20","","","no","1","Farm Supplies","no","COP","4319600.00","690"
"CO","3114254","1200.0","20","funded","2026-02-26","2026-01-20","","","no","1","Farming","no","COP","4319600.00","690"
"CO","3114248","1200.0","20","funded","2026-02-25","2026-01-20","","","no","1","Agriculture","no","COP","4319600.00","690"
"CO","3114246","1200.0","38","funded","2026-02-25","2026-01-20","","","no","1","Agriculture","no","COP","4399600.00","690"
"CO","3114238","1200.0","26","funded","2026-02-25","2026-01-20","","","no","1","Agriculture","no","COP","4399600.00","690"
"CO","3114233","1200.0","26","funded","2026-02-25","2026-01-20","","","no","1","Agriculture","no","COP","4399600.00","690"
"CO","3114192","1375.0","26","funded","2026-02-25","2026-02-05","","","no","1","Cattle","no","COP","4967540.00","690"
"CO","3114225","1375.0","14","funded","2026-02-25","2026-01-20","","","no","1","Farming","no","COP","4967149.00","690"
"CO","3113584","275.0","14","funded","2026-01-26","2025-12-22","","","no","1","Pigs","no","COP","1000000.00","701"
"CO","3113568","550.0","20","funded","2026-02-03","2025-12-22","","","no","1","Poultry","no","COP","2000000.00","701"
"CO","3113539","450.0","14","funded","2026-02-02","2025-12-22","","","no","1","Poultry","no","COP","1600000.00","701"
"CO","3113489","1350.0","20","funded","2026-02-24","2026-01-20","","","no","1","Agriculture","no","COP","4967540.00","690"
"CO","3113499","550.0","20","funded","2026-02-24","2025-12-20","","","no","1","Pigs","no","COP","2000000.00","701"
"CO","3113484","1350.0","26","funded","2026-02-24","2026-01-20","","","no","1","Agriculture","no","COP","4967540.00","690"
"CO","3116616","675.0","21","funded","2026-01-25","2025-12-26","","","no","1","Farming","yes","COP","2368423.00","621"
"CO","3116614","700.0","15","funded","2026-01-31","2025-12-26","","","no","1","Farming","no","COP","2486845.00","621"
"CO","3113472","1475.0","14","funded","2026-02-24","2026-02-05","","","no","1","Farming","no","COP","5399500.00","690"
"CO","3113457","1825.0","38","funded","2026-02-24","2026-02-05","","","no","1","Farming","no","COP","6695380.00","690"
"CO","3113478","1350.0","14","funded","2026-02-24","2026-01-20","","","no","1","Farming","no","COP","4967540.00","690"
"CO","3113455","2000.0","14","funded","2026-02-24","2026-01-20","","","no","1","Poultry","no","COP","7343320.00","690"
"CO","3113432","950.0","20","funded","2026-02-23","2025-12-20","","","no","1","Cattle","no","COP","3500000.00","701"
"CO","3113463","1775.0","14","funded","2026-02-24","2026-01-20","","","no","1","Agriculture","no","COP","6479400.00","690"
"CO","3113466","1775.0","38","funded","2026-02-24","2026-01-20","","","no","1","Agriculture","no","COP","6479400.00","690"
"CO","3116608","1000.0","15","funded","2026-02-02","2025-12-26","","","no","1","Agriculture","yes","COP","3552636.00","621"
"CO","3113452","2050.0","26","funded","2026-02-24","2026-02-05","","","no","1","Farming","no","COP","7559300.00","690"
"CO","3116607","1450.0","15","funded","2026-02-24","2025-12-26","","","no","1","Agriculture","no","COP","5214621.00","621"
"CO","3113470","1475.0","26","funded","2026-02-24","2026-01-20","","","no","1","Farming","no","COP","5399500.00","690"
"CO","3116602","1625.0","15","funded","2026-02-24","2025-12-26","","","no","1","Farming","no","COP","5764156.00","621"
"CO","3116599","1450.0","23","funded","2026-02-24","2025-12-26","","","no","1","Farming","no","COP","5211567.00","621"
"CO","3116597","350.0","15","funded","2026-01-26","2025-12-26","","","no","1","Poultry","no","COP","1184213.00","621"
"CO","3113412","1100.0","26","funded","2026-02-24","2025-12-20","","","no","1","Pigs","no","COP","4000000.00","701"
"CO","3116594","1250.0","21","funded","2026-02-01","2025-12-26","","","no","1","Agriculture","no","COP","4500005.00","621"
"CO","3116593","1225.0","15","funded","2026-02-19","2025-12-24","","","no","1","Agriculture","no","COP","4332298.00","621"
"CO","3116588","675.0","15","funded","2026-01-26","2025-12-24","","","no","1","Farming","no","COP","2368425.00","621"
"CO","3116590","350.0","15","funded","2026-01-25","2025-12-24","","","no","1","Farming","yes","COP","1184213.00","621"
"CO","3116591","350.0","15","funded","2026-01-24","2025-12-24","","","no","1","Farming","no","COP","1184213.00","621"
"CO","3116586","550.0","15","funded","2026-02-01","2025-12-24","","","no","1","Poultry","no","COP","1914317.00","621"
"CO","3113400","600.0","14","funded","2026-01-27","2025-12-20","","","no","1","Livestock","no","COP","2200000.00","701"
"CO","3113389","775.0","14","funded","2026-02-24","2025-12-20","","","no","1","Farming","no","COP","2800000.00","701"
"CO","3112600","550.0","14","funded","2026-01-28","2025-12-17","","","no","1","Farming","no","COP","2000000.00","701"
"CO","3112668","425.0","14","funded","2026-01-27","2025-12-18","","","no","1","Poultry","no","COP","1500000.00","701"
"CO","3116098","375.0","15","funded","2026-02-01","2025-12-24","","","no","1","Cattle","no","COP","1322211.00","621"
"CO","3116092","1300.0","21","funded","2026-01-26","2025-12-24","","","no","1","Farming","yes","COP","4736848.00","621"
"CO","3116094","975.0","21","funded","2026-01-24","2025-12-24","","","no","1","Farming","yes","COP","3552636.00","621"
"CO","3116088","1200.0","27","funded","2026-02-20","2025-12-24","","","no","1","Dairy","no","COP","4363400.00","621"
"CO","3116074","500.0","15","funded","2026-01-23","2025-12-24","","","no","1","Farming","yes","COP","1776317.00","621"
"CO","3116069","975.0","27","funded","2026-01-27","2025-12-24","","","no","1","Farming","yes","COP","3552639.00","621"
"CO","3116068","1575.0","27","funded","2026-02-20","2025-12-24","","","no","1","Dairy","no","COP","5723373.00","621"
"CO","3116063","650.0","15","funded","2026-01-24","2025-12-24","","","no","1","Farming","yes","COP","2368425.00","621"
"CO","3116062","650.0","21","funded","2026-01-29","2025-12-24","","","no","1","Farming","no","COP","2368422.00","621"
"CO","3112639","550.0","14","funded","2026-02-04","2025-12-17","","","no","1","Pigs","no","COP","2000000.00","701"
"CO","3112645","700.0","20","funded","2026-02-02","2025-12-18","","","no","1","Farming","no","COP","2500000.00","701"
"CO","3112602","550.0","20","funded","2026-01-22","2025-12-17","","","no","1","Poultry","no","COP","2000000.00","701"
"CO","3112584","350.0","14","funded","2026-01-22","2025-12-17","","","no","1","Livestock","no","COP","1200000.00","701"
"CO","3115158","650.0","27","funded","2026-01-22","2025-12-23","","","no","1","Farming","no","COP","2368424.00","621"
"CO","3115141","1125.0","15","funded","2026-01-23","2025-12-23","","","no","1","Farming","no","COP","4111699.00","621"
"CO","3115150","875.0","15","funded","2026-01-30","2025-12-23","","","no","1","Farming","no","COP","3197720.00","621"
"CO","3115136","650.0","15","funded","2026-01-22","2025-12-23","","","no","1","Farming","no","COP","2368424.00","621"
"CO","3115140","325.0","15","funded","2026-01-23","2025-12-23","","","no","1","Agriculture","no","COP","1184213.00","621"
"CO","3115131","375.0","15","funded","2026-01-26","2025-12-22","","","no","1","Farming","no","COP","1322212.00","621"
"CO","3114370","650.0","18","funded","2026-01-22","2025-12-22","","","no","1","Agriculture","no","COP","2368423.00","621"
"CO","3114366","1625.0","27","funded","2026-02-19","2025-12-22","","","no","1","Agriculture","no","COP","5952366.00","621"
"CO","3114350","650.0","27","funded","2026-01-21","2025-12-22","","","no","1","Farming","yes","COP","2368422.00","621"
"CO","3114343","650.0","27","funded","2026-01-26","2025-12-22","","","no","1","Farming","no","COP","2368423.00","621"
"CO","3114347","1300.0","27","funded","2026-02-18","2025-12-22","","","no","1","Farming","no","COP","4736848.00","621"
"CO","3114363","325.0","15","funded","2026-01-20","2025-12-22","","","no","1","Farming","no","COP","1184212.00","621"
"CO","3114362","325.0","15","funded","2026-01-22","2025-12-22","","","no","1","Farming","no","COP","1184211.00","621"
"CO","3114354","500.0","21","funded","2026-01-22","2025-12-22","","","no","1","Farming","yes","COP","1776318.00","621"
"CO","3114360","1175.0","27","funded","2026-02-01","2025-12-22","","","no","1","Farming","no","COP","4278638.00","621"
"CO","3113541","725.0","14","funded","2026-01-22","2025-12-20","","","no","1","Farming","yes","COP","2666845.00","621"
"CO","3114353","725.0","21","funded","2026-01-24","2025-12-22","","","no","1","Livestock","no","COP","2575423.00","621"
"CO","3113563","875.0","15","funded","2026-01-25","2025-12-22","","","no","1","Farming","no","COP","3138161.00","621"
"CO","3113561","650.0","21","funded","2026-01-21","2025-12-20","","","no","1","Farming","yes","COP","2368426.00","621"
"CO","3113559","700.0","14","funded","2026-01-20","2025-12-20","","","no","1","Poultry","no","COP","2506422.00","621"
"CO","3113557","650.0","21","funded","2026-01-21","2025-12-20","","","no","1","Farming","no","COP","2368425.00","621"
"CO","3113550","1300.0","14","funded","2026-01-22","2025-12-20","","","no","1","Farming","no","COP","4736849.00","621"
"CO","3113546","325.0","14","funded","2026-01-20","2025-12-20","","","no","1","Farming","no","COP","1184212.00","621"
"CO","3113549","775.0","20","funded","2026-01-24","2025-12-20","","","no","1","Farming","no","COP","2842108.00","621"
"CO","3113540","650.0","20","funded","2026-01-20","2025-12-20","","","no","1","Farming","yes","COP","2368424.00","621"
"CO","3113538","650.0","16","funded","2026-01-20","2025-12-20","","","no","1","Agriculture","yes","COP","2368424.00","621"
"CO","3113537","650.0","20","funded","2026-01-20","2025-12-20","","","no","1","Agriculture","yes","COP","2368424.00","621"
"CO","3113531","325.0","15","funded","2026-01-20","2025-12-20","","","no","1","Poultry","no","COP","1184213.00","621"
"CO","3112004","825.0","20","funded","2026-01-20","2025-12-16","","","no","1","Pigs","no","COP","3000000.00","701"
"CO","3111983","550.0","14","funded","2026-01-21","2025-12-16","","","no","1","Pigs","no","COP","2000000.00","701"
"CO","3111997","875.0","14","funded","2026-01-25","2025-12-16","","","no","1","Poultry","no","COP","3200000.00","701"
"CO","3111859","1500.0","26","funded","2026-02-14","2026-01-20","","","no","1","Farming","no","COP","5499500.00","690"
"CO","3111854","1775.0","38","funded","2026-02-14","2026-01-20","","","no","1","Farming","no","COP","6479400.00","690"
"CO","3111851","1775.0","14","funded","2026-02-14","2026-01-20","","","no","1","Farming","no","COP","6479400.00","690"
"CO","3111848","1775.0","20","funded","2026-02-14","2026-01-20","","","no","1","Agriculture","no","COP","6479400.00","690"
"CO","3111844","1775.0","26","funded","2026-02-13","2026-01-20","","","no","1","Agriculture","no","COP","6479400.00","690"
"CO","3111839","1775.0","38","funded","2026-02-14","2026-01-20","","","no","1","Farming","no","COP","6479400.00","690"
"CO","3111165","1175.0","14","funded","2026-01-21","2026-01-13","","","no","1","Livestock","no","COP","4256000.00","667"
"CO","3111163","875.0","20","funded","2026-01-22","2026-01-09","","","no","1","Farming","no","COP","3214500.00","667"
"CO","3111160","600.0","13","funded","2026-01-20","2025-12-15","","","no","1","Pigs","no","COP","2165000.00","667"
"CO","3111127","900.0","20","funded","2026-01-20","2025-12-15","","","no","1","Livestock","no","COP","3230000.00","701"
"CO","3110673","275.0","14","funded","2026-01-18","2025-12-15","","","no","1","Livestock","no","COP","1000000.00","701"
"CO","3112703","1925.0","14","funded","2026-02-11","2025-12-18","","","no","1","Dairy","no","COP","7029071.00","621"
"CO","3112702","925.0","21","funded","2026-02-10","2025-12-18","","","no","1","Livestock","no","COP","3404372.00","621"
"CO","3112724","1050.0","26","funded","2026-01-19","2025-12-19","","","no","1","Agriculture","yes","COP","3828638.00","621"
"CO","3112721","325.0","15","funded","2026-01-18","2025-12-19","","","no","1","Agriculture","yes","COP","1184211.00","621"
"CO","3112720","650.0","18","funded","2026-01-19","2025-12-19","","","no","1","Agriculture","no","COP","2368424.00","621"
"CO","3112719","675.0","26","funded","2026-01-19","2025-12-19","","","no","1","Farming","yes","COP","2486845.00","621"
"CO","3112718","325.0","15","funded","2026-01-19","2025-12-19","","","no","1","Agriculture","no","COP","1184213.00","621"
"CO","3112717","325.0","15","funded","2026-01-17","2025-12-19","","","no","1","Agriculture","no","COP","1184213.00","621"
"CO","3112715","1700.0","27","funded","2026-02-11","2025-12-19","","","no","1","Agriculture","yes","COP","6197061.00","621"
"CO","3112714","650.0","14","funded","2026-01-18","2025-12-19","","","no","1","Agriculture","no","COP","2368424.00","621"
"CO","3112712","525.0","14","funded","2026-01-20","2025-12-19","","","no","1","Agriculture","yes","COP","1914317.00","621"
"CO","3112711","650.0","14","funded","2026-01-19","2025-12-19","","","no","1","Agriculture","no","COP","2368424.00","621"
"CO","3112701","825.0","20","funded","2026-01-22","2025-12-18","","","no","1","Agriculture","yes","COP","2960528.00","621"
"CO","3112695","1475.0","14","funded","2026-02-10","2025-12-18","","","no","1","Agriculture","no","COP","5348533.00","621"
"CO","3108917","600.0","20","funded","2026-01-24","2026-01-20","","","no","1","Farming","no","COP","2145905.00","690"
"CO","3108903","600.0","26","funded","2026-02-09","2026-01-20","","","no","1","Agriculture","no","COP","2199800.00","690"
"CO","3097361","700.0","22","funded","2026-01-18","2025-11-13","","","no","1","Poultry","no","COP","2600000.00","701"
"CO","3097360","275.0","8","funded","2026-01-16","2025-11-18","","","no","1","Agriculture","yes","COP","1000000.00","701"
"CO","3112058","1900.0","26","funded","2026-02-10","2025-12-18","","","no","1","Farming","no","COP","6891073.00","621"
"CO","3112050","525.0","14","funded","2026-01-19","2025-12-17","","","no","1","Farming","no","COP","1914318.00","621"
"CO","3112020","1400.0","26","funded","2026-02-10","2025-12-17","","","no","1","Farming","no","COP","5131269.00","621"
"CO","3112038","1175.0","26","funded","2026-02-01","2025-12-17","","","no","1","Agriculture","no","COP","4304940.00","621"
"CO","3112025","1625.0","14","funded","2026-02-10","2025-12-17","","","no","1","Agriculture","no","COP","5921060.00","621"
"CO","3112035","1300.0","26","funded","2026-02-10","2025-12-17","","","no","1","Agriculture","no","COP","4736847.00","621"
"CO","3112033","725.0","22","funded","2026-01-19","2025-12-17","","","no","1","Agriculture","yes","COP","2656342.00","621"
"CO","3112029","975.0","20","funded","2026-01-23","2025-12-17","","","no","1","Livestock","no","COP","3552636.00","621"
"CO","3112030","500.0","14","funded","2026-01-16","2025-12-17","","","no","1","Agriculture","no","COP","1776319.00","621"
"CO","3112026","500.0","17","funded","2026-01-18","2025-12-17","","","no","1","Agriculture","yes","COP","1776316.00","621"
"CO","3112021","825.0","20","funded","2026-02-10","2025-12-17","","","no","1","Agriculture","no","COP","2960528.00","621"
"CO","3111467","975.0","26","funded","2026-01-19","2025-12-17","","","no","1","Farming","yes","COP","3552635.00","621"
"CO","3111470","700.0","14","funded","2026-01-20","2025-12-17","","","no","1","Dairy","no","COP","2506424.00","621"
"CO","3111462","1300.0","26","funded","2026-01-24","2025-12-17","","","no","1","Farming","no","COP","4736847.00","621"
"CO","3111451","650.0","20","funded","2026-01-19","2025-12-16","","","no","1","Farming","no","COP","2368425.00","621"
"CO","3110801","1000.0","14","funded","2026-02-09","2025-12-16","","","no","1","Veterinary Sales","no","COP","3627606.00","621"
"CO","3110802","325.0","14","funded","2026-01-16","2025-12-16","","","no","1","Farming","no","COP","1184212.00","621"
"CO","3110784","1475.0","26","funded","2026-02-09","2025-12-15","","","no","1","Dairy","no","COP","5456620.00","621"
"CO","3110781","1450.0","14","funded","2026-01-18","2025-12-15","","","no","1","Farming","no","COP","5318449.00","621"
"CO","3110775","1600.0","26","funded","2026-01-21","2025-12-15","","","no","1","Agriculture","no","COP","5921061.00","621"
"CO","3110772","325.0","14","funded","2026-01-14","2025-12-15","","","no","1","Agriculture","yes","COP","1184212.00","621"
"CO","3110768","1275.0","20","funded","2026-02-09","2025-12-15","","","no","1","Dairy","no","COP","4736849.00","621"
"CO","3109477","1425.0","8","funded","2026-01-20","2026-01-22","","","no","1","Agriculture","yes","COP","5210000.00","667"
"CO","3108939","425.0","14","funded","2026-01-29","2026-01-20","","","no","1","Agriculture","no","COP","1511860.00","690"
"CO","3108925","525.0","26","funded","2026-02-08","2026-01-20","","","no","1","Agriculture","no","COP","1931425.00","690"
"CO","3108935","500.0","14","funded","2026-02-03","2026-01-20","","","no","1","Agriculture","no","COP","1797412.00","690"
"CO","3108928","500.0","26","funded","2026-02-08","2026-01-20","","","no","1","Farming","yes","COP","1814835.00","690"
"CO","3108931","500.0","14","funded","2026-02-08","2026-01-20","","","no","1","Agriculture","no","COP","1803433.00","690"
"CO","3109490","600.0","15","funded","2026-01-14","2025-12-31","","","no","1","Poultry","no","COP","2165000.00","667"
"CO","3109486","1150.0","21","funded","2026-02-08","2025-12-26","","","no","1","Farming","no","COP","4270000.00","667"
"CO","3109487","1150.0","20","funded","2026-01-18","2026-01-27","","","no","1","Agriculture","no","COP","4261618.00","667"
"CO","3109483","875.0","21","funded","2026-01-22","2025-12-18","","","no","1","Animal Sales","no","COP","3220000.00","667"
"CO","3109478","1450.0","27","funded","2026-02-06","2025-12-23","","","no","1","Farming","yes","COP","5315000.00","667"
"CO","3109470","1175.0","21","funded","2026-02-08","2025-12-30","","","no","1","Dairy","no","COP","4300000.00","667"
"CO","3108924","575.0","26","funded","2026-01-19","2026-01-20","","","no","1","Farming","no","COP","2112435.00","690"
"CO","3108968","2025.0","38","funded","2026-02-08","2026-01-20","","","no","1","Farming","no","COP","7559300.00","690"
"CO","3108889","725.0","38","funded","2026-02-08","2026-01-20","","","no","1","Farming","no","COP","2708250.00","690"
"CO","3108960","2025.0","26","funded","2026-02-08","2026-01-20","","","no","1","Agriculture","no","COP","7559300.00","690"
"CO","3108955","300.0","26","funded","2026-01-13","2026-01-20","","","no","1","Farming","no","COP","1079900.00","690"
"CO","3108956","300.0","14","funded","2026-01-13","2026-01-20","","","no","1","Farming","yes","COP","1044905.00","690"
"CO","3108947","300.0","14","funded","2026-01-12","2026-01-20","","","no","1","Farming","yes","COP","1098581.00","690"
"CO","3108953","300.0","14","funded","2026-01-11","2026-01-20","","","no","1","Farming","yes","COP","1079900.00","690"
"CO","3108945","350.0","14","funded","2026-01-19","2026-01-20","","","no","1","Agriculture","no","COP","1241885.00","690"
"CO","3108941","375.0","20","funded","2026-01-14","2026-01-20","","","no","1","Agriculture","no","COP","1326636.00","690"
"CO","3108937","425.0","14","funded","2026-01-21","2026-01-20","","","no","1","Agriculture","no","COP","1572857.00","690"
"CO","3108085","900.0","19","funded","2026-02-08","2026-01-20","","","no","1","Farming","yes","COP","3299700.00","690"
"CO","3108911","600.0","14","funded","2026-01-20","2026-01-20","","","no","1","Livestock","no","COP","2159800.00","690"
"CO","3108907","600.0","38","funded","2026-02-08","2026-01-20","","","no","1","Agriculture","no","COP","2166600.00","690"
"CO","3108905","600.0","14","funded","2026-02-08","2026-01-20","","","no","1","Agriculture","no","COP","2199800.00","690"
"CO","3108901","650.0","14","funded","2026-02-07","2026-01-20","","","no","1","Farming","no","COP","2375784.00","690"
"CO","3108897","675.0","14","funded","2026-02-07","2026-01-20","","","no","1","Farming","no","COP","2518771.00","690"
"CO","3108893","725.0","26","funded","2026-02-07","2026-01-20","","","no","1","Poultry","no","COP","2639760.00","690"
"CO","3108883","750.0","26","funded","2026-02-07","2026-01-20","","","no","1","Agriculture","no","COP","2749750.00","690"
"CO","3109524","650.0","20","funded","2026-01-18","2025-12-13","","","no","1","Agriculture","yes","COP","2368423.00","621"
"CO","3109520","650.0","26","funded","2026-01-11","2025-12-13","","","no","1","Farming","yes","COP","2368423.00","621"
"CO","3109522","325.0","14","funded","2026-01-10","2025-12-13","","","no","1","Farming","no","COP","1184213.00","621"
"CO","3109521","1025.0","20","funded","2026-02-07","2025-12-13","","","no","1","Livestock","no","COP","3759638.00","621"
"CO","3109516","675.0","14","funded","2026-01-21","2025-12-13","","","no","1","Agriculture","no","COP","2506423.00","621"
"CO","3109518","700.0","17","funded","2026-01-20","2025-12-13","","","no","1","Poultry","no","COP","2540924.00","621"
"CO","3109511","400.0","14","funded","2026-01-20","2025-12-13","","","no","1","Agriculture","yes","COP","1421054.00","621"
"CO","3109507","650.0","20","funded","2026-01-18","2025-12-13","","","no","1","Agriculture","no","COP","2368427.00","621"
"CO","3109502","1475.0","26","funded","2026-01-29","2025-12-12","","","no","1","Agriculture","no","COP","5399392.00","621"
"CO","3109500","800.0","26","funded","2026-02-07","2025-12-12","","","no","1","Poultry","no","COP","2960530.00","621"
"CO","3109498","325.0","14","funded","2026-01-11","2025-12-12","","","no","1","Agriculture","no","COP","1184212.00","621"
"CO","3108087","800.0","14","funded","2026-02-07","2026-01-20","","","no","1","Agriculture","no","COP","2969730.00","690"
"CO","3108083","900.0","38","funded","2026-02-07","2026-01-20","","","no","1","Agriculture","no","COP","3299700.00","690"
"CO","3108079","900.0","14","funded","2026-02-07","2026-01-20","","","no","1","Agriculture","no","COP","3299700.00","690"
"CO","3109079","325.0","14","funded","2026-01-11","2025-12-12","","","no","1","Livestock","no","COP","1184212.00","621"
"CO","3109077","475.0","14","funded","2026-01-11","2025-12-12","","","no","1","Agriculture","no","COP","1776319.00","621"
"CO","3108995","950.0","26","funded","2026-01-20","2025-12-12","","","no","1","Agriculture","no","COP","3552634.00","621"
"CO","3108072","1025.0","14","funded","2026-02-07","2026-01-20","","","no","1","Agriculture","no","COP","3805654.00","690"
"CO","3109033","325.0","14","funded","2026-01-10","2025-12-12","","","no","1","Farming","no","COP","1184212.00","621"
"CO","3108067","1175.0","26","funded","2026-02-07","2026-01-20","","","no","1","Farming","yes","COP","4319600.00","690"
"CO","3108994","475.0","14","funded","2026-01-12","2025-12-12","","","no","1","Poultry","no","COP","1776319.00","621"
"CO","3108991","375.0","14","funded","2026-01-13","2025-12-12","","","no","1","Pigs","no","COP","1322212.00","621"
"CO","3108989","600.0","26","funded","2026-01-13","2025-12-12","","","no","1","Farming","no","COP","2190792.00","621"
"CO","3108988","650.0","16","funded","2026-01-16","2025-12-12","","","no","1","Farming","no","COP","2368424.00","621"
"CO","3108057","1175.0","26","funded","2026-02-07","2026-01-20","","","no","1","Agriculture","no","COP","4319600.00","690"
"CO","3108053","1500.0","26","funded","2026-02-07","2026-01-20","","","no","1","Farming","no","COP","5499500.00","690"
"CO","3108050","1725.0","38","funded","2026-02-07","2026-01-20","","","no","1","Agriculture","no","COP","6371410.00","690"
"CO","3108048","1850.0","26","funded","2026-02-07","2026-01-20","","","no","1","Farming","no","COP","6803370.00","690"
"CO","3108158","700.0","20","funded","2026-01-18","2025-12-11","","","no","1","Agriculture","no","COP","2575422.00","621"
"CO","3108174","475.0","14","funded","2026-01-08","2025-12-12","","","no","1","Farming","no","COP","1693425.00","621"
"CO","3108162","975.0","26","funded","2026-01-20","2025-12-11","","","no","1","Agriculture","no","COP","3552632.00","621"
"CO","3108161","650.0","14","funded","2026-01-12","2025-12-11","","","no","1","Agriculture","no","COP","2368425.00","621"
"CO","3108155","500.0","14","funded","2026-01-10","2025-12-11","","","no","1","Farming","no","COP","1811844.00","621"
"CO","3108156","975.0","26","funded","2026-01-11","2025-12-11","","","no","1","Farming","yes","COP","3552634.00","621"
"CO","3107668","725.0","26","funded","2026-01-20","2025-12-11","","","no","1","Farming","no","COP","2700004.00","621"
"CO","3107664","325.0","14","funded","2026-01-08","2025-12-10","","","no","1","Agriculture","no","COP","1184213.00","621"
"CO","3107658","625.0","17","funded","2026-01-15","2025-12-10","","","no","1","Agriculture","no","COP","2304081.00","621"
"CO","3107637","425.0","20","funded","2026-01-12","2025-12-10","","","no","1","Agriculture","no","COP","1539476.00","621"
"CO","3107638","325.0","14","funded","2026-01-07","2025-12-10","","","no","1","Aquaculture","no","COP","1184212.00","621"
"CO","3107629","1125.0","20","funded","2026-01-23","2025-12-09","","","no","1","Poultry","no","COP","4144743.00","621"
"CO","3105465","1800.0","27","funded","2026-02-02","2025-11-30","","","no","1","Farming","no","COP","6702316.00","621"
"CO","3105450","325.0","15","funded","2026-01-01","2025-11-30","","","no","1","Farming","no","COP","1184213.00","621"
"CO","3105446","475.0","15","funded","2026-01-05","2025-11-30","","","no","1","Agriculture","no","COP","1776319.00","621"
"CO","3105444","375.0","15","funded","2026-01-03","2025-11-30","","","no","1","Animal Sales","no","COP","1322211.00","621"
"CO","3104874","325.0","15","funded","2025-12-30","2025-11-29","","","no","1","Agriculture","yes","COP","1184213.00","621"
"CO","3104862","1050.0","27","funded","2025-12-30","2025-11-29","","","no","1","Farming","no","COP","3828636.00","621"
"CO","3104866","1750.0","27","funded","2026-02-02","2025-11-29","","","no","1","Dairy","no","COP","6432915.00","621"
"CO","3104860","1175.0","15","funded","2026-01-02","2025-11-29","","","no","1","Farming","no","COP","4263162.00","621"
"CO","3104844","1300.0","27","funded","2026-01-22","2025-11-29","","","no","1","Farming","no","COP","4736849.00","621"
"CO","3104337","1525.0","21","funded","2026-01-06","2025-11-29","","","no","1","Farming","yes","COP","5610605.00","621"
"CO","3103231","950.0","15","funded","2026-01-07","2025-11-28","","","no","1","Agriculture","no","COP","3552637.00","621"
"CO","3104244","1600.0","27","funded","2026-01-22","2025-11-29","","","no","1","Farming","yes","COP","5842110.00","621"
"CO","3104243","325.0","15","funded","2025-12-28","2025-11-29","","","no","1","Farming","yes","COP","1184211.00","621"
"CO","3104241","650.0","15","funded","2026-01-20","2025-11-29","","","no","1","Farming","no","COP","2368425.00","621"
"CO","3104054","1275.0","27","funded","2026-01-06","2025-11-29","","","no","1","Agriculture","yes","COP","4736844.00","621"
"CO","3104032","375.0","15","funded","2025-12-31","2025-11-29","","","no","1","Farming","yes","COP","1322211.00","621"
"CO","3104042","325.0","15","funded","2025-12-29","2025-11-29","","","no","1","Agriculture","yes","COP","1184212.00","621"
"CO","3104033","325.0","15","funded","2025-12-28","2025-11-29","","","no","1","Farming","yes","COP","1184212.00","621"
"CO","3103689","650.0","27","funded","2025-12-29","2025-11-29","","","no","1","Aquaculture","no","COP","2368423.00","621"
"CO","3103696","1200.0","21","funded","2026-01-31","2025-11-29","","","no","1","Farming","yes","COP","4428060.00","621"
"CO","3103697","700.0","21","funded","2025-12-30","2025-11-29","","","no","1","Poultry","no","COP","2575424.00","621"
"CO","3103694","775.0","21","funded","2026-01-22","2025-11-29","","","no","1","Farming","no","COP","2871477.00","621"
"CO","3103693","575.0","21","funded","2026-01-07","2025-11-29","","","no","1","Farming","yes","COP","2131583.00","621"
"CO","3103688","950.0","21","funded","2026-01-18","2025-11-29","","","no","1","Farming","yes","COP","3552637.00","621"
"CO","3103686","325.0","15","funded","2025-12-27","2025-11-29","","","no","1","Farming","yes","COP","1184211.00","621"
"CO","3103677","1375.0","27","funded","2026-01-06","2025-11-29","","","no","1","Farming","no","COP","5105853.00","621"
"CO","3103676","1025.0","27","funded","2026-01-14","2025-11-29","","","no","1","Agriculture","yes","COP","3828636.00","621"
"CO","3103233","950.0","27","funded","2026-01-15","2025-11-28","","","no","1","Aquaculture","no","COP","3552637.00","621"
"CO","3103272","525.0","21","funded","2025-12-27","2025-11-29","","","no","1","Agriculture","no","COP","1983319.00","621"
"CO","3103268","525.0","15","funded","2025-12-27","2025-11-29","","","no","1","Agriculture","no","COP","1914318.00","621"
"CO","3103263","525.0","18","funded","2025-12-29","2025-11-28","","","no","1","Agriculture","no","COP","1948819.00","621"
"CO","3103249","325.0","15","funded","2025-12-28","2025-11-28","","","no","1","Agriculture","no","COP","1184213.00","621"
"CO","3103241","675.0","15","funded","2025-12-28","2025-11-28","","","no","1","Agriculture","no","COP","2506425.00","621"
"CO","3103229","550.0","23","funded","2025-12-28","2025-11-28","","","no","1","Farming","yes","COP","2006317.00","621"
"CO","3102542","425.0","15","funded","2025-12-26","2025-11-28","","","no","1","Dairy","no","COP","1574999.00","621"
"CO","3102541","1575.0","27","funded","2025-12-30","2025-11-28","","","no","1","Farming","no","COP","5921061.00","621"
"CO","3102536","325.0","15","funded","2025-12-27","2025-11-28","","","no","1","Farming","no","COP","1184213.00","621"
"CO","3102531","625.0","15","funded","2025-12-30","2025-11-28","","","no","1","Farming","yes","COP","2310398.00","621"
"CO","3102527","600.0","15","funded","2025-12-27","2025-11-28","","","no","1","Poultry","no","COP","2235455.00","621"
"CO","3102512","625.0","21","funded","2025-12-30","2025-11-28","","","no","1","Farming","no","COP","2368423.00","621"
"CO","3102495","425.0","15","funded","2025-12-27","2025-11-28","","","no","1","Farming","no","COP","1574999.00","621"
"CO","3102506","1475.0","25","funded","2026-01-22","2025-12-18","","","no","1","Dairy","no","COP","5550000.00","688"
"CO","3101788","800.0","21","funded","2025-12-29","2025-11-27","","","no","1","Farming","yes","COP","3078949.00","621"
"CO","3101791","625.0","21","funded","2025-12-26","2025-11-27","","","no","1","Farming","no","COP","2368423.00","621"
"CO","3101780","425.0","15","funded","2025-12-25","2025-11-27","","","no","1","Farming","no","COP","1575002.00","621"
"CO","3101769","650.0","21","funded","2026-01-01","2025-11-27","","","no","1","Farming","yes","COP","2432844.00","621"
"CO","3101765","925.0","27","funded","2026-01-18","2025-11-27","","","no","1","Farming","no","COP","3552637.00","621"
"CO","3101764","1175.0","27","funded","2026-01-27","2025-11-27","","","no","1","Agriculture","no","COP","4521247.00","621"
"CO","3101761","1700.0","27","funded","2026-01-27","2025-11-26","","","no","1","Agriculture","no","COP","6560360.00","621"
"CO","3101760","875.0","27","funded","2026-01-27","2025-11-26","","","no","1","Agriculture","no","COP","3300479.00","621"
"CO","3101752","625.0","18","funded","2025-12-26","2025-11-26","","","no","1","Livestock","no","COP","2368425.00","621"
"CO","3101149","650.0","15","funded","2026-01-17","2025-11-26","","","no","1","Cattle","no","COP","2506425.00","621"
"CO","3101153","640.0","27","funded","2026-01-26","2025-11-26","","","no","1","Farming","yes","COP","5096607.00","621"
"CO","3101142","615.0","27","funded","2026-01-26","2025-11-25","","","no","1","Agriculture","no","COP","5921062.00","621"
"CO","3101136","350.0","15","funded","2025-12-26","2025-11-25","","","no","1","Poultry","no","COP","1322211.00","621"
"CO","3101127","1125.0","27","funded","2025-12-30","2025-11-24","","","no","1","Farming","no","COP","4263164.00","621"
"CO","3101126","475.0","15","funded","2025-12-27","2025-11-25","","","no","1","Agriculture","no","COP","1776318.00","621"
"CO","3101116","325.0","15","funded","2025-12-25","2025-11-24","","","no","1","Farming","no","COP","1184213.00","621"
"CO","3101114","925.0","27","funded","2026-01-07","2025-11-24","","","no","1","Agriculture","no","COP","3552636.00","621"
"CO","3101112","625.0","15","funded","2025-12-27","2025-11-24","","","no","1","Agriculture","yes","COP","2368425.00","621"
"CO","3101657","1125.0","38","funded","2026-01-24","2026-01-05","","","no","1","Agriculture","no","COP","4319600.00","690"
"CO","3101660","900.0","14","funded","2025-12-31","2026-01-05","","","no","1","Agriculture","no","COP","3470185.00","690"
"CO","3101651","1550.0","38","funded","2026-01-23","2026-01-05","","","no","1","Farming","no","COP","5939450.00","690"
"CO","3101644","1575.0","14","funded","2026-01-24","2026-01-05","","","no","1","Farming","no","COP","6016388.00","690"
"CO","3094935","1350.0","27","funded","2026-01-22","2025-11-25","","","no","1","Animal Sales","no","COP","5100000.00","667"
"CO","3100316","1250.0","27","funded","2026-01-24","2025-11-24","","","no","1","Farming","no","COP","4767665.00","621"
"CO","3100206","525.0","20","funded","2025-12-24","2026-01-05","","","no","1","Farming","no","COP","1943820.00","690"
"CO","3100211","1125.0","14","funded","2026-01-21","2026-01-05","","","no","1","Farming","no","COP","4319600.00","690"
"CO","3100214","1125.0","26","funded","2026-01-01","2026-01-05","","","no","1","Livestock","no","COP","4319600.00","690"
"CO","3100199","1475.0","38","funded","2026-01-22","2026-01-05","","","no","1","Farming","no","COP","5615480.00","690"
"CO","3100191","2250.0","26","funded","2026-01-22","2026-01-05","","","no","1","Poultry","no","COP","8639200.00","690"
"CO","3100184","1125.0","14","funded","2026-01-22","2026-01-05","","","no","1","Agriculture","no","COP","4319600.00","690"
"CO","3100175","525.0","38","funded","2025-12-23","2026-01-05","","","no","1","Dairy","no","COP","1943820.00","690"
"CO","3100160","175.0","14","funded","2025-12-19","2026-01-05","","","no","1","Farming","no","COP","577074.00","690"
"CO","3100151","300.0","26","funded","2025-12-23","2026-01-05","","","no","1","Agriculture","no","COP","1079900.00","690"
"CO","3100141","1300.0","38","funded","2026-01-22","2026-01-05","","","no","1","Agriculture","no","COP","4983180.00","690"
"CO","3100314","625.0","15","funded","2025-12-21","2025-11-24","","","no","1","Farming","no","COP","2368423.00","621"
"CO","3100310","850.0","27","funded","2025-12-31","2025-11-24","","","no","1","Farming","no","COP","3236531.00","621"
"CO","3100306","1100.0","27","funded","2025-12-22","2025-11-24","","","no","1","Farming","no","COP","4144743.00","621"
"CO","3100296","325.0","15","funded","2025-12-19","2025-11-22","","","no","1","Pigs","no","COP","1184213.00","621"
"CO","3100301","625.0","27","funded","2025-12-18","2025-11-22","","","no","1","Farming","no","COP","2368423.00","621"
"CO","3100300","500.0","21","funded","2025-12-19","2025-11-22","","","no","1","Farming","no","COP","1894740.00","621"
"CO","3100297","575.0","27","funded","2026-01-04","2025-11-22","","","no","1","Farming","no","COP","2190793.00","621"
"CO","3100295","450.0","15","funded","2025-12-20","2025-11-22","","","no","1","Farming","no","COP","1657899.00","621"
"CO","3100334","325.0","15","funded","2025-12-18","2025-11-24","","","no","1","Poultry","no","COP","1209202.00","621"
"CO","3100333","475.0","21","funded","2025-12-18","2025-11-24","","","no","1","Agriculture","yes","COP","1776319.00","621"
"CO","3100327","325.0","15","funded","2025-12-19","2025-11-24","","","no","1","Agriculture","yes","COP","1209202.00","621"
"CO","3099517","475.0","15","funded","2025-12-31","2025-11-22","","","no","1","Dairy","no","COP","1776317.00","621"
"CO","3099511","625.0","16","funded","2025-12-21","2025-11-21","","","no","1","Farming","yes","COP","2368424.00","621"
"CO","3099514","1250.0","27","funded","2026-01-04","2025-11-21","","","no","1","Farming","yes","COP","4736848.00","621"
"CO","3099509","1250.0","21","funded","2026-01-19","2025-11-21","","","no","1","Farming","no","COP","4736847.00","621"
"CO","3099513","625.0","15","funded","2026-01-06","2025-11-21","","","no","1","Pigs","no","COP","2368425.00","621"
"CO","3099506","350.0","15","funded","2025-12-18","2025-11-21","","","no","1","Farming","no","COP","1322214.00","621"
"CO","3099502","550.0","15","funded","2025-12-26","2025-11-21","","","no","1","Farming","no","COP","2048685.00","621"
"CO","3099498","600.0","19","funded","2025-12-21","2025-11-21","","","no","1","Farming","no","COP","2223731.00","621"
"CO","3099496","325.0","15","funded","2025-12-21","2025-11-21","","","no","1","Farming","no","COP","1184213.00","621"
"CO","3099478","700.0","21","funded","2025-12-18","2025-11-20","","","no","1","Farming","yes","COP","2638245.00","621"
"CO","3099471","575.0","18","funded","2025-12-26","2025-11-20","","","no","1","Farming","no","COP","2124713.00","621"
"CO","3099469","325.0","15","funded","2025-12-20","2025-11-20","","","no","1","Farming","no","COP","1184213.00","621"
"CO","3099456","600.0","26","funded","2025-12-20","2025-11-20","","","no","1","Livestock","no","COP","2250005.00","621"
"CO","3099452","625.0","20","funded","2025-12-19","2025-11-19","","","no","1","Agriculture","no","COP","2368424.00","621"
"CO","3099453","725.0","14","funded","2025-12-20","2025-11-20","","","no","1","Agriculture","no","COP","2700003.00","621"
"CO","3098780","1100.0","14","funded","2026-01-05","2025-11-19","","","no","1","Farming","no","COP","4144743.00","621"
"CO","3098819","325.0","14","funded","2025-12-19","2025-11-19","","","no","1","Poultry","no","COP","1184212.00","621"
"CO","3098812","1250.0","26","funded","2025-12-29","2025-11-19","","","no","1","Farming","no","COP","4736847.00","621"
"CO","3098813","625.0","20","funded","2025-12-22","2025-11-19","","","no","1","Agriculture","yes","COP","2368424.00","621"
"CO","3098803","625.0","20","funded","2025-12-21","2025-11-19","","","no","1","Agriculture","yes","COP","2368424.00","621"
"CO","3098796","950.0","22","funded","2026-01-06","2025-11-19","","","no","1","Farming","yes","COP","3552638.00","621"
"CO","3098794","1600.0","20","funded","2026-01-19","2025-11-19","","","no","1","Veterinary Sales","no","COP","6046008.00","621"
"CO","3098778","325.0","14","funded","2025-12-20","2025-11-19","","","no","1","Farm Supplies","no","COP","1184212.00","621"
"CO","3098779","950.0","14","funded","2026-01-01","2025-11-19","","","no","1","Farm Supplies","no","COP","3552636.00","621"
"CO","3098673","700.0","20","funded","2025-12-18","2025-11-18","","","no","1","Farm Supplies","no","COP","2575424.00","621"
"CO","3098650","700.0","20","funded","2025-12-20","2025-11-18","","","no","1","Farming","no","COP","2575423.00","621"
"CO","3098649","625.0","15","funded","2025-12-23","2025-11-18","","","no","1","Farm Supplies","no","COP","2368423.00","621"
"CO","3096775","1200.0","26","funded","2026-01-16","2025-11-28","","","no","1","Farming","no","COP","4550000.00","688"
"CO","3096710","575.0","15","funded","2025-12-21","2025-11-25","","","no","1","Poultry","no","COP","2200000.00","688"
"CO","3096707","1325.0","26","funded","2026-01-16","2025-11-21","","","no","1","Pigs","no","COP","5000000.00","688"
"CO","3096996","1800.0","26","funded","2026-01-14","2025-11-18","","","no","1","Agriculture","no","COP","6891074.00","621"
"CO","3096978","325.0","15","funded","2025-12-16","2025-11-18","","","no","1","Farming","no","COP","1184213.00","621"
"CO","3096990","950.0","27","funded","2025-12-21","2025-11-18","","","no","1","Farming","no","COP","3552637.00","621"
"CO","3096984","400.0","15","funded","2025-12-18","2025-11-18","","","no","1","Farming","yes","COP","1480264.00","621"
"CO","3096988","950.0","20","funded","2025-12-25","2025-11-18","","","no","1","Farming","no","COP","3552635.00","621"
"CO","3096989","1625.0","26","funded","2025-12-27","2025-11-18","","","no","1","Farming","no","COP","6197059.00","621"
"CO","3096983","725.0","20","funded","2026-01-02","2025-11-18","","","no","1","Farming","yes","COP","2693843.00","621"
"CO","3096982","625.0","14","funded","2026-01-11","2025-11-18","","","no","1","Pigs","no","COP","2368424.00","621"
"CO","3096960","325.0","14","funded","2025-12-13","2025-11-15","","","no","1","Agriculture","yes","COP","1184212.00","621"
"CO","3096950","1400.0","17","funded","2025-12-24","2025-11-15","","","no","1","Farming","yes","COP","5328954.00","621"
"CO","3096954","1625.0","26","funded","2026-01-14","2025-11-15","","","no","1","Farming","yes","COP","6197059.00","621"
"CO","3096940","325.0","14","funded","2025-12-17","2025-11-15","","","no","1","Farming","no","COP","1184212.00","621"
"CO","3096938","1250.0","26","funded","2026-01-03","2025-11-15","","","no","1","Farming","no","COP","4736848.00","621"
"CO","3096933","625.0","17","funded","2025-12-24","2025-11-15","","","no","1","Farming","no","COP","2368425.00","621"
"CO","3096934","1000.0","20","funded","2026-01-01","2025-11-15","","","no","1","Agriculture","no","COP","3822456.00","621"
"CO","3096927","375.0","14","funded","2025-12-22","2025-11-14","","","no","1","Farming","no","COP","1361844.00","621"
"CO","3096929","950.0","22","funded","2025-12-21","2025-11-14","","","no","1","Agriculture","no","COP","3552635.00","621"
"CO","3095975","1750.0","26","funded","2026-01-01","2025-11-14","","","no","1","Farming","no","COP","6687405.00","621"
"CO","3095970","500.0","14","funded","2025-12-18","2025-11-14","","","no","1","Farming","no","COP","1894738.00","621"
"CO","3095971","350.0","14","funded","2025-12-11","2025-11-14","","","no","1","Farming","yes","COP","1322212.00","621"
"CO","3095973","625.0","14","funded","2025-12-15","2025-11-14","","","no","1","Farming","no","COP","2368425.00","621"
"CO","3095969","925.0","20","funded","2025-12-19","2025-11-14","","","no","1","Poultry","no","COP","3552635.00","621"
"CO","3095967","1300.0","14","funded","2025-12-26","2025-11-14","","","no","1","Dairy","no","COP","4992905.00","621"
"CO","3095959","475.0","14","funded","2025-12-30","2025-11-13","","","no","1","Pigs","no","COP","1800003.00","621"
"CO","3095178","625.0","26","funded","2025-12-26","2025-11-13","","","no","1","Farming","yes","COP","2309213.00","621"
"CO","3095168","1625.0","26","funded","2026-01-13","2025-11-13","","","no","1","Farming","yes","COP","6197060.00","621"
"CO","3095169","625.0","20","funded","2025-12-19","2025-11-13","","","no","1","Farming","yes","COP","2368424.00","621"
"CO","3095176","325.0","14","funded","2025-12-13","2025-11-13","","","no","1","Pigs","no","COP","1184212.00","621"
"CO","3095167","325.0","14","funded","2025-12-11","2025-11-13","","","no","1","Agriculture","no","COP","1184211.00","621"
"CO","3095157","625.0","17","funded","2025-12-21","2025-11-13","","","no","1","Farming","no","COP","2368425.00","621"
"CO","3095152","700.0","26","funded","2025-12-19","2025-11-13","","","no","1","Farming","yes","COP","2644424.00","621"
"CO","3095048","1725.0","26","funded","2026-01-13","2025-11-12","","","no","1","Agriculture","no","COP","6545162.00","621"
"CO","3095034","950.0","26","funded","2025-12-17","2025-11-12","","","no","1","Agriculture","no","COP","3552636.00","621"
"CO","3094956","950.0","20","funded","2025-12-12","2025-11-12","","","no","1","Farming","yes","COP","3552637.00","621"
"CO","3094933","725.0","14","funded","2026-01-06","2025-11-24","","","no","1","Farming","no","COP","2696100.00","667"
"CO","3094931","1400.0","14","funded","2026-01-13","2025-11-22","","","no","1","Animal Sales","no","COP","5360000.00","667"
"CO","3094918","975.0","9","funded","2025-12-20","2025-11-22","","","no","1","Livestock","no","COP","3666000.00","667"
"CO","3094914","850.0","14","funded","2025-12-31","2025-11-22","","","no","1","Farming","no","COP","3214500.00","667"
"CO","3092976","1300.0","26","funded","2026-01-11","2025-12-05","","","no","1","Agriculture","no","COP","4862870.00","690"
"CO","3092972","1325.0","26","funded","2026-01-10","2025-12-05","","","no","1","Livestock","no","COP","4983180.00","690"
"CO","3092974","1300.0","38","funded","2026-01-11","2025-12-05","","","no","1","Agriculture","no","COP","4874850.00","690"
"CO","3092921","1325.0","20","funded","2026-01-10","2025-12-05","","","no","1","Agriculture","no","COP","4983180.00","690"
"CO","3092900","1325.0","26","funded","2026-01-10","2025-12-05","","","no","1","Farming","no","COP","4983180.00","690"
"CO","3092897","1375.0","26","funded","2026-01-10","2025-12-05","","","no","1","Agriculture","no","COP","5089050.00","690"
"CO","3092913","1325.0","38","funded","2026-01-10","2025-12-05","","","no","1","Agriculture","no","COP","4983180.00","690"
"CO","3092906","1325.0","14","funded","2026-01-10","2025-12-05","","","no","1","Agriculture","no","COP","4983180.00","690"
"CO","3093427","350.0","14","funded","2025-12-07","2025-11-12","","","no","1","Farming","no","COP","1322213.00","621"
"CO","3093422","800.0","20","funded","2025-12-18","2025-11-12","","","no","1","Farming","yes","COP","2960530.00","621"
"CO","3093423","625.0","20","funded","2025-12-19","2025-11-12","","","no","1","Farming","no","COP","2368424.00","621"
"CO","3093421","325.0","14","funded","2025-12-07","2025-11-12","","","no","1","Farming","no","COP","1184212.00","621"
"CO","3093420","325.0","14","funded","2025-12-08","2025-11-12","","","no","1","Cattle","no","COP","1184212.00","621"
"CO","3093002","950.0","14","funded","2025-12-17","2025-11-10","","","no","1","Dairy","no","COP","3552636.00","621"
"CO","3093416","800.0","20","funded","2026-01-03","2025-11-11","","","no","1","Pigs","no","COP","2960529.00","621"
"CO","3093412","325.0","14","funded","2025-12-06","2025-11-11","","","no","1","Farming","yes","COP","1184212.00","621"
"CO","3093411","950.0","14","funded","2025-12-07","2025-11-11","","","no","1","Farming","no","COP","3552636.00","621"
"CO","3093019","650.0","26","funded","2025-12-09","2025-11-11","","","no","1","Farm Supplies","no","COP","2368423.00","621"
"CO","3093016","650.0","14","funded","2025-12-09","2025-11-11","","","no","1","Poultry","no","COP","2368425.00","621"
"CO","3093013","325.0","14","funded","2025-12-05","2025-11-10","","","no","1","Agriculture","yes","COP","1184212.00","621"
"CO","3093011","1075.0","26","funded","2026-01-08","2025-11-10","","","no","1","Agriculture","no","COP","4041865.00","621"
"CO","3093006","650.0","17","funded","2025-12-09","2025-11-10","","","no","1","Agriculture","no","COP","2368425.00","621"
"CO","3093004","750.0","26","funded","2025-12-05","2025-11-10","","","no","1","Farming","no","COP","2762844.00","621"
"CO","3093000","725.0","26","funded","2025-12-06","2025-11-08","","","no","1","Farming","no","COP","2644423.00","621"
"CO","3092999","325.0","14","funded","2025-12-06","2025-11-08","","","no","1","Farming","no","COP","1184212.00","621"
"CO","3090238","875.0","13","funded","2025-12-16","2025-11-22","","","no","1","Animal Sales","no","COP","3215000.00","667"
"CO","3092207","800.0","20","funded","2025-12-20","2025-11-08","","","no","1","Farming","no","COP","2960529.00","621"
"CO","3092206","325.0","14","funded","2025-12-04","2025-11-08","","","no","1","Farming","yes","COP","1184214.00","621"
"CO","3092200","575.0","17","funded","2025-12-06","2025-11-06","","","no","1","Farming","no","COP","2131582.00","621"
"CO","3092196","325.0","14","funded","2025-12-04","2025-11-06","","","no","1","Agriculture","yes","COP","1184212.00","621"
"CO","3092185","975.0","14","funded","2025-12-09","2025-11-06","","","no","1","Farming","no","COP","3647372.00","621"
"CO","3092183","325.0","14","funded","2025-12-04","2025-11-06","","","no","1","Livestock","no","COP","1184212.00","621"
"CO","3092180","325.0","14","funded","2025-12-04","2025-11-05","","","no","1","Agriculture","yes","COP","1184212.00","621"
"CO","3092181","800.0","20","funded","2025-12-20","2025-11-05","","","no","1","Agriculture","yes","COP","2960530.00","621"
"CO","3090649","925.0","21","funded","2025-12-29","2025-10-31","","","no","1","Farming","no","COP","3450000.00","688"
"CO","3090235","700.0","18","funded","2025-12-03","2025-11-21","","","no","1","Farming","no","COP","2596000.00","667"
"CO","3090231","1000.0","25","funded","2026-01-06","2025-11-21","","","no","1","Cattle","no","COP","3738000.00","667"
"CO","3090229","875.0","15","funded","2025-12-22","2025-11-21","","","no","1","Dairy","no","COP","3200000.00","667"
"CO","3090225","1425.0","16","funded","2026-01-02","2025-11-20","","","no","1","Animal Sales","no","COP","5300000.00","667"
"CO","3090030","1150.0","14","funded","2026-01-06","2025-11-15","","","no","1","Animal Sales","no","COP","4252000.00","667"
"CO","3090221","1425.0","14","funded","2025-12-18","2025-11-19","","","no","1","Agriculture","no","COP","5289000.00","667"
"CO","3090216","1150.0","25","funded","2025-12-10","2025-11-19","","","no","1","Agriculture","no","COP","4258000.00","667"
"CO","3090205","1125.0","18","funded","2026-01-06","2025-11-18","","","no","1","Animal Sales","no","COP","4174262.00","667"
"CO","3090195","1150.0","25","funded","2026-01-02","2025-11-18","","","no","1","Agriculture","no","COP","4257200.00","667"
"CO","3090033","1150.0","26","funded","2026-01-06","2025-11-18","","","no","1","Cattle","no","COP","4265000.00","667"
"CO","3090032","1575.0","26","funded","2026-01-06","2025-11-20","","","no","1","Farming","yes","COP","5846000.00","667"
"CO","3090027","750.0","17","funded","2026-01-06","2025-11-14","","","no","1","Dairy","no","COP","4255000.00","667"
"CO","3090026","600.0","14","funded","2025-12-03","2025-11-14","","","no","1","Agriculture","yes","COP","2175000.00","667"
"CO","3090025","850.0","14","funded","2026-01-06","2025-11-13","","","no","1","Agriculture","yes","COP","6325100.00","667"
"CO","3090019","980.0","26","funded","2026-01-06","2025-11-10","","","no","1","Animal Sales","no","COP","5302000.00","667"
"CO","3090022","1425.0","26","funded","2026-01-06","2025-11-12","","","no","1","Animal Sales","no","COP","5301897.00","667"
"CO","3090023","725.0","20","funded","2025-12-05","2025-11-12","","","no","1","Animal Sales","no","COP","2700000.00","667"
"CO","3090021","1425.0","14","funded","2026-01-05","2025-11-11","","","no","1","Animal Sales","no","COP","5300000.00","667"
"CO","3090024","450.0","14","funded","2025-12-02","2025-11-12","","","no","1","Agriculture","no","COP","1670000.00","667"
"CO","3089921","1400.0","14","funded","2026-01-02","2025-12-05","","","no","1","Agriculture","no","COP","5202140.00","690"
"CO","3089918","1425.0","38","funded","2026-01-05","2025-12-05","","","no","1","Agriculture","no","COP","5258685.00","690"
"CO","3089909","1450.0","20","funded","2026-01-05","2025-12-05","","","no","1","Farming","no","COP","5416500.00","690"
"CO","3089913","1450.0","38","funded","2026-01-05","2025-12-05","","","no","1","Agriculture","no","COP","5416500.00","690"
"CO","3089899","1450.0","26","funded","2025-12-18","2025-12-05","","","no","1","Farming","no","COP","5416500.00","690"
"CO","3089903","800.0","38","funded","2026-01-05","2025-12-05","","","no","1","Agriculture","no","COP","5416500.00","690"
"CO","3089897","485.0","38","funded","2026-01-05","2025-12-05","","","no","1","Farming","no","COP","5633160.00","690"
"CO","3089895","475.0","14","funded","2026-01-05","2025-12-05","","","no","1","Agriculture","no","COP","5633160.00","690"
"CO","3089891","275.0","26","funded","2026-01-05","2025-12-05","","","no","1","Agriculture","no","COP","5633160.00","690"
"CO","3089885","765.0","26","funded","2026-01-05","2025-12-05","","","no","1","Farming","no","COP","5654500.00","690"
"CO","3089881","1525.0","20","funded","2026-01-05","2025-12-05","","","no","1","Pigs","no","COP","5654500.00","690"
"CO","3089878","1525.0","26","funded","2026-01-04","2025-12-05","","","no","1","Farming","no","COP","5654500.00","690"
"CO","3089873","1525.0","38","funded","2026-01-04","2025-12-05","","","no","1","Agriculture","no","COP","5654500.00","690"
"CO","3089861","370.0","26","funded","2026-01-05","2025-12-05","","","no","1","Farming","no","COP","5833000.00","690"
"CO","3089865","1575.0","20","funded","2025-12-30","2025-12-05","","","no","1","Agriculture","no","COP","5833000.00","690"
"CO","3089853","465.0","17","funded","2026-01-05","2025-12-05","","","no","1","Agriculture","no","COP","5958150.00","690"
"CO","3089957","325.0","15","funded","2025-12-01","2025-10-31","","","no","1","Poultry","no","COP","1184212.00","621"
"CO","3089948","1525.0","15","funded","2026-01-04","2025-10-31","","","no","1","Farming","no","COP","5625007.00","621"
"CO","3089950","950.0","15","funded","2025-12-24","2025-10-31","","","no","1","Cattle","no","COP","3552636.00","621"
"CO","3089946","1225.0","21","funded","2026-01-04","2025-10-31","","","no","1","Agriculture","no","COP","4494752.00","621"
"CO","3089941","550.0","21","funded","2025-12-01","2025-10-31","","","no","1","Farming","yes","COP","2020804.00","621"
"CO","3089943","475.0","15","funded","2025-12-02","2025-10-31","","","no","1","Agriculture","no","COP","1776319.00","621"
"CO","3089937","325.0","15","funded","2025-12-01","2025-10-31","","","no","1","Farming","no","COP","1184212.00","621"
"CO","3089940","875.0","27","funded","2025-12-07","2025-10-31","","","no","1","Agriculture","no","COP","3239081.00","621"
"CO","3089936","1550.0","27","funded","2025-12-29","2025-10-31","","","no","1","Livestock","no","COP","5731387.00","621"
"CO","3089260","500.0","15","funded","2025-12-01","2025-10-31","","","no","1","Farming","no","COP","1776319.00","621"
"CO","3089259","350.0","15","funded","2025-12-01","2025-10-31","","","no","1","Farming","no","COP","1267107.00","621"
"CO","3089254","325.0","15","funded","2025-12-01","2025-10-31","","","no","1","Farming","no","COP","1184212.00","621"
"CO","3089252","325.0","15","funded","2025-11-30","2025-10-31","","","no","1","Farming","yes","COP","1184212.00","621"
"CO","3089253","485.0","27","funded","2026-01-04","2025-10-31","","","no","1","Agriculture","no","COP","6675113.00","621"
"CO","3089248","1050.0","15","funded","2025-12-21","2025-10-31","","","no","1","Agriculture","no","COP","3902726.00","621"
"CO","3089243","375.0","15","funded","2025-12-01","2025-10-31","","","no","1","Agriculture","no","COP","1322211.00","621"
"CO","3088318","625.0","18","funded","2025-12-07","2025-10-31","","","no","1","Agriculture","no","COP","2344740.00","621"
"CO","3088319","950.0","21","funded","2025-12-02","2025-10-31","","","no","1","Agriculture","no","COP","3552635.00","621"
"CO","3088314","725.0","15","funded","2025-12-05","2025-10-31","","","no","1","Agriculture","no","COP","2723689.00","621"
"CO","3088316","2075.0","27","funded","2026-01-02","2025-10-31","","","no","1","Agriculture","no","COP","7859638.00","621"
"CO","3088313","625.0","21","funded","2025-12-01","2025-10-31","","","no","1","Agriculture","yes","COP","2368424.00","621"
"CO","3088304","325.0","15","funded","2025-12-01","2025-10-31","","","no","1","Agriculture","no","COP","1184213.00","621"
"CO","3088300","325.0","15","funded","2025-11-30","2025-10-31","","","no","1","Agriculture","no","COP","1184212.00","621"
"CO","3088284","325.0","15","funded","2025-11-29","2025-10-31","","","no","1","Agriculture","no","COP","1184212.00","621"
"CO","3088296","1300.0","27","funded","2026-01-02","2025-10-31","","","no","1","Agriculture","no","COP","4857981.00","621"
"CO","3087709","325.0","15","funded","2025-11-28","2025-10-31","","","no","1","Farming","no","COP","1184212.00","621"
"CO","3087579","1500.0","18","funded","2025-12-28","2025-10-27","","","no","1","Farming","no","COP","5600000.00","688"
"CO","3087551","1475.0","21","funded","2026-01-01","2025-10-27","","","no","1","Pigs","no","COP","5550000.00","688"
"CO","3087717","1775.0","27","funded","2025-12-29","2025-10-31","","","no","1","Flowers","no","COP","6666759.00","621"
"CO","3087682","950.0","21","funded","2025-12-01","2025-10-31","","","no","1","Agriculture","no","COP","3552637.00","621"
"CO","3087681","1325.0","27","funded","2025-12-31","2025-10-31","","","no","1","Agriculture","no","COP","5008224.00","621"
"CO","3087677","625.0","21","funded","2025-12-02","2025-10-31","","","no","1","Agriculture","no","COP","2368423.00","621"
"CO","3087679","400.0","15","funded","2025-11-30","2025-10-31","","","no","1","Agriculture","no","COP","1492107.00","621"
"CO","3086693","325.0","15","funded","2025-11-26","2025-10-31","","","no","1","Farming","no","COP","1184212.00","621"
"CO","3086696","600.0","15","funded","2025-12-01","2025-10-31","","","no","1","Farming","no","COP","2250002.00","621"
"CO","3086691","325.0","15","funded","2025-11-26","2025-10-31","","","no","1","Agriculture","no","COP","1184212.00","621"
"CO","3086669","950.0","27","funded","2025-12-02","2025-10-31","","","no","1","Farming","yes","COP","3552632.00","621"
"CO","3086671","1575.0","27","funded","2025-12-18","2025-10-31","","","no","1","Farming","no","COP","5921060.00","621"
"CO","3086667","325.0","15","funded","2025-11-25","2025-10-31","","","no","1","Farming","yes","COP","1184212.00","621"
"CO","3086684","325.0","15","funded","2025-11-25","2025-10-31","","","no","1","Livestock","no","COP","1184212.00","621"
"CO","3085593","325.0","15","funded","2025-11-24","2025-10-31","","","no","1","Agriculture","yes","COP","1184212.00","621"
"CO","3085589","325.0","15","funded","2025-11-25","2025-10-31","","","no","1","Agriculture","no","COP","1184212.00","621"
"CO","3085590","1800.0","27","funded","2025-12-28","2025-10-31","","","no","1","Agriculture","no","COP","6752189.00","621"
"CO","3085587","1025.0","27","funded","2025-12-23","2025-10-31","","","no","1","Farming","no","COP","3828635.00","621"
"CO","3085580","325.0","15","funded","2025-11-25","2025-10-30","","","no","1","Agriculture","yes","COP","1184211.00","621"
"CO","3085556","325.0","15","funded","2025-11-25","2025-10-30","","","no","1","Farming","yes","COP","1184212.00","621"
"CO","3085555","325.0","15","funded","2025-11-24","2025-10-30","","","no","1","Agriculture","no","COP","1184212.00","621"
"CO","3084188","1150.0","20","funded","2025-12-05","2025-11-10","","","no","1","Agriculture","no","COP","4258000.00","667"
"CO","3084186","1350.0","26","funded","2025-12-28","2025-11-07","","","no","1","Animal Sales","no","COP","5000000.00","667"
"CO","3084187","1250.0","17","funded","2025-12-03","2025-11-07","","","no","1","Animal Sales","no","COP","4600000.00","667"
"CO","3085184","1875.0","23","funded","2025-12-27","2025-10-30","","","no","1","Agriculture","no","COP","6872797.00","621"
"CO","3085181","325.0","15","funded","2025-11-24","2025-10-30","","","no","1","Farming","no","COP","1184214.00","621"
"CO","3085180","725.0","27","funded","2025-11-25","2025-10-30","","","no","1","Agriculture","yes","COP","2605266.00","621"
"CO","3085173","700.0","15","funded","2025-11-24","2025-10-30","","","no","1","Agriculture","no","COP","2506423.00","621"
"CO","3085169","1600.0","27","funded","2025-12-27","2025-10-30","","","no","1","Farming","yes","COP","5936882.00","621"
"CO","3085175","1100.0","27","funded","2025-11-26","2025-10-30","","","no","1","Farming","yes","COP","4008658.00","621"
"CO","3080740","575.0","10","funded","2025-11-23","2025-11-07","","","no","1","Farming","no","COP","2110000.00","667"
"CO","3084234","1275.0","27","funded","2025-12-25","2025-10-30","","","no","1","Farming","no","COP","4736848.00","621"
"CO","3084232","500.0","15","funded","2025-11-23","2025-10-30","","","no","1","Agriculture","no","COP","1776320.00","621"
"CO","3084233","325.0","15","funded","2025-11-22","2025-10-30","","","no","1","Agriculture","no","COP","1184211.00","621"
"CO","3084231","600.0","21","funded","2025-12-02","2025-10-30","","","no","1","Livestock","no","COP","2220161.00","621"
"CO","3084228","450.0","15","funded","2025-11-21","2025-10-29","","","no","1","Agriculture","yes","COP","1618264.00","621"
"CO","3084227","975.0","21","funded","2025-12-25","2025-10-29","","","no","1","Agriculture","yes","COP","3552637.00","621"
"CO","3084221","1800.0","33","funded","2025-12-25","2025-10-29","","","no","1","Agriculture","yes","COP","6688262.00","621"
"CO","3084204","1550.0","33","funded","2025-12-25","2025-10-29","","","no","1","Agriculture","no","COP","5727408.00","621"
"CO","3083306","500.0","15","funded","2025-11-20","2025-10-29","","","no","1","Agriculture","no","COP","1822502.00","621"
"CO","3083316","700.0","18","funded","2025-11-21","2025-10-29","","","no","1","Poultry","no","COP","2590904.00","621"
"CO","3083317","1275.0","27","funded","2025-11-20","2025-10-29","","","no","1","Agriculture","no","COP","4736844.00","621"
"CO","3083305","800.0","15","funded","2025-12-02","2025-10-29","","","no","1","Agriculture","no","COP","2960530.00","621"
"CO","3080736","575.0","14","funded","2025-11-20","2025-11-06","","","no","1","Dairy","no","COP","2100000.00","667"
"CO","3080734","325.0","10","funded","2025-11-18","2025-11-05","","","no","1","Animal Sales","no","COP","1120000.00","667"
"CO","3080733","1400.0","26","funded","2025-12-18","2025-11-05","","","no","1","Agriculture","no","COP","5100000.00","667"
"CO","3081584","1025.0","27","funded","2025-11-21","2025-10-28","","","no","1","Agriculture","yes","COP","3828636.00","621"
"CO","3081577","1275.0","27","funded","2025-12-18","2025-10-28","","","no","1","Agriculture","yes","COP","4736851.00","621"
"CO","3081574","475.0","15","funded","2025-11-19","2025-10-28","","","no","1","Agriculture","no","COP","1776319.00","621"
"CO","3081571","325.0","15","funded","2025-11-17","2025-10-28","","","no","1","Livestock","no","COP","1184213.00","621"
"CO","3081573","1600.0","21","funded","2025-12-01","2025-10-28","","","no","1","Agriculture","no","COP","5921062.00","621"
"CO","3081570","475.0","15","funded","2025-11-22","2025-10-28","","","no","1","Dairy","no","COP","1693423.00","621"
"CO","3081567","550.0","15","funded","2025-11-19","2025-10-28","","","no","1","Farming","no","COP","2013160.00","621"
"CO","3080768","1450.0","15","funded","2025-12-18","2025-10-27","","","no","1","Farming","yes","COP","5293428.00","621"
"CO","3080767","1800.0","15","funded","2025-12-17","2025-10-27","","","no","1","Dairy","no","COP","6631587.00","621"
"CO","3080764","1100.0","27","funded","2025-11-24","2025-10-27","","","no","1","Farming","yes","COP","4032045.00","621"
"CO","3080763","500.0","15","funded","2025-11-18","2025-10-27","","","no","1","Agriculture","no","COP","1776318.00","621"
"CO","3080761","500.0","15","funded","2025-11-17","2025-10-27","","","no","1","Livestock","no","COP","1823686.00","621"
"CO","3080758","1600.0","27","funded","2025-12-18","2025-10-27","","","no","1","Agriculture","yes","COP","5921061.00","621"
"CO","3080757","325.0","15","funded","2025-11-16","2025-10-27","","","no","1","Agriculture","yes","COP","1184211.00","621"
"CO","3080756","900.0","23","funded","2025-12-01","2025-10-27","","","no","1","Farming","no","COP","3256586.00","621"
"CO","3071817","1150.0","15","funded","2025-11-18","2025-09-30","","","no","1","Farming","no","COP","4223094.00","621"
"CO","3080746","650.0","21","funded","2025-11-18","2025-10-27","","","no","1","Farming","yes","COP","2368425.00","621"
"CO","3079816","1375.0","27","funded","2025-12-16","2025-10-27","","","no","1","Agriculture","yes","COP","5085617.00","621"
"CO","3079814","575.0","27","funded","2025-11-17","2025-10-25","","","no","1","Agriculture","yes","COP","2072372.00","621"
"CO","3079807","325.0","15","funded","2025-11-13","2025-10-25","","","no","1","Agriculture","yes","COP","1184212.00","621"
"CO","3079810","650.0","21","funded","2025-11-19","2025-10-25","","","no","1","Agriculture","yes","COP","2368425.00","621"
"CO","3079806","1600.0","27","funded","2025-12-16","2025-10-25","","","no","1","Agriculture","yes","COP","5921059.00","621"
"CO","3079792","725.0","23","funded","2025-11-19","2025-10-24","","","no","1","Agriculture","yes","COP","2664474.00","621"
"CO","3079802","700.0","21","funded","2025-11-17","2025-10-25","","","no","1","Agriculture","no","COP","2575425.00","621"
"CO","3079784","475.0","15","funded","2025-11-18","2025-10-24","","","no","1","Farm Supplies","no","COP","1776318.00","621"
"CO","3079062","650.0","21","funded","2025-11-25","2025-10-24","","","no","1","Farming","no","COP","2368426.00","621"
"CO","3079063","1025.0","23","funded","2025-11-22","2025-10-24","","","no","1","Farming","no","COP","3789478.00","621"
"CO","3079048","325.0","15","funded","2025-11-17","2025-10-24","","","no","1","Pigs","no","COP","1184213.00","621"
"CO","3079043","475.0","15","funded","2025-11-17","2025-10-23","","","no","1","Dairy","no","COP","1693424.00","621"
"CO","3079044","450.0","15","funded","2025-11-12","2025-10-23","","","no","1","Agriculture","no","COP","1688685.00","621"
"CO","3079037","475.0","15","funded","2025-11-18","2025-10-23","","","no","1","Farming","no","COP","1776319.00","621"
"CO","3079036","950.0","23","funded","2025-11-25","2025-10-23","","","no","1","Agriculture","yes","COP","3552635.00","621"
"CO","3073924","850.0","20","funded","2025-12-15","2025-10-18","","","no","1","Farming","no","COP","3230000.00","667"
"CO","3078283","950.0","18","funded","2025-11-19","2025-10-22","","","no","1","Poultry","no","COP","3552636.00","621"
"CO","3078298","700.0","23","funded","2025-11-18","2025-10-23","","","no","1","Agriculture","no","COP","2598423.00","621"
"CO","3078296","950.0","21","funded","2025-11-20","2025-10-23","","","no","1","Agriculture","no","COP","3552637.00","621"
"CO","3078295","650.0","21","funded","2025-11-18","2025-10-23","","","no","1","Agriculture","yes","COP","2368425.00","621"
"CO","3078300","325.0","18","funded","2025-11-11","2025-10-23","","","no","1","Farming","yes","COP","1184211.00","621"
"CO","3078291","1300.0","27","funded","2025-12-14","2025-10-22","","","no","1","Farming","no","COP","4908957.00","621"
"CO","3078290","1050.0","27","funded","2025-12-05","2025-10-22","","","no","1","Agriculture","no","COP","3956979.00","621"
"CO","3078287","325.0","15","funded","2025-11-11","2025-10-22","","","no","1","Farming","yes","COP","1184212.00","621"
"CO","3078284","650.0","21","funded","2025-11-22","2025-10-22","","","no","1","Pigs","no","COP","2368424.00","621"
"CO","3078282","625.0","15","funded","2025-11-18","2025-10-22","","","no","1","Agriculture","yes","COP","2356581.00","621"
"CO","3077308","950.0","15","funded","2025-12-12","2025-10-22","","","no","1","Farming","no","COP","3552637.00","621"
"CO","3077306","475.0","15","funded","2025-11-17","2025-10-22","","","no","1","Farming","no","COP","1776317.00","621"
"CO","3077303","650.0","15","funded","2025-11-12","2025-10-22","","","no","1","Farming","no","COP","2368423.00","621"
"CO","3077301","800.0","15","funded","2025-11-17","2025-10-21","","","no","1","Farming","no","COP","2960530.00","621"
"CO","3077302","350.0","14","funded","2025-11-11","2025-10-21","","","no","1","Farming","no","COP","1322212.00","621"
"CO","3077298","1325.0","27","funded","2025-11-18","2025-10-21","","","no","1","Farm Supplies","no","COP","5012847.00","621"
"CO","3077289","1275.0","26","funded","2025-12-02","2025-10-21","","","no","1","Farming","no","COP","4736847.00","621"
"CO","3077287","1225.0","27","funded","2025-12-01","2025-10-20","","","no","1","Pigs","no","COP","4620630.00","621"
"CO","3077288","950.0","15","funded","2025-11-23","2025-10-20","","","no","1","Agriculture","no","COP","3552635.00","621"
"CO","3077285","650.0","15","funded","2025-11-19","2025-10-20","","","no","1","Poultry","no","COP","2368423.00","621"
"CO","3077286","650.0","17","funded","2025-11-11","2025-10-20","","","no","1","Agriculture","yes","COP","2368422.00","621"
"CO","3076703","625.0","14","funded","2025-11-17","2025-10-20","","","no","1","Agriculture","no","COP","2368424.00","621"
"CO","3076695","625.0","14","funded","2025-11-18","2025-10-18","","","no","1","Aquaculture","no","COP","2368425.00","621"
"CO","3076692","625.0","20","funded","2025-11-18","2025-10-18","","","no","1","Farming","no","COP","2368424.00","621"
"CO","3076693","475.0","20","funded","2025-11-17","2025-10-18","","","no","1","Poultry","no","COP","1776319.00","621"
"CO","3076688","325.0","14","funded","2025-11-08","2025-10-17","","","no","1","Farming","yes","COP","1184212.00","621"
"CO","3076685","1250.0","26","funded","2025-12-11","2025-10-17","","","no","1","Pigs","no","COP","4736848.00","621"
"CO","3076683","625.0","14","funded","2025-11-19","2025-10-17","","","no","1","Pigs","no","COP","2368425.00","621"
"CO","3076681","325.0","14","funded","2025-11-08","2025-10-17","","","no","1","Poultry","no","COP","1184212.00","621"
"CO","3076660","1550.0","14","funded","2025-12-04","2025-10-17","","","no","1","Farming","no","COP","5921060.00","621"
"CO","3076199","625.0","14","funded","2025-11-18","2025-10-17","","","no","1","Farming","no","COP","2368425.00","621"
"CO","3076197","325.0","14","funded","2025-11-08","2025-10-17","","","no","1","Poultry","no","COP","1184212.00","621"
"CO","3076196","1250.0","18","funded","2025-12-10","2025-10-17","","","no","1","Dairy","no","COP","4736847.00","621"
"CO","3076195","625.0","17","funded","2025-11-09","2025-10-17","","","no","1","Agriculture","yes","COP","2368422.00","621"
"CO","3076193","650.0","20","funded","2025-11-08","2025-10-17","","","no","1","Farm Supplies","no","COP","2418403.00","621"
"CO","3076186","325.0","14","funded","2025-11-07","2025-10-16","","","no","1","Dairy","no","COP","1184212.00","621"
"CO","3076185","625.0","14","funded","2025-11-18","2025-10-16","","","no","1","Dairy","no","COP","2368424.00","621"
"CO","3076184","475.0","14","funded","2025-11-11","2025-10-16","","","no","1","Livestock","no","COP","1811844.00","621"
"CO","3076181","625.0","17","funded","2025-11-18","2025-10-16","","","no","1","Farming","no","COP","2368425.00","621"
"CO","3076183","1150.0","14","funded","2025-12-10","2025-10-16","","","no","1","Farming","no","COP","4386784.00","621"
"CO","3076178","475.0","14","funded","2025-11-11","2025-10-16","","","no","1","Cattle","no","COP","1776319.00","621"
"CO","3076177","475.0","20","funded","2025-11-12","2025-10-16","","","no","1","Poultry","no","COP","1776318.00","621"
"CO","3076174","925.0","14","funded","2025-11-11","2025-10-16","","","no","1","Farming","yes","COP","3552635.00","621"
"CO","3076092","1375.0","27","funded","2025-12-01","2025-10-31","","","no","1","Farming","no","COP","5301897.00","667"
"CO","3076091","425.0","15","funded","2025-11-07","2025-10-31","","","no","1","Farming","no","COP","1600000.00","667"
"CO","3074736","550.0","14","funded","2025-11-05","2025-10-24","","","no","1","Farming","no","COP","2080000.00","667"
"CO","3074757","850.0","15","funded","2025-12-07","2025-10-25","","","no","1","Farming","no","COP","3215000.00","667"
"CO","3074720","1100.0","8","funded","2025-11-19","2025-10-23","","","no","1","Aquaculture","no","COP","4174300.00","667"
"CO","3074747","1125.0","27","funded","2025-11-15","2025-10-24","","","no","1","Farming","no","COP","4270000.00","667"
"CO","3074735","575.0","21","funded","2025-11-06","2025-10-23","","","no","1","Farming","no","COP","2180437.00","667"
"CO","3074708","675.0","27","funded","2025-11-18","2025-10-23","","","no","1","Agriculture","no","COP","2533033.00","667"
"CO","3075730","825.0","26","funded","2025-11-24","2025-10-15","","","no","1","Agriculture","no","COP","3170000.00","667"
"CO","3075748","1250.0","14","funded","2025-11-06","2025-10-15","","","no","1","Agriculture","no","COP","4736848.00","621"
"CO","3075749","625.0","20","funded","2025-12-02","2025-10-15","","","no","1","Pigs","no","COP","2368424.00","621"
"CO","3075743","625.0","20","funded","2025-11-07","2025-10-15","","","no","1","Pigs","no","COP","2368424.00","621"
"CO","3075744","325.0","14","funded","2025-11-05","2025-10-15","","","no","1","Agriculture","no","COP","1184212.00","621"
"CO","3075729","700.0","21","funded","2025-11-06","2025-10-21","","","no","1","Livestock","no","COP","2700000.00","667"
"CO","3075724","550.0","15","funded","2025-11-10","2025-10-31","","","no","1","Farming","no","COP","2100000.00","667"
"CO","3075726","575.0","13","funded","2025-11-05","2025-10-21","","","no","1","Farming","no","COP","2164178.00","667"
"CO","3075721","850.0","12","funded","2025-11-25","2025-11-23","","","no","1","Animal Sales","no","COP","3194740.00","667"
"CO","3075692","575.0","15","funded","2025-11-20","2025-10-23","","","no","1","Animal Sales","no","COP","2156000.00","667"
"CO","3074752","575.0","15","funded","2025-11-08","2025-10-24","","","no","1","Dairy","no","COP","2180000.00","667"
"CO","3074686","1375.0","20","funded","2025-12-08","2025-10-23","","","no","1","Animal Sales","no","COP","5295346.00","667"
"CO","3074762","450.0","15","funded","2025-11-08","2025-10-27","","","no","1","Animal Sales","no","COP","1660000.00","667"
"CO","3074770","1125.0","21","funded","2025-12-08","2025-10-27","","","no","1","Animal Sales","no","COP","4257042.00","667"
"CO","3073939","465.0","20","funded","2025-12-07","2025-10-21","","","no","1","Farming","yes","COP","5296000.00","667"
"CO","3073934","800.0","14","funded","2025-11-18","2025-10-22","","","no","1","Animal Sales","no","COP","3100000.00","667"
"CO","3073929","975.0","14","funded","2025-11-17","2025-10-20","","","no","1","Farming","no","COP","3735000.00","667"
"CO","3073926","850.0","20","funded","2025-12-02","2025-10-21","","","no","1","Farming","no","COP","3215000.00","667"
"CO","3073922","550.0","22","funded","2025-11-03","2025-10-17","","","no","1","Farming","yes","COP","2100000.00","667"
"CO","3073917","800.0","5","funded","2025-11-03","2025-10-17","","","no","1","Cattle","no","COP","3100000.00","667"
"CO","3073915","800.0","10","funded","2025-11-18","2025-10-16","","","no","1","Agriculture","no","COP","3100000.00","667"
"CO","3073914","550.0","14","funded","2025-11-19","2025-10-16","","","no","1","Agriculture","no","COP","2100000.00","667"
"CO","3073865","550.0","14","funded","2025-11-05","2025-10-16","","","no","1","Dairy","no","COP","2100000.00","667"
"CO","3073860","550.0","14","funded","2025-11-06","2025-10-15","","","no","1","Livestock","no","COP","2100000.00","667"
"CO","3073857","275.0","12","funded","2025-11-01","2025-10-14","","","no","1","Agriculture","no","COP","1060500.00","667"
"CO","3073850","1325.0","26","funded","2025-11-30","2025-10-14","","","no","1","Animal Sales","no","COP","5100000.00","667"
"CO","3073854","550.0","14","funded","2025-11-12","2025-10-14","","","no","1","Animal Sales","no","COP","2100000.00","667"
"CO","3074793","1150.0","14","funded","2025-11-17","2025-10-15","","","no","1","Dairy","no","COP","4408299.00","621"
"CO","3074792","600.0","17","funded","2025-11-12","2025-10-15","","","no","1","Agriculture","yes","COP","2250004.00","621"
"CO","3074790","925.0","26","funded","2025-11-09","2025-10-14","","","no","1","Agriculture","no","COP","3552632.00","621"
"CO","3074791","325.0","14","funded","2025-11-01","2025-10-15","","","no","1","Agriculture","yes","COP","1184212.00","621"
"CO","3074787","775.0","14","funded","2025-11-25","2025-10-14","","","no","1","Agriculture","yes","COP","2960528.00","621"
"CO","3074755","625.0","20","funded","2025-11-01","2025-10-11","","","no","1","Agriculture","yes","COP","2368424.00","621"
"CO","3074758","625.0","20","funded","2025-11-05","2025-10-11","","","no","1","Agriculture","yes","COP","2368424.00","621"
"CO","3074778","925.0","14","funded","2025-11-30","2025-10-14","","","no","1","Aquaculture","no","COP","3552635.00","621"
"CO","3074765","1425.0","26","funded","2025-11-18","2025-10-14","","","no","1","Farming","no","COP","5447375.00","621"
"CO","3074756","325.0","14","funded","2025-11-01","2025-10-11","","","no","1","Agriculture","no","COP","1243422.00","621"
"CO","3074760","1250.0","20","funded","2025-11-02","2025-10-14","","","no","1","Farming","no","COP","4736848.00","621"
"CO","3074749","1075.0","20","funded","2025-11-05","2025-10-11","","","no","1","Agriculture","yes","COP","4144741.00","621"
"CO","3074746","325.0","14","funded","2025-11-01","2025-10-10","","","no","1","Poultry","no","COP","1184212.00","621"
"CO","3074744","700.0","14","funded","2025-11-09","2025-10-10","","","no","1","Agriculture","no","COP","2668030.00","621"
"CO","3074738","700.0","20","funded","2025-11-07","2025-10-10","","","no","1","Agriculture","no","COP","2649082.00","621"
"CO","3074739","1250.0","26","funded","2025-12-01","2025-10-10","","","no","1","Agriculture","no","COP","4736848.00","621"
"CO","3072590","325.0","15","funded","2025-11-01","2025-09-30","","","no","1","Agriculture","no","COP","1184212.00","621"
"CO","3074140","475.0","14","funded","2025-11-01","2025-10-10","","","no","1","Agriculture","yes","COP","1776319.00","621"
"CO","3074135","925.0","20","funded","2025-11-25","2025-10-09","","","no","1","Agriculture","no","COP","3552637.00","621"
"CO","3074132","625.0","14","funded","2025-11-01","2025-10-09","","","no","1","Dairy","no","COP","2368425.00","621"
"CO","3074133","925.0","26","funded","2025-11-05","2025-10-09","","","no","1","Agriculture","no","COP","3552636.00","621"
"CO","3074130","775.0","14","funded","2025-11-17","2025-10-09","","","no","1","Agriculture","no","COP","2960529.00","621"
"CO","3074119","475.0","14","funded","2025-11-03","2025-10-08","","","no","1","Agriculture","no","COP","1776319.00","621"
"CO","3074120","625.0","14","funded","2025-11-04","2025-10-08","","","no","1","Agriculture","no","COP","2368425.00","621"
"CO","3074124","925.0","26","funded","2025-11-03","2025-10-08","","","no","1","Agriculture","no","COP","3552636.00","621"
"CO","3074115","625.0","26","funded","2025-11-03","2025-10-08","","","no","1","Agriculture","yes","COP","2368425.00","621"
"CO","3072369","1350.0","14","funded","2025-11-20","2025-10-16","","","no","1","Animal Sales","no","COP","5100000.00","667"
"CO","3072366","825.0","6","funded","2025-11-03","2025-10-09","","","no","1","Animal Sales","no","COP","3100000.00","667"
"CO","3073262","625.0","20","funded","2025-11-01","2025-10-08","","","no","1","Farming","yes","COP","2368424.00","621"
"CO","3073257","1225.0","22","funded","2025-11-28","2025-10-07","","","no","1","Agriculture","yes","COP","4736849.00","621"
"CO","3073256","325.0","14","funded","2025-11-01","2025-10-07","","","no","1","Farming","no","COP","1219740.00","621"
"CO","3073249","325.0","14","funded","2025-11-01","2025-10-07","","","no","1","Agriculture","no","COP","1184213.00","621"
"CO","3073242","625.0","18","funded","2025-11-02","2025-10-06","","","no","1","Agriculture","yes","COP","2368425.00","621"
"CO","3073222","525.0","14","funded","2025-11-01","2025-10-01","","","no","1","Farming","yes","COP","1957501.00","621"
"CO","3073206","325.0","15","funded","2025-10-31","2025-09-30","","","no","1","Agriculture","yes","COP","1184212.00","621"
"CO","3073203","450.0","15","funded","2025-11-04","2025-09-30","","","no","1","Agriculture","no","COP","1688688.00","621"
"CO","3073205","250.0","15","funded","2025-12-04","2025-09-30","","","no","1","Agriculture","no","COP","4593268.00","621"
"CO","3072573","1250.0","27","funded","2025-11-25","2025-09-30","","","no","1","Dairy","no","COP","4736848.00","621"
"CO","3072649","400.0","15","funded","2025-11-03","2025-09-30","","","no","1","Agriculture","no","COP","1522898.00","621"
"CO","3072603","950.0","21","funded","2025-12-03","2025-09-30","","","no","1","Agriculture","no","COP","3637317.00","621"
"CO","3072636","475.0","15","funded","2025-11-03","2025-09-30","","","no","1","Pigs","no","COP","1776319.00","621"
"CO","3072618","1550.0","15","funded","2025-11-26","2025-09-30","","","no","1","Dairy","no","COP","5921060.00","621"
"CO","3072608","500.0","15","funded","2025-11-09","2025-09-30","","","no","1","Farming","no","COP","1871056.00","621"
"CO","3072604","625.0","15","funded","2025-11-19","2025-09-30","","","no","1","Poultry","no","COP","2368424.00","621"
"CO","3072609","475.0","15","funded","2025-11-05","2025-09-30","","","no","1","Agriculture","no","COP","1776320.00","621"
"CO","3072593","625.0","15","funded","2025-11-13","2025-09-30","","","no","1","Livestock","no","COP","2368424.00","621"
"CO","3072597","325.0","15","funded","2025-10-30","2025-09-30","","","no","1","Agriculture","yes","COP","1184212.00","621"
"CO","3072589","625.0","21","funded","2025-11-01","2025-09-30","","","no","1","Agriculture","no","COP","2368424.00","621"
"CO","3072583","325.0","15","funded","2025-10-30","2025-09-30","","","no","1","Agriculture","yes","COP","1184214.00","621"
"CO","3072584","850.0","21","funded","2025-12-03","2025-09-30","","","no","1","Agriculture","no","COP","3197370.00","621"
"CO","3071819","475.0","17","funded","2025-10-29","2025-09-30","","","no","1","Agriculture","yes","COP","1776318.00","621"
"CO","3071820","1200.0","15","funded","2025-12-01","2025-09-30","","","no","1","Agriculture","no","COP","4569884.00","621"
"CO","3071816","1550.0","27","funded","2025-12-01","2025-09-30","","","no","1","Farming","yes","COP","5921062.00","621"
"CO","3071814","1250.0","27","funded","2025-11-01","2025-09-30","","","no","1","Farming","no","COP","4736847.00","621"
"CO","3071813","1250.0","27","funded","2025-11-06","2025-09-30","","","no","1","Agriculture","no","COP","4736848.00","621"
"CO","3071807","925.0","27","funded","2025-11-03","2025-09-30","","","no","1","Farming","no","COP","3552636.00","621"
"CO","3071811","350.0","15","funded","2025-10-28","2025-09-30","","","no","1","Farming","no","COP","1302634.00","621"
"CO","3071806","1250.0","27","funded","2025-11-25","2025-09-30","","","no","1","Dairy","no","COP","4736848.00","621"
"CO","3071805","325.0","15","funded","2025-10-30","2025-09-30","","","no","1","Farming","yes","COP","1184210.00","621"
"CO","3071803","325.0","15","funded","2025-10-28","2025-09-30","","","no","1","Farming","yes","COP","1184212.00","621"
"CO","3071796","925.0","27","funded","2025-11-07","2025-09-30","","","no","1","Farming","no","COP","3552638.00","621"
"CO","3071794","475.0","15","funded","2025-10-31","2025-09-30","","","no","1","Farming","yes","COP","1776319.00","621"
"CO","3071783","475.0","15","funded","2025-10-29","2025-09-30","","","no","1","Agriculture","no","COP","1800003.00","621"
"CO","3070898","625.0","21","funded","2025-10-29","2025-09-29","","","no","1","Farming","no","COP","2368426.00","621"
"CO","3070917","925.0","21","funded","2025-10-28","2025-09-29","","","no","1","Farming","yes","COP","3552635.00","621"
"CO","3070919","925.0","27","funded","2025-11-04","2025-09-29","","","no","1","Farming","yes","COP","3552636.00","621"
"CO","3070916","325.0","15","funded","2025-10-27","2025-09-29","","","no","1","Farming","no","COP","1184211.00","621"
"CO","3070912","1250.0","27","funded","2025-11-27","2025-09-29","","","no","1","Agriculture","no","COP","4736849.00","621"
"CO","3070909","325.0","15","funded","2025-10-27","2025-09-29","","","no","1","Farming","no","COP","1184213.00","621"
"CO","3070907","725.0","15","funded","2025-11-01","2025-09-29","","","no","1","Dairy","no","COP","2723688.00","621"
"CO","3070906","325.0","15","funded","2025-10-27","2025-09-29","","","no","1","Farming","yes","COP","1184210.00","621"
"CO","3070905","725.0","21","funded","2025-11-01","2025-09-29","","","no","1","Farming","no","COP","2783787.00","621"
"CO","3070901","475.0","15","funded","2025-10-26","2025-09-29","","","no","1","Farming","yes","COP","1776320.00","621"
"CO","3070903","625.0","21","funded","2025-11-02","2025-09-29","","","no","1","Farming","yes","COP","2368423.00","621"
"CO","3070902","925.0","27","funded","2025-11-23","2025-09-29","","","no","1","Livestock","no","COP","3552637.00","621"
"CO","3070900","925.0","21","funded","2025-11-01","2025-09-29","","","no","1","Agriculture","no","COP","3552637.00","621"
"CO","3070899","400.0","15","funded","2025-11-01","2025-09-29","","","no","1","Poultry","no","COP","1480263.00","621"
"CO","3070887","475.0","19","funded","2025-11-02","2025-09-29","","","no","1","Farming","no","COP","1820134.00","621"
"CO","3070759","325.0","15","funded","2025-10-27","2025-09-29","","","no","1","Poultry","no","COP","1184213.00","621"
"CO","3070756","325.0","15","funded","2025-10-26","2025-09-27","","","no","1","Farming","yes","COP","1184212.00","621"
"CO","3070755","325.0","15","funded","2025-10-26","2025-09-27","","","no","1","Agriculture","no","COP","1184212.00","621"
"CO","3070747","600.0","27","funded","2025-11-30","2025-09-26","","","no","1","Farming","no","COP","5565796.00","621"
"CO","3070750","325.0","15","funded","2025-10-28","2025-09-27","","","no","1","Agriculture","no","COP","1184210.00","621"
"CO","3070752","625.0","27","funded","2025-10-27","2025-09-27","","","no","1","Agriculture","no","COP","2368424.00","621"
"CO","3070749","925.0","21","funded","2025-11-18","2025-09-27","","","no","1","Agriculture","yes","COP","3552636.00","621"
"CO","3070746","1225.0","21","funded","2025-11-03","2025-09-26","","","no","1","Agriculture","yes","COP","4736847.00","621"
"CO","3070745","625.0","21","funded","2025-10-29","2025-09-26","","","no","1","Farming","yes","COP","2368424.00","621"
"CO","3070744","625.0","19","funded","2025-10-28","2025-09-26","","","no","1","Agriculture","yes","COP","2368423.00","621"
"CO","3070743","625.0","18","funded","2025-10-28","2025-09-26","","","no","1","Farming","no","COP","2418404.00","621"
"CO","3070742","325.0","15","funded","2025-10-27","2025-09-26","","","no","1","Farming","no","COP","1184211.00","621"
"CO","3070741","475.0","15","funded","2025-11-05","2025-09-26","","","no","1","Cattle","no","COP","1835531.00","621"
"CO","3070739","1075.0","27","funded","2025-11-18","2025-09-26","","","no","1","Farming","yes","COP","4144740.00","621"
"CO","3070737","625.0","15","funded","2025-10-29","2025-09-26","","","no","1","Dairy","no","COP","2368423.00","621"
"CO","3070736","625.0","15","funded","2025-11-03","2025-09-26","","","no","1","Farming","no","COP","2368425.00","621"
"CO","3070735","400.0","15","funded","2025-10-27","2025-09-26","","","no","1","Livestock","no","COP","1539478.00","621"
"CO","3070734","325.0","15","funded","2025-10-26","2025-09-26","","","no","1","Farming","yes","COP","1184211.00","621"
"CO","3070130","475.0","15","funded","2025-10-27","2025-09-25","","","no","1","Pigs","no","COP","1776318.00","621"
"CO","3070124","675.0","21","funded","2025-11-01","2025-09-25","","","no","1","Farming","no","COP","2605268.00","621"
"CO","3070121","1175.0","21","funded","2025-11-28","2025-09-25","","","no","1","Farming","no","COP","4544630.00","621"
"CO","3070119","925.0","27","funded","2025-11-25","2025-09-25","","","no","1","Farming","yes","COP","3552637.00","621"
"CO","3070118","775.0","27","funded","2025-11-05","2025-09-25","","","no","1","Farming","yes","COP","2960528.00","621"
"CO","3070103","875.0","21","funded","2025-11-28","2025-09-24","","","no","1","Farming","no","COP","3345011.00","621"
"CO","3070092","475.0","19","funded","2025-10-28","2025-09-24","","","no","1","Poultry","no","COP","1776318.00","621"
"CO","3070094","375.0","15","funded","2025-10-27","2025-09-24","","","no","1","Farming","no","COP","1444740.00","621"
"CO","3070095","925.0","15","funded","2025-11-28","2025-09-24","","","no","1","Farming","no","COP","3552636.00","621"
"CO","3070083","475.0","15","funded","2025-10-28","2025-09-24","","","no","1","Farming","no","COP","1776317.00","621"
"CO","3069245","475.0","15","funded","2025-10-28","2025-09-23","","","no","1","Farming","no","COP","1776319.00","621"
"CO","3069244","1075.0","27","funded","2025-11-18","2025-09-23","","","no","1","Pigs","no","COP","4144743.00","621"
"CO","3069243","1075.0","21","funded","2025-11-19","2025-09-23","","","no","1","Livestock","no","COP","4144741.00","621"
"CO","3069240","475.0","17","funded","2025-11-01","2025-09-23","","","no","1","Farming","no","COP","1776316.00","621"
"CO","3069237","650.0","21","funded","2025-10-28","2025-09-23","","","no","1","Farming","no","COP","2486844.00","621"
"CO","3069235","925.0","21","funded","2025-11-25","2025-09-23","","","no","1","Poultry","no","COP","3552637.00","621"
"CO","3065887","1175.0","26","funded","2025-11-23","2025-10-11","","","no","1","Livestock","no","COP","4600000.00","667"
"CO","3065894","825.0","20","funded","2025-11-01","2025-10-04","","","no","1","Agriculture","no","COP","3219000.00","667"
"CO","3065860","300.0","14","funded","2025-10-19","2025-10-09","","","no","1","Animal Sales","no","COP","1140583.00","667"
"CO","3065872","765.0","20","funded","2025-11-23","2025-10-10","","","no","1","Poultry","no","COP","3800000.00","667"
"CO","3065859","1275.0","20","funded","2025-11-22","2025-10-09","","","no","1","Animal Sales","no","COP","5000000.00","667"
"CO","3065858","550.0","14","funded","2025-10-19","2025-10-08","","","no","1","Livestock","no","COP","2100000.00","667"
"CO","3065326","275.0","14","funded","2025-10-19","2025-10-08","","","no","1","Cattle","no","COP","1060500.00","667"
"CO","3065320","800.0","14","funded","2025-11-12","2025-10-08","","","no","1","Farming","no","COP","3100000.00","667"
"CO","3065317","1275.0","20","funded","2025-11-20","2025-10-07","","","no","1","Animal Sales","no","COP","5000000.00","667"
"CO","3065308","1275.0","26","funded","2025-11-06","2025-10-07","","","no","1","Farming","no","COP","5000000.00","667"
"CO","3065311","425.0","14","funded","2025-10-19","2025-10-07","","","no","1","Dairy","no","COP","1630000.00","667"
"CO","3065304","825.0","20","funded","2025-10-29","2025-10-02","","","no","1","Farming","yes","COP","3218739.00","667"
"CO","3065301","550.0","7","funded","2025-10-19","2025-09-14","","","no","1","Farming","no","COP","2150000.00","667"
"CO","3061100","1350.0","14","funded","2025-11-20","2025-10-05","","","no","1","Agriculture","no","COP","5202140.00","690"
"CO","3057706","325.0","15","funded","2025-10-18","2025-08-30","","","no","1","Poultry","no","COP","1184212.00","621"
"CO","3065435","1225.0","14","funded","2025-10-15","2025-09-15","","","no","1","Farming","yes","COP","4736848.00","621"
"CO","3065427","475.0","14","funded","2025-10-17","2025-09-15","","","no","1","Agriculture","yes","COP","1776319.00","621"
"CO","3064253","325.0","14","funded","2025-10-15","2025-09-13","","","no","1","Farming","yes","COP","1184212.00","621"
"CO","3064251","400.0","14","funded","2025-10-21","2025-09-13","","","no","1","Agriculture","no","COP","1500396.00","621"
"CO","3064249","1075.0","26","funded","2025-11-05","2025-09-15","","","no","1","Farming","no","COP","4144740.00","621"
"CO","3064243","925.0","16","funded","2025-11-02","2025-09-15","","","no","1","Agriculture","no","COP","3552635.00","621"
"CO","3064207","325.0","14","funded","2025-10-14","2025-09-13","","","no","1","Farming","no","COP","1184212.00","621"
"CO","3064205","550.0","20","funded","2025-10-19","2025-09-13","","","no","1","Agriculture","yes","COP","2072372.00","621"
"CO","3064195","475.0","14","funded","2025-10-18","2025-09-13","","","no","1","Agriculture","yes","COP","1776318.00","621"
"CO","3064191","625.0","14","funded","2025-10-16","2025-09-13","","","no","1","Agriculture","no","COP","2368424.00","621"
"CO","3064186","325.0","14","funded","2025-10-15","2025-09-13","","","no","1","Farming","yes","COP","1184212.00","621"
"CO","3064177","1225.0","26","funded","2025-10-19","2025-09-12","","","no","1","Farming","yes","COP","4736850.00","621"
"CO","3063755","250.0","14","funded","2025-11-14","2025-09-12","","","no","1","Dairy","no","COP","3639083.00","621"
"CO","3063762","650.0","14","funded","2025-10-18","2025-09-12","","","no","1","Farming","yes","COP","2510528.00","621"
"CO","3063759","475.0","14","funded","2025-10-18","2025-09-12","","","no","1","Agriculture","yes","COP","1776319.00","621"
"CO","3063757","325.0","14","funded","2025-10-14","2025-09-12","","","no","1","Farming","no","COP","1184212.00","621"
"CO","3063753","325.0","14","funded","2025-10-11","2025-09-12","","","no","1","Agriculture","yes","COP","1184213.00","621"
"VN","3255390","1925.0","20","fundraising","","2026-09-11","","","no","1","Farming","no","VND","50000000.00","121"
"VN","3255389","1175.0","20","fundraising","","2026-09-08","","","no","1","Pigs","no","VND","30000000.00","121"
"VN","3255385","1925.0","20","fundraising","","2026-09-08","","","no","1","Livestock","no","VND","50000000.00","121"
"VN","3254841","1925.0","26","fundraising","","2026-09-10","","","no","1","Farming","no","VND","50000000.00","121"
"VN","3254833","1925.0","20","fundraising","","2026-09-07","","","no","1","Farming","no","VND","50000000.00","121"
"VN","3254831","1550.0","17","fundraising","","2026-09-07","","","no","1","Agriculture","no","VND","40000000.00","121"
"VN","3253482","1950.0","20","fundraising","","2026-09-29","","","no","1","Farming","no","VND","50000000.00","121"
"VN","3253490","1950.0","20","fundraising","","2026-09-28","","","no","1","Farming","no","VND","50000000.00","121"
"VN","3253493","1950.0","20","fundraising","","2026-09-25","","","no","1","Livestock","no","VND","50000000.00","121"
"VN","3253276","1950.0","22","fundraising","","2026-09-15","","","no","1","Agriculture","no","VND","50000000.00","121"
"VN","3253274","1550.0","20","fundraising","","2026-09-07","","","no","1","Agriculture","no","VND","40000000.00","121"
"VN","3253272","1950.0","20","fundraising","","2026-09-07","","","no","1","Agriculture","no","VND","50000000.00","121"
"VN","3253270","1950.0","20","fundraising","","2026-09-22","","","no","1","Agriculture","no","VND","50000000.00","121"
"VN","3253271","1175.0","22","fundraising","","2026-09-21","","","no","1","Agriculture","no","VND","30000000.00","121"
"VN","3253243","1950.0","26","fundraising","","2026-09-15","","","no","1","Cattle","no","VND","50000000.00","121"
"VN","3253247","1950.0","20","fundraising","","2026-09-22","","","no","1","Cattle","no","VND","50000000.00","121"
"VN","3253110","1950.0","26","fundraising","","2026-09-15","","","no","1","Animal Sales","no","VND","50000000.00","121"
"VN","3253019","1950.0","20","fundraising","","2026-09-24","","","no","1","Farming","no","VND","50000000.00","121"
"VN","3253081","1175.0","20","fundraising","","2026-09-15","","","no","1","Cattle","no","VND","30000000.00","121"
"VN","3253025","1950.0","26","fundraising","","2026-09-24","","","no","1","Farming","no","VND","50000000.00","121"
"VN","3253017","1950.0","17","fundraising","","2026-09-25","","","no","1","Farming","no","VND","50000000.00","121"
"VN","3253028","1950.0","20","fundraising","","2026-09-24","","","no","1","Agriculture","no","VND","50000000.00","121"
"VN","3253014","1950.0","20","fundraising","","2026-09-28","","","no","1","Agriculture","no","VND","50000000.00","121"
"VN","3252727","1950.0","20","fundraising","","2026-09-11","","","no","1","Farming","no","VND","50000000.00","121"
"VN","3252750","1950.0","20","fundraising","","2026-09-28","","","no","1","Farming","no","VND","50000000.00","121"
"VN","3252746","1550.0","17","fundraising","","2026-09-23","","","no","1","Cattle","no","VND","40000000.00","121"
"VN","3252737","1950.0","26","fundraising","","2026-09-22","","","no","1","Farming","no","VND","50000000.00","121"
"VN","3252732","1950.0","20","fundraising","","2026-09-16","","","no","1","Farming","no","VND","50000000.00","121"
"VN","3252730","1175.0","17","funded","2026-10-06","2026-09-16","","","no","1","Farming","no","VND","30000000.00","121"
"VN","3252723","1950.0","20","fundraising","","2026-09-08","","","no","1","Farming","no","VND","50000000.00","121"
"VN","3252724","1950.0","26","fundraising","","2026-09-11","","","no","1","Farming","no","VND","50000000.00","121"
"VN","3251517","1950.0","17","fundraising","","2026-09-15","","","no","1","Farm Supplies","no","VND","50000000.00","121"
"VN","3249847","1175.0","20","funded","2026-10-01","2026-09-22","","","no","1","Farming","no","VND","30000000.00","121"
"VN","3249842","1550.0","20","funded","2026-10-04","2026-09-22","","","no","1","Cattle","no","VND","40000000.00","121"
"VN","3249836","1925.0","20","fundraising","","2026-09-22","","","no","1","Farming","no","VND","50000000.00","121"
"VN","3249473","1550.0","20","fundraising","","2026-09-18","","","no","1","Farming","no","VND","40000000.00","121"
"VN","3249472","1925.0","20","fundraising","","2026-09-18","","","no","1","Farming","no","VND","50000000.00","121"
"VN","3249468","1925.0","20","fundraising","","2026-09-16","","","no","1","Farming","no","VND","50000000.00","121"
"VN","3249460","1550.0","20","funded","2026-10-02","2026-09-15","","","no","1","Farming","no","VND","40000000.00","121"
"VN","3249462","1550.0","20","funded","2026-10-06","2026-09-15","","","no","1","Farming","no","VND","40000000.00","121"
"VN","3249456","1925.0","20","fundraising","","2026-09-15","","","no","1","Farming","no","VND","50000000.00","121"
"VN","3247325","1950.0","20","fundraising","","2026-09-10","","","no","1","Farming","no","VND","50000000.00","121"
"VN","3247319","1950.0","20","fundraising","","2026-09-10","","","no","1","Farming","no","VND","50000000.00","121"
"VN","3247314","1950.0","26","funded","2026-10-02","2026-09-10","","","no","1","Pigs","no","VND","50000000.00","121"
"VN","3247290","1950.0","20","fundraising","","2026-09-08","","","no","1","Agriculture","no","VND","50000000.00","121"
"VN","3247293","1950.0","20","fundraising","","2026-09-08","","","no","1","Agriculture","no","VND","50000000.00","121"
"VN","3247297","1950.0","20","fundraising","","2026-09-08","","","no","1","Agriculture","no","VND","50000000.00","121"
"VN","3247276","1950.0","20","fundraising","","2026-09-08","","","no","1","Agriculture","no","VND","50000000.00","121"
"VN","3247273","1950.0","20","fundraising","","2026-09-08","","","no","1","Pigs","no","VND","50000000.00","121"
"VN","3247222","1950.0","26","fundraising","","2026-09-08","","","no","1","Agriculture","no","VND","50000000.00","121"
"VN","3247204","1950.0","20","fundraising","","2026-09-07","","","no","1","Farming","no","VND","50000000.00","121"
"VN","3245987","1925.0","20","fundraising","","2026-09-08","","","no","1","Farming","no","VND","50000000.00","121"
"VN","3245571","1550.0","20","funded","2026-10-01","2026-09-07","","","no","1","Agriculture","no","VND","40000000.00","121"
"VN","3245561","1925.0","20","funded","2026-10-01","2026-09-07","","","no","1","Farming","no","VND","50000000.00","121"
"VN","3224018","1925.0","20","funded","2026-09-22","2026-07-17","","","no","1","Farming","no","VND","50000000.00","121"
"VN","3224016","1925.0","20","fundraising","","2026-07-17","","","no","1","Agriculture","no","VND","50000000.00","121"
"VN","3224006","1925.0","20","funded","2026-10-02","2026-07-17","","","no","1","Farming","no","VND","50000000.00","121"
"VN","3223563","1925.0","26","funded","2026-09-25","2026-07-16","","","no","1","Agriculture","no","VND","50000000.00","121"
"VN","3223555","1925.0","20","funded","2026-09-28","2026-07-16","","","no","1","Farming","no","VND","50000000.00","121"
"VN","3223549","1925.0","20","funded","2026-10-01","2026-07-16","","","no","1","Cattle","no","VND","50000000.00","121"
"VN","3223210","1925.0","20","funded","2026-09-22","2026-07-15","","","no","1","Farming","no","VND","50000000.00","121"
"VN","3223540","1925.0","20","funded","2026-09-25","2026-07-16","","","no","1","Cattle","no","VND","50000000.00","121"
"VN","3223212","1925.0","20","funded","2026-09-30","2026-07-15","","","no","1","Agriculture","no","VND","50000000.00","121"
"VN","3223548","1150.0","20","funded","2026-09-03","2026-07-16","","","no","1","Farming","no","VND","30000000.00","121"
"VN","3223207","1925.0","20","funded","2026-09-26","2026-07-15","","","no","1","Farming","no","VND","50000000.00","121"
"VN","3223542","1150.0","20","funded","2026-09-01","2026-07-16","","","no","1","Cattle","no","VND","30000000.00","121"
"VN","3223187","1925.0","20","funded","2026-09-09","2026-07-14","","","no","1","Farming","no","VND","50000000.00","121"
"VN","3223191","1925.0","20","funded","2026-09-26","2026-07-14","","","no","1","Farming","no","VND","50000000.00","121"
"VN","3223177","1925.0","20","funded","2026-09-09","2026-07-13","","","no","1","Livestock","no","VND","50000000.00","121"
"VN","3223170","1925.0","20","funded","2026-09-10","2026-07-10","","","no","1","Farming","no","VND","50000000.00","121"
"VN","3222695","1525.0","20","funded","2026-09-24","2026-07-09","","","no","1","Agriculture","no","VND","40000000.00","121"
"VN","3222697","1925.0","20","funded","2026-09-26","2026-07-09","","","no","1","Agriculture","no","VND","50000000.00","121"
"VN","3222675","1925.0","20","funded","2026-09-12","2026-07-09","","","no","1","Livestock","no","VND","50000000.00","121"
"VN","3222642","1925.0","26","funded","2026-09-22","2026-07-08","","","no","1","Farming","no","VND","50000000.00","121"
"VN","3222632","1925.0","20","funded","2026-09-26","2026-07-08","","","no","1","Cattle","no","VND","50000000.00","121"
"VN","3223199","1150.0","20","funded","2026-09-03","2026-07-15","","","no","1","Cattle","no","VND","30000000.00","121"
"VN","3222630","1925.0","20","funded","2026-09-26","2026-07-08","","","no","1","Agriculture","no","VND","50000000.00","121"
"VN","3222626","1525.0","17","funded","2026-09-07","2026-07-08","","","no","1","Farming","no","VND","40000000.00","121"
"VN","3222624","1925.0","20","funded","2026-09-22","2026-07-08","","","no","1","Cattle","no","VND","50000000.00","121"
"VN","3222616","1925.0","20","funded","2026-09-26","2026-07-07","","","no","1","Farming","no","VND","50000000.00","121"
"VN","3222618","1525.0","20","funded","2026-09-10","2026-07-08","","","no","1","Farming","no","VND","40000000.00","121"
"VN","3217781","1900.0","20","funded","2026-09-23","2026-07-15","","","no","1","Farming","no","VND","50000000.00","121"
"VN","3217776","1900.0","20","funded","2026-09-26","2026-07-14","","","no","1","Farming","no","VND","50000000.00","121"
"VN","3217780","1150.0","20","funded","2026-09-01","2026-07-14","","","no","1","Farming","no","VND","30000000.00","121"
"VN","3217772","1900.0","26","funded","2026-09-02","2026-07-13","","","no","1","Farming","no","VND","50000000.00","121"
"VN","3217764","1900.0","20","funded","2026-09-14","2026-07-09","","","no","1","Farming","no","VND","50000000.00","121"
"VN","3217767","1900.0","26","funded","2026-09-26","2026-07-09","","","no","1","Pigs","no","VND","50000000.00","121"
"VN","3217762","1900.0","20","funded","2026-09-25","2026-07-08","","","no","1","Farming","no","VND","50000000.00","121"
"VN","3217770","1150.0","20","funded","2026-09-01","2026-07-10","","","no","1","Cattle","no","VND","30000000.00","121"
"VN","3217760","1900.0","20","funded","2026-09-15","2026-07-08","","","no","1","Agriculture","no","VND","50000000.00","121"
"VN","3217756","1900.0","20","funded","2026-09-09","2026-07-08","","","no","1","Farming","no","VND","50000000.00","121"
"VN","3217754","1525.0","20","funded","2026-09-04","2026-07-07","","","no","1","Farming","no","VND","40000000.00","121"
"VN","3217752","1900.0","20","funded","2026-09-23","2026-07-07","","","no","1","Farming","no","VND","50000000.00","121"
"VN","3217741","1900.0","17","funded","2026-09-18","2026-07-06","","","no","1","Farming","no","VND","50000000.00","121"
"VN","3217751","1900.0","20","funded","2026-09-23","2026-07-07","","","no","1","Farming","no","VND","50000000.00","121"
"VN","3217177","1900.0","22","funded","2026-09-04","2026-07-08","","","no","1","Agriculture","no","VND","50000000.00","121"
"VN","3217176","1900.0","26","funded","2026-09-22","2026-07-08","","","no","1","Cattle","no","VND","50000000.00","121"
"VN","3217175","1900.0","17","funded","2026-09-10","2026-07-08","","","no","1","Agriculture","no","VND","50000000.00","121"
"VN","3217173","1900.0","20","funded","2026-08-31","2026-07-09","","","no","1","Agriculture","no","VND","50000000.00","121"
"VN","3217171","1900.0","26","funded","2026-09-21","2026-07-09","","","no","1","Farming","no","VND","50000000.00","121"
"VN","3217168","1900.0","20","funded","2026-09-22","2026-07-09","","","no","1","Farming","no","VND","50000000.00","121"
"VN","3217169","1150.0","20","funded","2026-08-20","2026-07-09","","","no","1","Farming","no","VND","30000000.00","121"
"VN","3216720","1525.0","22","funded","2026-09-03","2026-07-08","","","no","1","Cattle","no","VND","40000000.00","121"
"VN","3216659","1900.0","17","funded","2026-09-19","2026-07-06","","","no","1","Agriculture","no","VND","50000000.00","121"
"VN","3212293","1925.0","20","funded","2026-09-09","2026-07-17","","","no","1","Cattle","no","VND","50000000.00","121"
"VN","3212289","1925.0","20","funded","2026-09-21","2026-07-16","","","no","1","Farming","no","VND","50000000.00","121"
"VN","3212287","1925.0","20","funded","2026-09-22","2026-07-15","","","no","1","Farming","no","VND","50000000.00","121"
"VN","3212288","1925.0","20","funded","2026-09-22","2026-07-15","","","no","1","Farming","no","VND","50000000.00","121"
"VN","3212285","1925.0","20","funded","2026-09-22","2026-07-15","","","no","1","Farming","no","VND","50000000.00","121"
"VN","3212286","1925.0","20","funded","2026-09-22","2026-07-15","","","no","1","Farming","no","VND","50000000.00","121"
"VN","3212281","1925.0","26","funded","2026-09-22","2026-07-17","","","no","1","Cattle","no","VND","50000000.00","121"
"VN","3212239","1925.0","17","funded","2026-09-22","2026-07-13","","","no","1","Cattle","no","VND","50000000.00","121"
"VN","3223216","975.0","26","funded","2026-08-22","2026-07-16","","","no","1","Cattle","no","VND","25000000.00","121"
"VN","3212233","1925.0","17","funded","2026-09-22","2026-07-10","","","no","1","Cattle","no","VND","50000000.00","121"
"VN","3212232","1925.0","20","funded","2026-09-22","2026-07-10","","","no","1","Agriculture","no","VND","50000000.00","121"
"VN","3211780","1925.0","26","funded","2026-09-22","2026-06-23","","","no","1","Farming","no","VND","50000000.00","121"
"VN","3211783","1925.0","17","funded","2026-09-22","2026-07-03","","","no","1","Farming","no","VND","50000000.00","121"
"VN","3211411","1925.0","20","funded","2026-09-22","2026-07-09","","","no","1","Farming","no","VND","50000000.00","121"
"VN","3211409","1925.0","20","funded","2026-09-22","2026-07-09","","","no","1","Farming","no","VND","50000000.00","121"
"VN","3211407","1350.0","17","funded","2026-09-02","2026-07-09","","","no","1","Agriculture","no","VND","35000000.00","121"
"VN","3210977","1150.0","17","funded","2026-08-24","2026-07-08","","","no","1","Agriculture","no","VND","30000000.00","121"
"VN","3210969","1925.0","20","funded","2026-09-22","2026-07-07","","","no","1","Pigs","no","VND","50000000.00","121"
"VN","3210965","1925.0","20","funded","2026-09-22","2026-06-30","","","no","1","Farming","no","VND","50000000.00","121"
"VN","3210967","1150.0","20","funded","2026-08-25","2026-06-30","","","no","1","Farming","no","VND","30000000.00","121"
"VN","3209404","1925.0","22","funded","2026-09-22","2026-06-24","","","no","1","Farming","no","VND","50000000.00","121"
"VN","3210948","1925.0","26","funded","2026-09-22","2026-06-26","","","no","1","Agriculture","no","VND","50000000.00","121"
"VN","3209077","1925.0","20","funded","2026-09-22","2026-06-26","","","no","1","Farm Supplies","no","VND","50000000.00","121"
"VN","3209073","1925.0","26","funded","2026-09-22","2026-06-26","","","no","1","Farming","no","VND","50000000.00","121"
"VN","3209075","1925.0","20","funded","2026-09-17","2026-06-26","","","no","1","Farming","no","VND","50000000.00","121"
"VN","3209072","1525.0","17","funded","2026-09-03","2026-06-26","","","no","1","Farming","no","VND","40000000.00","121"
"VN","3209070","1925.0","26","funded","2026-09-22","2026-06-26","","","no","1","Cattle","no","VND","50000000.00","121"
"VN","3209071","1925.0","20","funded","2026-09-21","2026-06-26","","","no","1","Agriculture","no","VND","50000000.00","121"
"VN","3209068","1925.0","20","funded","2026-09-22","2026-06-26","","","no","1","Farming","no","VND","50000000.00","121"
"VN","3209069","1925.0","20","funded","2026-09-22","2026-06-26","","","no","1","Farming","no","VND","50000000.00","121"
"VN","3209074","1150.0","17","funded","2026-08-23","2026-06-26","","","no","1","Farming","no","VND","30000000.00","121"
"VN","3209065","1925.0","20","funded","2026-09-22","2026-06-26","","","no","1","Farming","no","VND","50000000.00","121"
"VN","3209067","1925.0","20","funded","2026-09-22","2026-06-26","","","no","1","Farming","no","VND","50000000.00","121"
"VN","3209064","1925.0","20","funded","2026-09-22","2026-06-25","","","no","1","Cattle","no","VND","50000000.00","121"
"VN","3209060","1925.0","20","funded","2026-09-22","2026-06-25","","","no","1","Farming","no","VND","50000000.00","121"
"VN","3209059","1925.0","20","funded","2026-09-22","2026-06-25","","","no","1","Cattle","no","VND","50000000.00","121"
"VN","3209056","1925.0","20","funded","2026-09-22","2026-06-24","","","no","1","Farming","no","VND","50000000.00","121"
"VN","3209054","1925.0","26","funded","2026-09-22","2026-06-24","","","no","1","Flowers","no","VND","50000000.00","121"
"VN","3209048","1925.0","22","funded","2026-09-22","2026-06-23","","","no","1","Agriculture","no","VND","50000000.00","121"
"VN","3209041","1925.0","26","funded","2026-09-07","2026-06-23","","","no","1","Farming","no","VND","50000000.00","121"
"VN","3209032","1525.0","22","funded","2026-09-19","2026-06-22","","","no","1","Cattle","no","VND","40000000.00","121"
"VN","3209040","1925.0","26","funded","2026-09-22","2026-06-23","","","no","1","Cattle","no","VND","50000000.00","121"
"VN","3209025","1525.0","22","funded","2026-09-09","2026-06-22","","","no","1","Farming","no","VND","40000000.00","121"
"VN","3209016","1925.0","20","funded","2026-09-17","2026-06-22","","","no","1","Cattle","no","VND","50000000.00","121"
"VN","3209009","1925.0","17","funded","2026-09-22","2026-06-22","","","no","1","Farming","no","VND","50000000.00","121"
"VN","3209008","1925.0","20","funded","2026-09-22","2026-06-22","","","no","1","Pigs","no","VND","50000000.00","121"
"VN","3209005","1925.0","20","funded","2026-09-05","2026-06-22","","","no","1","Cattle","no","VND","50000000.00","121"
"VN","3209002","1925.0","20","funded","2026-09-22","2026-06-16","","","no","1","Farming","no","VND","50000000.00","121"
"VN","3207574","1925.0","17","funded","2026-09-12","2026-06-19","","","no","1","Farming","no","VND","50000000.00","121"
"VN","3207577","1925.0","20","funded","2026-09-22","2026-06-19","","","no","1","Agriculture","no","VND","50000000.00","121"
"VN","3207013","1925.0","26","funded","2026-09-20","2026-06-19","","","no","1","Farming","no","VND","50000000.00","121"
"VN","3207570","1925.0","26","funded","2026-09-19","2026-06-19","","","no","1","Agriculture","no","VND","50000000.00","121"
"VN","3207010","1925.0","26","funded","2026-09-22","2026-06-19","","","no","1","Farming","no","VND","50000000.00","121"
"VN","3207008","1925.0","20","funded","2026-09-21","2026-06-19","","","no","1","Farming","no","VND","50000000.00","121"
"VN","3207009","1150.0","20","funded","2026-08-26","2026-06-19","","","no","1","Farming","no","VND","30000000.00","121"
"VN","3222636","775.0","26","funded","2026-08-21","2026-07-08","","","no","1","Agriculture","no","VND","20000000.00","121"
"VN","3206997","1925.0","20","funded","2026-09-13","2026-06-19","","","no","1","Farming","no","VND","50000000.00","121"
"VN","3207003","1925.0","20","funded","2026-09-20","2026-06-19","","","no","1","Cattle","no","VND","50000000.00","121"
"VN","3207002","1925.0","20","funded","2026-09-19","2026-06-19","","","no","1","Agriculture","no","VND","50000000.00","121"
"VN","3206996","1150.0","17","funded","2026-08-28","2026-06-19","","","no","1","Farming","no","VND","30000000.00","121"
"VN","3206992","1925.0","20","funded","2026-08-26","2026-06-16","","","no","1","Agriculture","no","VND","50000000.00","121"
"VN","3206988","1925.0","20","funded","2026-09-09","2026-06-16","","","no","1","Agriculture","no","VND","50000000.00","121"
"VN","3217783","950.0","17","funded","2026-08-21","2026-07-15","","","no","1","Farming","no","VND","25000000.00","121"
"VN","3209037","975.0","17","funded","2026-08-01","2026-06-22","","","no","1","Farming","no","VND","25000000.00","121"
"VN","3206984","470.0","17","funded","2026-08-28","2026-06-16","","","no","1","Cattle","no","VND","50000000.00","121"
"VN","3206983","1150.0","20","funded","2026-08-03","2026-06-15","","","no","1","Farming","no","VND","30000000.00","121"
"VN","3206974","455.0","20","funded","2026-08-28","2026-06-10","","","no","1","Farming","no","VND","50000000.00","121"
"VN","3206537","150.0","26","funded","2026-08-27","2026-06-19","","","no","1","Cattle","no","VND","50000000.00","121"
"VN","3206540","1115.0","17","funded","2026-08-27","2026-06-19","","","no","1","Agriculture","no","VND","50000000.00","121"
"VN","3206533","600.0","20","funded","2026-08-27","2026-06-18","","","no","1","Farming","no","VND","50000000.00","121"
"VN","3206523","975.0","20","funded","2026-07-31","2026-06-18","","","no","1","Farming","no","VND","25000000.00","121"
"VN","3206526","1150.0","20","funded","2026-08-04","2026-06-18","","","no","1","Farming","no","VND","30000000.00","121"
"VN","3206125","565.0","20","funded","2026-08-27","2026-06-18","","","no","1","Farming","no","VND","50000000.00","121"
"VN","3206131","1525.0","20","funded","2026-08-04","2026-06-18","","","no","1","Farming","no","VND","40000000.00","121"
"VN","3206121","845.0","20","funded","2026-08-27","2026-06-17","","","no","1","Cattle","no","VND","50000000.00","121"
"VN","3206112","1525.0","20","funded","2026-08-14","2026-06-17","","","no","1","Farming","no","VND","40000000.00","121"
"VN","3206101","1925.0","20","funded","2026-08-27","2026-06-17","","","no","1","Farming","no","VND","50000000.00","121"
"VN","3206110","1925.0","20","funded","2026-08-25","2026-06-17","","","no","1","Farming","no","VND","50000000.00","121"
"VN","3206095","840.0","26","funded","2026-08-27","2026-06-17","","","no","1","Farming","no","VND","50000000.00","121"
"VN","3206070","890.0","26","funded","2026-08-27","2026-06-17","","","no","1","Agriculture","no","VND","50000000.00","121"
"VN","3206062","1355.0","20","funded","2026-08-27","2026-06-16","","","no","1","Farming","no","VND","50000000.00","121"
"VN","3206057","1925.0","20","funded","2026-08-27","2026-06-16","","","no","1","Cattle","no","VND","50000000.00","121"
"VN","3206054","1925.0","20","funded","2026-08-27","2026-06-16","","","no","1","Cattle","no","VND","50000000.00","121"
"VN","3205058","1525.0","22","funded","2026-08-12","2026-06-16","","","no","1","Animal Sales","no","VND","40000000.00","121"
"VN","3205055","1925.0","22","funded","2026-08-27","2026-06-12","","","no","1","Farming","no","VND","50000000.00","121"
"VN","3205057","1150.0","20","funded","2026-08-01","2026-06-15","","","no","1","Farming","no","VND","30000000.00","121"
"VN","3205054","1925.0","26","funded","2026-08-27","2026-06-12","","","no","1","Farming","no","VND","50000000.00","121"
"VN","3205039","1925.0","20","funded","2026-08-27","2026-06-11","","","no","1","Farming","no","VND","50000000.00","121"
"VN","3205033","1925.0","20","funded","2026-08-27","2026-06-11","","","no","1","Farming","no","VND","50000000.00","121"
"VN","3205036","1925.0","20","funded","2026-08-27","2026-06-11","","","no","1","Farming","no","VND","50000000.00","121"
"VN","3205030","1925.0","20","funded","2026-08-27","2026-06-10","","","no","1","Farming","no","VND","50000000.00","121"
"VN","3205025","1925.0","20","funded","2026-08-27","2026-06-10","","","no","1","Agriculture","no","VND","50000000.00","121"
"VN","3205006","1925.0","26","funded","2026-08-27","2026-06-10","","","no","1","Cattle","no","VND","50000000.00","121"
"VN","3205009","1925.0","20","funded","2026-08-27","2026-06-10","","","no","1","Agriculture","no","VND","50000000.00","121"
"VN","3205000","1925.0","26","funded","2026-08-27","2026-06-10","","","no","1","Agriculture","no","VND","50000000.00","121"
"VN","3205056","1150.0","20","funded","2026-08-11","2026-06-15","","","no","1","Agriculture","no","VND","30000000.00","121"
"VN","3204978","1925.0","20","funded","2026-08-27","2026-06-10","","","no","1","Farming","no","VND","50000000.00","121"
"VN","3204971","1925.0","20","funded","2026-08-27","2026-06-10","","","no","1","Agriculture","no","VND","50000000.00","121"
"VN","3204995","1925.0","22","funded","2026-08-04","2026-06-10","","","no","1","Agriculture","no","VND","50000000.00","121"
"VN","3204930","1725.0","20","funded","2026-08-27","2026-06-09","","","no","1","Farming","no","VND","45000000.00","121"
"VN","3204939","1925.0","20","funded","2026-08-27","2026-06-10","","","no","1","Cattle","no","VND","50000000.00","121"
"VN","3204894","1925.0","26","funded","2026-08-27","2026-06-09","","","no","1","Farming","no","VND","50000000.00","121"
"VN","3204888","1925.0","20","funded","2026-08-27","2026-06-09","","","no","1","Farming","no","VND","50000000.00","121"
"VN","3204889","1925.0","20","funded","2026-08-27","2026-06-09","","","no","1","Farming","no","VND","50000000.00","121"
"VN","3203436","1925.0","20","funded","2026-08-27","2026-06-16","","","no","1","Cattle","no","VND","50000000.00","121"
"VN","3203439","1925.0","26","funded","2026-08-27","2026-06-17","","","no","1","Cattle","no","VND","50000000.00","121"
"VN","3203438","1925.0","17","funded","2026-08-27","2026-06-16","","","no","1","Animal Sales","no","VND","50000000.00","121"
"VN","3203431","1925.0","20","funded","2026-08-27","2026-06-09","","","no","1","Farming","no","VND","50000000.00","121"
"VN","3205053","1150.0","20","funded","2026-07-29","2026-06-12","","","no","1","Farming","no","VND","30000000.00","121"
"VN","3204872","1150.0","26","funded","2026-07-28","2026-06-08","","","no","1","Agriculture","no","VND","30000000.00","121"
"VN","3203424","1925.0","20","funded","2026-08-14","2026-06-22","","","no","1","Aquaculture","no","VND","50000000.00","121"
"VN","3203421","1925.0","26","funded","2026-08-22","2026-06-12","","","no","1","Cattle","no","VND","50000000.00","121"
"VN","3200813","1925.0","20","funded","2026-08-22","2026-06-25","","","no","1","Farming","no","VND","50000000.00","121"
"VN","3203419","1925.0","20","funded","2026-08-22","2026-06-12","","","no","1","Agriculture","no","VND","50000000.00","121"
"VN","3200805","1925.0","20","funded","2026-08-22","2026-06-10","","","no","1","Farming","no","VND","50000000.00","121"
"VN","3200810","1925.0","20","funded","2026-08-22","2026-06-03","","","no","1","Cattle","no","VND","50000000.00","121"
"VN","3200797","1925.0","20","funded","2026-08-22","2026-06-05","","","no","1","Farming","no","VND","50000000.00","121"
"VN","3200800","1925.0","20","funded","2026-08-22","2026-06-09","","","no","1","Farming","no","VND","50000000.00","121"
"VN","3200783","1925.0","20","funded","2026-08-22","2026-06-22","","","no","1","Farming","no","VND","50000000.00","121"
"VN","3200789","1925.0","17","funded","2026-08-22","2026-06-25","","","no","1","Cattle","no","VND","50000000.00","121"
"VN","3200738","1925.0","20","funded","2026-08-22","2026-06-18","","","no","1","Cattle","no","VND","50000000.00","121"
"VN","3200734","1925.0","20","funded","2026-08-22","2026-06-17","","","no","1","Agriculture","no","VND","50000000.00","121"
"VN","3200731","1925.0","20","funded","2026-08-22","2026-06-17","","","no","1","Farming","no","VND","50000000.00","121"
"VN","3200724","1925.0","20","funded","2026-08-22","2026-06-25","","","no","1","Agriculture","no","VND","50000000.00","121"
"VN","3199152","1900.0","26","funded","2026-08-22","2026-06-15","","","no","1","Cattle","no","VND","50000000.00","121"
"VN","3199156","1900.0","20","funded","2026-08-22","2026-06-05","","","no","1","Cattle","no","VND","50000000.00","121"
"VN","3199150","1900.0","20","funded","2026-08-22","2026-06-15","","","no","1","Cattle","no","VND","50000000.00","121"
"VN","3199043","1900.0","20","funded","2026-08-22","2026-06-24","","","no","1","Agriculture","no","VND","50000000.00","121"
"VN","3198386","1900.0","20","funded","2026-08-22","2026-06-23","","","no","1","Agriculture","no","VND","50000000.00","121"
"VN","3199037","1525.0","20","funded","2026-07-28","2026-06-23","","","no","1","Agriculture","no","VND","40000000.00","121"
"VN","3199040","1900.0","20","funded","2026-08-22","2026-06-23","","","no","1","Agriculture","no","VND","50000000.00","121"
"VN","3198377","1900.0","26","funded","2026-08-22","2026-06-19","","","no","1","Farming","no","VND","50000000.00","121"
"VN","3198363","1900.0","20","funded","2026-08-22","2026-06-23","","","no","1","Agriculture","no","VND","50000000.00","121"
"VN","3198359","1350.0","17","funded","2026-07-25","2026-06-23","","","no","1","Farming","no","VND","35000000.00","121"
"VN","3204973","975.0","17","funded","2026-07-22","2026-06-10","","","no","1","Agriculture","no","VND","25000000.00","121"
"VN","3197785","1900.0","20","funded","2026-08-22","2026-06-23","","","no","1","Cattle","no","VND","50000000.00","121"
"VN","3197789","1900.0","20","funded","2026-08-22","2026-06-15","","","no","1","Cattle","no","VND","50000000.00","121"
"VN","3197776","1900.0","17","funded","2026-08-22","2026-06-17","","","no","1","Cattle","no","VND","50000000.00","121"
"VN","3197777","1900.0","20","funded","2026-08-22","2026-06-15","","","no","1","Cattle","no","VND","50000000.00","121"
"VN","3197001","1525.0","20","funded","2026-08-22","2026-06-22","","","no","1","Agriculture","no","VND","40000000.00","121"
"VN","3196548","1925.0","26","funded","2026-08-22","2026-06-19","","","no","1","Cattle","no","VND","50000000.00","121"
"VN","3197000","1900.0","17","funded","2026-08-22","2026-06-19","","","no","1","Cattle","no","VND","50000000.00","121"
"VN","3196544","1925.0","20","funded","2026-08-22","2026-06-19","","","no","1","Agriculture","no","VND","50000000.00","121"
"VN","3196546","1525.0","22","funded","2026-08-13","2026-06-19","","","no","1","Agriculture","no","VND","40000000.00","121"
"VN","3195877","1925.0","20","funded","2026-08-22","2026-06-19","","","no","1","Agriculture","no","VND","50000000.00","121"
"VN","3196542","1150.0","22","funded","2026-07-28","2026-06-19","","","no","1","Agriculture","no","VND","30000000.00","121"
"VN","3195873","1925.0","17","funded","2026-08-22","2026-06-18","","","no","1","Agriculture","no","VND","50000000.00","121"
"VN","3195874","1925.0","17","funded","2026-08-22","2026-06-18","","","no","1","Agriculture","no","VND","50000000.00","121"
"VN","3195866","1925.0","20","funded","2026-08-22","2026-06-16","","","no","1","Cattle","no","VND","50000000.00","121"
"VN","3195870","1925.0","17","funded","2026-08-22","2026-06-17","","","no","1","Cattle","no","VND","50000000.00","121"
"VN","3195850","1925.0","20","funded","2026-08-22","2026-06-15","","","no","1","Agriculture","no","VND","50000000.00","121"
"VN","3195855","1925.0","20","funded","2026-08-19","2026-06-15","","","no","1","Agriculture","no","VND","50000000.00","121"
"VN","3195848","1925.0","17","funded","2026-08-22","2026-06-15","","","no","1","Agriculture","no","VND","50000000.00","121"
"VN","3195838","1925.0","20","funded","2026-08-22","2026-06-12","","","no","1","Farming","no","VND","50000000.00","121"
"VN","3195829","1925.0","20","funded","2026-08-22","2026-06-10","","","no","1","Agriculture","no","VND","50000000.00","121"
"VN","3195822","1925.0","20","funded","2026-08-22","2026-06-10","","","no","1","Cattle","no","VND","50000000.00","121"
"VN","3195826","1925.0","20","funded","2026-08-22","2026-06-10","","","no","1","Agriculture","no","VND","50000000.00","121"
"VN","3195840","1525.0","26","funded","2026-08-12","2026-06-12","","","no","1","Agriculture","no","VND","40000000.00","121"
"VN","3194865","1925.0","20","funded","2026-08-22","2026-06-11","","","no","1","Farming","no","VND","50000000.00","121"
"VN","3195795","1925.0","20","funded","2026-08-22","2026-06-04","","","no","1","Farming","no","VND","50000000.00","121"
"VN","3194862","1925.0","20","funded","2026-08-22","2026-06-10","","","no","1","Agriculture","no","VND","50000000.00","121"
"VN","3194853","1925.0","22","funded","2026-08-22","2026-05-27","","","no","1","Farming","no","VND","50000000.00","121"
"VN","3194855","1150.0","20","funded","2026-08-01","2026-05-28","","","no","1","Cattle","no","VND","30000000.00","121"
"VN","3194851","1925.0","20","funded","2026-08-22","2026-05-27","","","no","1","Agriculture","no","VND","50000000.00","121"
"VN","3193472","1900.0","20","funded","2026-08-22","2026-06-12","","","no","1","Agriculture","no","VND","50000000.00","121"
"VN","3193473","1900.0","20","funded","2026-08-15","2026-06-12","","","no","1","Agriculture","no","VND","50000000.00","121"
"VN","3193461","1900.0","17","funded","2026-08-22","2026-06-12","","","no","1","Cattle","no","VND","50000000.00","121"
"VN","3193459","1900.0","20","funded","2026-08-22","2026-06-10","","","no","1","Cattle","no","VND","50000000.00","121"
"VN","3193456","1900.0","20","funded","2026-08-22","2026-06-10","","","no","1","Cattle","no","VND","50000000.00","121"
"VN","3193447","1900.0","20","funded","2026-08-05","2026-06-08","","","no","1","Agriculture","no","VND","50000000.00","121"
"VN","3193430","1900.0","26","funded","2026-08-22","2026-06-08","","","no","1","Agriculture","no","VND","50000000.00","121"
"VN","3193412","1900.0","20","funded","2026-08-22","2026-06-08","","","no","1","Agriculture","no","VND","50000000.00","121"
"VN","3193400","1900.0","20","funded","2026-08-22","2026-06-05","","","no","1","Agriculture","no","VND","50000000.00","121"
"VN","3193404","1525.0","20","funded","2026-07-28","2026-06-05","","","no","1","Agriculture","no","VND","40000000.00","121"
"VN","3192444","1525.0","17","funded","2026-08-22","2026-06-11","","","no","1","Cattle","no","VND","40000000.00","121"
"VN","3192457","1925.0","20","funded","2026-08-22","2026-06-11","","","no","1","Agriculture","no","VND","50000000.00","121"
"VN","3192436","1925.0","20","funded","2026-08-22","2026-06-11","","","no","1","Cattle","no","VND","50000000.00","121"
"VN","3192439","1925.0","20","funded","2026-08-22","2026-06-11","","","no","1","Cattle","no","VND","50000000.00","121"
"VN","3192427","1925.0","20","funded","2026-08-22","2026-06-10","","","no","1","Agriculture","no","VND","50000000.00","121"
"VN","3192406","1925.0","20","funded","2026-08-03","2026-06-09","","","no","1","Farming","no","VND","50000000.00","121"
"VN","3192403","1925.0","20","funded","2026-08-22","2026-06-09","","","no","1","Farm Supplies","no","VND","50000000.00","121"
"VN","3192384","1925.0","20","funded","2026-08-22","2026-06-09","","","no","1","Cattle","no","VND","50000000.00","121"
"VN","3192396","1925.0","20","funded","2026-08-22","2026-06-09","","","no","1","Pigs","no","VND","50000000.00","121"
"VN","3192379","1925.0","26","funded","2026-07-30","2026-06-09","","","no","1","Agriculture","no","VND","50000000.00","121"
"VN","3192194","1925.0","20","funded","2026-08-22","2026-06-09","","","no","1","Farming","no","VND","50000000.00","121"
"VN","3192186","1925.0","17","funded","2026-08-22","2026-06-09","","","no","1","Cattle","no","VND","50000000.00","121"
"VN","3190790","1900.0","20","funded","2026-08-22","2026-05-14","","","no","1","Farming","no","VND","50000000.00","121"
"VN","3192173","1925.0","26","funded","2026-08-22","2026-05-22","","","no","1","Agriculture","no","VND","50000000.00","121"
"VN","3190782","1900.0","20","funded","2026-08-22","2026-06-10","","","no","1","Agriculture","no","VND","50000000.00","121"
"VN","3190786","1900.0","26","funded","2026-08-19","2026-05-27","","","no","1","Agriculture","no","VND","50000000.00","121"
"VN","3190781","1900.0","20","funded","2026-08-22","2026-06-10","","","no","1","Agriculture","no","VND","50000000.00","121"
"VN","3190220","1900.0","20","funded","2026-08-22","2026-06-08","","","no","1","Agriculture","no","VND","50000000.00","121"
"VN","3190222","1900.0","20","funded","2026-08-18","2026-06-08","","","no","1","Agriculture","no","VND","50000000.00","121"
"VN","3193464","1150.0","17","funded","2026-08-01","2026-06-12","","","no","1","Cattle","no","VND","30000000.00","121"
"VN","3190219","1900.0","20","funded","2026-08-22","2026-06-08","","","no","1","Agriculture","no","VND","50000000.00","121"
"VN","3190216","1900.0","20","funded","2026-08-22","2026-06-08","","","no","1","Agriculture","no","VND","50000000.00","121"
"VN","3189316","1525.0","20","funded","2026-08-17","2026-06-08","","","no","1","Farming","no","VND","40000000.00","121"
"VN","3189321","1900.0","26","funded","2026-08-22","2026-06-09","","","no","1","Farming","no","VND","50000000.00","121"
"VN","3189187","1900.0","20","funded","2026-08-22","2026-06-08","","","no","1","Farming","no","VND","50000000.00","121"
"VN","3188377","1900.0","17","funded","2026-08-17","2026-05-15","","","no","1","Agriculture","no","VND","50000000.00","121"
"VN","3197795","775.0","17","funded","2026-07-21","2026-06-15","","","no","1","Cattle","no","VND","20000000.00","121"
"VN","3188363","1900.0","20","funded","2026-08-22","2026-05-21","","","no","1","Poultry","no","VND","50000000.00","121"
"VN","3188366","1900.0","20","funded","2026-08-22","2026-05-18","","","no","1","Animal Sales","no","VND","50000000.00","121"
"VN","3188360","1900.0","20","funded","2026-08-22","2026-05-22","","","no","1","Poultry","no","VND","50000000.00","121"
"VN","3188353","1525.0","17","funded","2026-08-02","2026-05-22","","","no","1","Aquaculture","no","VND","40000000.00","121"
"VN","3188342","1900.0","20","funded","2026-08-22","2026-05-24","","","no","1","Farming","no","VND","50000000.00","121"
"VN","3188340","1900.0","20","funded","2026-08-22","2026-05-26","","","no","1","Cattle","no","VND","50000000.00","121"
"VN","3187209","1150.0","20","funded","2026-07-02","2026-05-23","","","no","1","Farming","no","VND","30000000.00","121"
"VN","3184439","655.0","20","funded","2026-07-24","2026-05-18","","","no","1","Agriculture","no","VND","50000000.00","121"
"VN","3192176","775.0","26","funded","2026-06-22","2026-05-22","","","no","1","Agriculture","no","VND","20000000.00","121"
"VN","3184431","50.0","26","funded","2026-07-23","2026-05-12","","","no","1","Cattle","no","VND","50000000.00","121"
"VN","3184427","1925.0","20","funded","2026-07-21","2026-05-12","","","no","1","Farming","no","VND","50000000.00","121"
"VN","3184419","305.0","20","funded","2026-07-23","2026-05-12","","","no","1","Farming","no","VND","50000000.00","121"
"VN","3184420","50.0","26","funded","2026-07-23","2026-05-12","","","no","1","Agriculture","no","VND","50000000.00","121"
"VN","3184410","1925.0","20","funded","2026-07-18","2026-05-08","","","no","1","Farming","no","VND","50000000.00","121"
"VN","3184412","280.0","20","funded","2026-07-23","2026-05-12","","","no","1","Cattle","no","VND","50000000.00","121"
"VN","3182896","400.0","20","funded","2026-07-23","2026-05-27","","","no","1","Agriculture","no","VND","40000000.00","121"
"VN","3182891","150.0","20","funded","2026-07-23","2026-05-18","","","no","1","Cattle","no","VND","50000000.00","121"
"VN","3182895","100.0","20","funded","2026-07-23","2026-05-27","","","no","1","Agriculture","no","VND","50000000.00","121"
"VN","3182886","1900.0","26","funded","2026-07-14","2026-05-12","","","no","1","Cattle","no","VND","50000000.00","121"
"VN","3182888","750.0","17","funded","2026-07-23","2026-05-18","","","no","1","Cattle","no","VND","50000000.00","121"
"VN","3182881","1900.0","22","funded","2026-07-02","2026-05-20","","","no","1","Farming","no","VND","50000000.00","121"
"VN","3182885","600.0","17","funded","2026-07-23","2026-05-25","","","no","1","Cattle","no","VND","50000000.00","121"
"VN","3182878","1900.0","20","funded","2026-07-10","2026-05-22","","","no","1","Agriculture","no","VND","50000000.00","121"
"VN","3182874","1900.0","20","funded","2026-07-05","2026-05-22","","","no","1","Agriculture","no","VND","50000000.00","121"
"VN","3182863","1370.0","20","funded","2026-07-23","2026-05-25","","","no","1","Farming","no","VND","50000000.00","121"
"VN","3182854","225.0","20","funded","2026-07-23","2026-05-22","","","no","1","Cattle","no","VND","50000000.00","121"
"VN","3182862","125.0","26","funded","2026-07-23","2026-05-24","","","no","1","Cattle","no","VND","50000000.00","121"
"VN","3182852","225.0","20","funded","2026-07-23","2026-05-22","","","no","1","Cattle","no","VND","50000000.00","121"
"VN","3182830","730.0","17","funded","2026-07-23","2026-05-20","","","no","1","Cattle","no","VND","50000000.00","121"
"VN","3182834","275.0","22","funded","2026-07-23","2026-05-20","","","no","1","Cattle","no","VND","50000000.00","121"
"VN","3182817","1900.0","26","funded","2026-06-23","2026-05-15","","","no","1","Farming","no","VND","50000000.00","121"
"VN","3182816","1900.0","20","funded","2026-07-07","2026-05-25","","","no","1","Agriculture","no","VND","50000000.00","121"
"VN","3181915","100.0","26","funded","2026-07-23","2026-05-24","","","no","1","Cattle","no","VND","50000000.00","121"
"VN","3181895","1525.0","20","funded","2026-07-13","2026-05-22","","","no","1","Farming","no","VND","40000000.00","121"
"VN","3181899","300.0","26","funded","2026-07-23","2026-05-22","","","no","1","Agriculture","no","VND","50000000.00","121"
"VN","3181907","100.0","20","funded","2026-07-23","2026-05-22","","","no","1","Agriculture","no","VND","50000000.00","121"
"VN","3181886","325.0","26","funded","2026-07-23","2026-05-22","","","no","1","Agriculture","no","VND","50000000.00","121"
"VN","3181888","125.0","26","funded","2026-07-23","2026-05-22","","","no","1","Agriculture","no","VND","50000000.00","121"
"VN","3181892","1150.0","20","funded","2026-06-23","2026-05-22","","","no","1","Agriculture","no","VND","30000000.00","121"
"VN","3181883","150.0","20","funded","2026-07-23","2026-05-19","","","no","1","Cattle","no","VND","50000000.00","121"
"VN","3181885","175.0","22","funded","2026-07-23","2026-05-19","","","no","1","Cattle","no","VND","50000000.00","121"
"VN","3181820","100.0","20","funded","2026-07-23","2026-05-12","","","no","1","Cattle","no","VND","50000000.00","121"
"VN","3181819","150.0","20","funded","2026-07-23","2026-05-12","","","no","1","Cattle","no","VND","50000000.00","121"
"VN","3181815","225.0","26","funded","2026-07-23","2026-05-08","","","no","1","Agriculture","no","VND","50000000.00","121"
"VN","3181817","175.0","20","funded","2026-07-23","2026-05-08","","","no","1","Agriculture","no","VND","50000000.00","121"
"VN","3181458","1900.0","20","funded","2026-07-18","2026-05-07","","","no","1","Cattle","no","VND","50000000.00","121"
"VN","3181455","400.0","20","funded","2026-07-23","2026-05-24","","","no","1","Agriculture","no","VND","50000000.00","121"
"VN","3190213","775.0","17","funded","2026-06-21","2026-06-08","","","no","1","Agriculture","no","VND","20000000.00","121"
"VN","3181451","475.0","20","funded","2026-07-23","2026-05-23","","","no","1","Agriculture","no","VND","40000000.00","121"
"VN","3181454","1005.0","26","funded","2026-07-23","2026-05-24","","","no","1","Agriculture","no","VND","50000000.00","121"
"VN","3181448","1125.0","20","funded","2026-07-23","2026-05-22","","","no","1","Agriculture","no","VND","50000000.00","121"
"VN","3181450","125.0","20","funded","2026-07-23","2026-05-22","","","no","1","Agriculture","no","VND","50000000.00","121"
"VN","3181446","1150.0","20","funded","2026-07-01","2026-05-22","","","no","1","Cattle","no","VND","30000000.00","121"
"VN","3181447","525.0","20","funded","2026-07-23","2026-05-22","","","no","1","Agriculture","no","VND","40000000.00","121"
"VN","3181443","200.0","20","funded","2026-07-23","2026-05-22","","","no","1","Agriculture","no","VND","50000000.00","121"
"VN","3187193","950.0","20","funded","2026-06-23","2026-05-22","","","no","1","Farming","no","VND","25000000.00","121"
"VN","3181438","475.0","20","funded","2026-07-23","2026-05-21","","","no","1","Cattle","no","VND","50000000.00","121"
"VN","3181439","1150.0","20","funded","2026-06-24","2026-05-21","","","no","1","Agriculture","no","VND","30000000.00","121"
"VN","3181436","150.0","26","funded","2026-07-23","2026-05-21","","","no","1","Agriculture","no","VND","50000000.00","121"
"VN","3181437","175.0","20","funded","2026-07-23","2026-05-21","","","no","1","Agriculture","no","VND","50000000.00","121"
"VN","3181434","220.0","26","funded","2026-07-23","2026-05-21","","","no","1","Agriculture","no","VND","50000000.00","121"
"VN","3181433","200.0","26","funded","2026-07-23","2026-05-21","","","no","1","Cattle","no","VND","50000000.00","121"
"VN","3181429","500.0","22","funded","2026-07-23","2026-05-21","","","no","1","Farming","no","VND","50000000.00","121"
"VN","3181431","200.0","20","funded","2026-07-23","2026-05-21","","","no","1","Farming","no","VND","50000000.00","121"
"VN","3181432","350.0","20","funded","2026-07-23","2026-05-21","","","no","1","Agriculture","no","VND","50000000.00","121"
"VN","3181428","400.0","20","funded","2026-07-23","2026-05-21","","","no","1","Farming","no","VND","50000000.00","121"
"VN","3181426","325.0","20","funded","2026-07-23","2026-05-20","","","no","1","Animal Sales","no","VND","50000000.00","121"
"VN","3181427","700.0","20","funded","2026-07-23","2026-05-21","","","no","1","Agriculture","no","VND","50000000.00","121"
"VN","3181422","300.0","20","funded","2026-07-23","2026-05-15","","","no","1","Cattle","no","VND","50000000.00","121"
"VN","3181425","410.0","20","funded","2026-07-23","2026-05-19","","","no","1","Animal Sales","no","VND","50000000.00","121"
"VN","3181423","1525.0","22","funded","2026-07-01","2026-05-18","","","no","1","Agriculture","no","VND","40000000.00","121"
"VN","3181424","225.0","20","funded","2026-07-23","2026-05-18","","","no","1","Agriculture","no","VND","50000000.00","121"
"VN","3181419","1900.0","20","funded","2026-07-06","2026-05-17","","","no","1","Farming","no","VND","50000000.00","121"
"VN","3181421","1900.0","20","funded","2026-07-22","2026-05-15","","","no","1","Farming","no","VND","50000000.00","121"
"VN","3180946","1015.0","17","funded","2026-07-23","2026-05-12","","","no","1","Agriculture","no","VND","50000000.00","121"
"VN","3180950","500.0","20","funded","2026-07-23","2026-05-13","","","no","1","Agriculture","no","VND","40000000.00","121"
"VN","3180939","1150.0","20","funded","2026-07-07","2026-05-11","","","no","1","Agriculture","no","VND","30000000.00","121"
"VN","3180940","1225.0","22","funded","2026-07-23","2026-05-12","","","no","1","Agriculture","no","VND","40000000.00","121"
"VN","3180942","1900.0","17","funded","2026-07-21","2026-05-12","","","no","1","Agriculture","no","VND","50000000.00","121"
"VN","3180934","1900.0","17","funded","2026-07-09","2026-05-09","","","no","1","Agriculture","no","VND","50000000.00","121"
"VN","3180936","490.0","22","funded","2026-07-23","2026-05-11","","","no","1","Agriculture","no","VND","50000000.00","121"
"VN","3180926","585.0","20","funded","2026-07-23","2026-05-08","","","no","1","Cattle","no","VND","50000000.00","121"
"VN","3180927","425.0","20","funded","2026-07-23","2026-05-08","","","no","1","Agriculture","no","VND","50000000.00","121"
"VN","3180932","1615.0","17","funded","2026-07-23","2026-05-08","","","no","1","Agriculture","no","VND","50000000.00","121"
"VN","3180923","845.0","20","funded","2026-07-23","2026-05-08","","","no","1","Agriculture","no","VND","50000000.00","121"
"VN","3180925","580.0","20","funded","2026-07-23","2026-05-08","","","no","1","Agriculture","no","VND","50000000.00","121"
"VN","3180913","1075.0","26","funded","2026-07-23","2026-05-13","","","no","1","Cattle","no","VND","50000000.00","121"
"VN","3180919","975.0","20","funded","2026-07-23","2026-05-13","","","no","1","Agriculture","no","VND","50000000.00","121"
"VN","3180920","790.0","22","funded","2026-07-23","2026-05-07","","","no","1","Agriculture","no","VND","50000000.00","121"
"VN","3180929","1525.0","20","funded","2026-07-14","2026-05-08","","","no","1","Cattle","no","VND","40000000.00","121"
"VN","3180912","1900.0","20","funded","2026-07-23","2026-05-14","","","no","1","Agriculture","no","VND","50000000.00","121"
"VN","3180905","1900.0","20","funded","2026-07-22","2026-05-15","","","no","1","Agriculture","no","VND","50000000.00","121"
"VN","3180910","1900.0","20","funded","2026-07-23","2026-05-15","","","no","1","Agriculture","no","VND","50000000.00","121"
"VN","3180205","1925.0","26","funded","2026-07-23","2026-05-22","","","no","1","Agriculture","no","VND","50000000.00","121"
"VN","3179416","1900.0","20","funded","2026-07-08","2026-05-20","","","no","1","Farming","no","VND","50000000.00","121"
"VN","3180190","1925.0","20","funded","2026-07-23","2026-05-13","","","no","1","Farming","no","VND","50000000.00","121"
"VN","3179387","1900.0","20","funded","2026-07-23","2026-05-20","","","no","1","Farming","no","VND","50000000.00","121"
"VN","3179358","1900.0","20","funded","2026-07-23","2026-05-18","","","no","1","Farming","no","VND","50000000.00","121"
"VN","3179368","1900.0","20","funded","2026-07-23","2026-05-18","","","no","1","Farming","no","VND","50000000.00","121"
"VN","3179412","1150.0","20","funded","2026-06-29","2026-05-20","","","no","1","Agriculture","no","VND","30000000.00","121"
"VN","3179356","1900.0","20","funded","2026-07-23","2026-05-15","","","no","1","Farming","no","VND","50000000.00","121"
"VN","3179351","1900.0","26","funded","2026-07-19","2026-04-24","","","no","1","Farming","no","VND","50000000.00","121"
"VN","3178546","1925.0","20","funded","2026-07-23","2026-05-18","","","no","1","Farming","no","VND","50000000.00","121"
"VN","3178549","1925.0","26","funded","2026-07-23","2026-05-19","","","no","1","Farming","no","VND","50000000.00","121"
"VN","3178543","1925.0","20","funded","2026-07-23","2026-05-17","","","no","1","Agriculture","no","VND","50000000.00","121"
"VN","3178544","1925.0","20","funded","2026-07-23","2026-05-18","","","no","1","Agriculture","no","VND","50000000.00","121"
"VN","3178540","1925.0","20","funded","2026-07-23","2026-05-08","","","no","1","Farming","no","VND","50000000.00","121"
"VN","3178537","1925.0","20","funded","2026-07-23","2026-05-08","","","no","1","Agriculture","no","VND","50000000.00","121"
"VN","3177684","1900.0","17","funded","2026-07-23","2026-05-14","","","no","1","Aquaculture","no","VND","50000000.00","121"
"VN","3177678","1900.0","20","funded","2026-07-23","2026-05-13","","","no","1","Farming","no","VND","50000000.00","121"
"VN","3177682","1900.0","20","funded","2026-07-23","2026-05-13","","","no","1","Farming","no","VND","50000000.00","121"
"VN","3177683","1900.0","20","funded","2026-07-23","2026-05-14","","","no","1","Aquaculture","no","VND","50000000.00","121"
"VN","3177676","1900.0","20","funded","2026-07-23","2026-05-13","","","no","1","Farming","no","VND","50000000.00","121"
"VN","3178548","1150.0","17","funded","2026-07-01","2026-05-18","","","no","1","Farming","no","VND","30000000.00","121"
"VN","3177670","1900.0","20","funded","2026-07-23","2026-05-11","","","no","1","Cattle","no","VND","50000000.00","121"
"VN","3177673","1900.0","20","funded","2026-07-23","2026-05-12","","","no","1","Cattle","no","VND","50000000.00","121"
"VN","3177667","1725.0","20","funded","2026-07-21","2026-05-11","","","no","1","Cattle","no","VND","45000000.00","121"
"VN","3177638","1525.0","20","funded","2026-07-17","2026-05-11","","","no","1","Cattle","no","VND","40000000.00","121"
"VN","3177634","1900.0","26","funded","2026-07-23","2026-05-11","","","no","1","Pigs","no","VND","50000000.00","121"
"VN","3177650","1900.0","26","funded","2026-07-23","2026-05-11","","","no","1","Pigs","no","VND","50000000.00","121"
"VN","3177625","1150.0","20","funded","2026-07-03","2026-05-11","","","no","1","Farming","no","VND","30000000.00","121"
"VN","3177614","1900.0","20","funded","2026-07-19","2026-05-09","","","no","1","Farming","no","VND","50000000.00","121"
"VN","3177612","1900.0","20","funded","2026-07-23","2026-05-08","","","no","1","Agriculture","no","VND","50000000.00","121"
"VN","3177606","1900.0","20","funded","2026-07-23","2026-05-08","","","no","1","Farming","no","VND","50000000.00","121"
"VN","3177591","1900.0","20","funded","2026-07-22","2026-05-08","","","no","1","Agriculture","no","VND","50000000.00","121"
"VN","3177585","1525.0","17","funded","2026-06-25","2026-05-06","","","no","1","Cattle","no","VND","40000000.00","121"
"VN","3177582","1900.0","20","funded","2026-07-23","2026-05-06","","","no","1","Agriculture","no","VND","50000000.00","121"
"VN","3175853","1900.0","20","funded","2026-07-19","2026-04-29","","","no","1","Farming","no","VND","50000000.00","121"
"VN","3177580","1900.0","20","funded","2026-07-19","2026-05-06","","","no","1","Agriculture","no","VND","50000000.00","121"
"VN","3175845","1900.0","20","funded","2026-06-30","2026-04-29","","","no","1","Farming","no","VND","50000000.00","121"
"VN","3175849","1900.0","20","funded","2026-07-17","2026-04-29","","","no","1","Farming","no","VND","50000000.00","121"
"VN","3175837","1900.0","22","funded","2026-07-06","2026-04-29","","","no","1","Farming","no","VND","50000000.00","121"
"VN","3175702","1900.0","20","funded","2026-07-05","2026-04-29","","","no","1","Agriculture","no","VND","50000000.00","121"
"VN","3175836","1900.0","20","funded","2026-07-13","2026-04-29","","","no","1","Agriculture","no","VND","50000000.00","121"
"VN","3177613","1150.0","20","funded","2026-06-01","2026-05-09","","","no","1","Farming","no","VND","30000000.00","121"
"VN","3175841","1525.0","20","funded","2026-06-02","2026-04-29","","","no","1","Agriculture","no","VND","40000000.00","121"
"VN","3175689","1900.0","20","funded","2026-06-28","2026-04-29","","","no","1","Farming","no","VND","50000000.00","121"
"VN","3177589","1150.0","20","funded","2026-06-01","2026-05-08","","","no","1","Farming","no","VND","30000000.00","121"
"VN","3177588","1150.0","20","funded","2026-05-25","2026-05-08","","","no","1","Farming","no","VND","30000000.00","121"
"VN","3177579","1150.0","20","funded","2026-05-26","2026-05-06","","","no","1","Farming","no","VND","30000000.00","121"
"VN","3175700","1900.0","20","funded","2026-06-21","2026-04-29","","","no","1","Agriculture","no","VND","50000000.00","121"
"VN","3175701","1900.0","22","funded","2026-06-22","2026-04-29","","","no","1","Agriculture","no","VND","50000000.00","121"
"VN","3175694","1900.0","20","funded","2026-06-22","2026-04-29","","","no","1","Agriculture","no","VND","50000000.00","121"
"VN","3175696","1900.0","20","funded","2026-06-22","2026-04-29","","","no","1","Agriculture","no","VND","50000000.00","121"
"VN","3175691","1900.0","26","funded","2026-06-22","2026-04-29","","","no","1","Agriculture","no","VND","50000000.00","121"
"VN","3175693","1900.0","20","funded","2026-06-22","2026-04-29","","","no","1","Agriculture","no","VND","50000000.00","121"
"VN","3175684","1900.0","20","funded","2026-06-12","2026-04-29","","","no","1","Farming","no","VND","50000000.00","121"
"VN","3175690","1900.0","26","funded","2026-06-22","2026-04-29","","","no","1","Agriculture","no","VND","50000000.00","121"
"VN","3175679","1900.0","26","funded","2026-06-03","2026-04-28","","","no","1","Cattle","no","VND","50000000.00","121"
"VN","3174810","1900.0","20","funded","2026-06-18","2026-04-24","","","no","1","Farming","no","VND","50000000.00","121"
"VN","3174809","1900.0","20","funded","2026-06-22","2026-04-25","","","no","1","Cattle","no","VND","50000000.00","121"
"VN","3174803","1900.0","20","funded","2026-06-22","2026-04-28","","","no","1","Cattle","no","VND","50000000.00","121"
"VN","3173213","1900.0","20","funded","2026-06-22","2026-04-13","","","no","1","Farming","no","VND","50000000.00","121"
"VN","3173210","1900.0","17","funded","2026-06-19","2026-04-16","","","no","1","Pigs","no","VND","50000000.00","121"
"VN","3173211","1900.0","26","funded","2026-06-06","2026-04-15","","","no","1","Agriculture","no","VND","50000000.00","121"
"VN","3173208","1900.0","20","funded","2026-06-22","2026-04-17","","","no","1","Farming","no","VND","50000000.00","121"
"VN","3173199","1900.0","20","funded","2026-06-22","2026-04-22","","","no","1","Farming","no","VND","50000000.00","121"
"VN","3173201","1900.0","20","funded","2026-06-22","2026-04-22","","","no","1","Agriculture","no","VND","50000000.00","121"
"VN","3173196","1350.0","20","funded","2026-06-01","2026-04-22","","","no","1","Farming","no","VND","35000000.00","121"
"VN","3173194","1525.0","20","funded","2026-06-18","2026-04-22","","","no","1","Agriculture","no","VND","40000000.00","121"
"VN","3172377","1925.0","20","funded","2026-06-21","2026-04-25","","","no","1","Farming","no","VND","50000000.00","121"
"VN","3172380","1525.0","20","funded","2026-06-21","2026-04-24","","","no","1","Farming","no","VND","40000000.00","121"
"VN","3172375","1925.0","20","funded","2026-06-21","2026-05-06","","","no","1","Farming","no","VND","50000000.00","121"
"VN","3172374","1925.0","26","funded","2026-06-18","2026-04-22","","","no","1","Cattle","no","VND","50000000.00","121"
"VN","3172376","1925.0","26","funded","2026-06-21","2026-04-23","","","no","1","Cattle","no","VND","50000000.00","121"
"VN","3172366","1925.0","20","funded","2026-06-21","2026-04-22","","","no","1","Farming","no","VND","50000000.00","121"
"VN","3172362","1350.0","20","funded","2026-05-30","2026-04-21","","","no","1","Pigs","no","VND","35000000.00","121"
"VN","3172025","1925.0","26","funded","2026-06-20","2026-04-16","","","no","1","Cattle","no","VND","50000000.00","121"
"VN","3172023","1925.0","26","funded","2026-06-20","2026-04-16","","","no","1","Agriculture","no","VND","50000000.00","121"
"VN","3172359","1150.0","17","funded","2026-05-23","2026-04-21","","","no","1","Farming","no","VND","30000000.00","121"
"VN","3172016","1925.0","22","funded","2026-06-20","2026-04-16","","","no","1","Agriculture","no","VND","50000000.00","121"
"VN","3172014","1925.0","20","funded","2026-06-20","2026-04-16","","","no","1","Agriculture","no","VND","50000000.00","121"
"VN","3171443","1925.0","20","funded","2026-06-20","2026-04-14","","","no","1","Farming","no","VND","50000000.00","121"
"VN","3171989","1525.0","20","funded","2026-05-30","2026-04-28","","","no","1","Agriculture","no","VND","40000000.00","121"
"VN","3171433","1925.0","20","funded","2026-06-20","2026-04-14","","","no","1","Farming","no","VND","50000000.00","121"
"VN","3171441","1925.0","20","funded","2026-06-20","2026-04-10","","","no","1","Farming","no","VND","50000000.00","121"
"VN","3171439","1925.0","20","funded","2026-06-20","2026-04-14","","","no","1","Agriculture","no","VND","50000000.00","121"
"VN","3171048","1925.0","20","funded","2026-06-01","2026-04-14","","","no","1","Farming","no","VND","50000000.00","121"
"VN","3171038","1925.0","20","funded","2026-06-20","2026-04-14","","","no","1","Farming","no","VND","50000000.00","121"
"VN","3171037","1925.0","20","funded","2026-06-20","2026-04-13","","","no","1","Cattle","no","VND","50000000.00","121"
"VN","3171024","1925.0","20","funded","2026-06-20","2026-04-10","","","no","1","Farming","no","VND","50000000.00","121"
"VN","3171027","1925.0","20","funded","2026-06-20","2026-04-10","","","no","1","Cattle","no","VND","50000000.00","121"
"VN","3171015","1925.0","26","funded","2026-06-15","2026-04-09","","","no","1","Livestock","no","VND","50000000.00","121"
"VN","3171018","1925.0","26","funded","2026-05-27","2026-04-09","","","no","1","Livestock","no","VND","50000000.00","121"
"VN","3171011","1925.0","20","funded","2026-06-20","2026-04-07","","","no","1","Agriculture","no","VND","50000000.00","121"
"VN","3170691","1900.0","26","funded","2026-06-19","2026-04-24","","","no","1","Cattle","no","VND","50000000.00","121"
"VN","3170688","1150.0","20","funded","2026-06-01","2026-04-24","","","no","1","Farming","no","VND","30000000.00","121"
"VN","3170684","1900.0","20","funded","2026-06-19","2026-04-24","","","no","1","Cattle","no","VND","50000000.00","121"
"VN","3170663","1900.0","26","funded","2026-06-19","2026-04-24","","","no","1","Agriculture","no","VND","50000000.00","121"
"VN","3170668","1925.0","20","funded","2026-06-03","2026-04-24","","","no","1","Agriculture","no","VND","50000000.00","121"
"VN","3170658","1900.0","20","funded","2026-06-19","2026-04-23","","","no","1","Farming","no","VND","50000000.00","121"
"VN","3170655","1525.0","17","funded","2026-06-02","2026-04-23","","","no","1","Pigs","no","VND","40000000.00","121"
"VN","3170638","1900.0","20","funded","2026-06-05","2026-04-23","","","no","1","Agriculture","no","VND","50000000.00","121"
"VN","3170652","1900.0","20","funded","2026-06-18","2026-04-23","","","no","1","Agriculture","no","VND","50000000.00","121"
"VN","3170633","1900.0","20","funded","2026-06-01","2026-04-23","","","no","1","Agriculture","no","VND","50000000.00","121"
"VN","3170624","1900.0","20","funded","2026-06-19","2026-04-23","","","no","1","Cattle","no","VND","50000000.00","121"
"VN","3170622","1900.0","20","funded","2026-06-18","2026-04-22","","","no","1","Farming","no","VND","50000000.00","121"
"VN","3170620","1525.0","20","funded","2026-05-22","2026-04-22","","","no","1","Farming","no","VND","40000000.00","121"
"VN","3170618","1900.0","20","funded","2026-05-26","2026-04-22","","","no","1","Livestock","no","VND","50000000.00","121"
"VN","3170614","1900.0","20","funded","2026-06-02","2026-04-22","","","no","1","Livestock","no","VND","50000000.00","121"
"VN","3170604","1900.0","20","funded","2026-06-18","2026-04-22","","","no","1","Cattle","no","VND","50000000.00","121"
"VN","3170596","1525.0","20","funded","2026-05-26","2026-04-22","","","no","1","Agriculture","no","VND","40000000.00","121"
"VN","3170301","1900.0","20","funded","2026-06-18","2026-04-21","","","no","1","Animal Sales","no","VND","50000000.00","121"
"VN","3170291","1900.0","17","funded","2026-06-17","2026-04-20","","","no","1","Cattle","no","VND","50000000.00","121"
"VN","3170267","1900.0","20","funded","2026-06-17","2026-04-17","","","no","1","Farming","no","VND","50000000.00","121"
"VN","3170272","1900.0","20","funded","2026-06-16","2026-04-17","","","no","1","Farming","no","VND","50000000.00","121"
"VN","3170260","1900.0","20","funded","2026-06-17","2026-04-16","","","no","1","Cattle","no","VND","50000000.00","121"
"VN","3170262","1900.0","20","funded","2026-06-17","2026-04-16","","","no","1","Cattle","no","VND","50000000.00","121"
"VN","3170255","1900.0","20","funded","2026-06-17","2026-04-16","","","no","1","Farming","no","VND","50000000.00","121"
"VN","3170259","1900.0","20","funded","2026-06-17","2026-04-16","","","no","1","Farming","no","VND","50000000.00","121"
"VN","3169627","1900.0","20","funded","2026-06-02","2026-04-15","","","no","1","Farming","no","VND","50000000.00","121"
"VN","3169629","1525.0","20","funded","2026-06-04","2026-04-15","","","no","1","Farming","no","VND","40000000.00","121"
"VN","3169619","1900.0","26","funded","2026-06-12","2026-04-14","","","no","1","Farming","no","VND","50000000.00","121"
"VN","3169621","1900.0","20","funded","2026-06-16","2026-04-14","","","no","1","Farming","no","VND","50000000.00","121"
"VN","3169623","1900.0","20","funded","2026-06-02","2026-04-14","","","no","1","Farming","no","VND","50000000.00","121"
"VN","3169613","1900.0","20","funded","2026-06-16","2026-04-10","","","no","1","Cattle","no","VND","50000000.00","121"
"VN","3169606","1525.0","17","funded","2026-06-03","2026-04-10","","","no","1","Agriculture","no","VND","40000000.00","121"
"VN","3169597","1900.0","20","funded","2026-06-16","2026-04-10","","","no","1","Agriculture","no","VND","50000000.00","121"
"VN","3169599","1900.0","20","funded","2026-06-16","2026-04-10","","","no","1","Agriculture","no","VND","50000000.00","121"
"VN","3169585","1525.0","17","funded","2026-06-02","2026-04-10","","","no","1","Cattle","no","VND","40000000.00","121"
"VN","3169590","1900.0","20","funded","2026-06-16","2026-04-10","","","no","1","Agriculture","no","VND","50000000.00","121"
"VN","3169583","1900.0","20","funded","2026-05-24","2026-04-10","","","no","1","Farming","no","VND","50000000.00","121"
"VN","3172034","775.0","17","funded","2026-05-19","2026-04-20","","","no","1","Cattle","no","VND","20000000.00","121"
"VN","3169581","1525.0","20","funded","2026-06-16","2026-04-10","","","no","1","Farming","no","VND","40000000.00","121"
"VN","3169569","1900.0","20","funded","2026-06-16","2026-04-08","","","no","1","Cattle","no","VND","50000000.00","121"
"VN","3169571","1900.0","20","funded","2026-06-06","2026-04-08","","","no","1","Cattle","no","VND","50000000.00","121"
"VN","3169566","1725.0","20","funded","2026-05-26","2026-04-08","","","no","1","Livestock","no","VND","45000000.00","121"
"VN","3171044","775.0","20","funded","2026-05-19","2026-04-14","","","no","1","Cattle","no","VND","20000000.00","121"
"VN","3170265","1150.0","20","funded","2026-05-17","2026-04-17","","","no","1","Farming","no","VND","30000000.00","121"
"VN","3169631","1150.0","20","funded","2026-05-15","2026-04-15","","","no","1","Cattle","no","VND","30000000.00","121"
"VN","3169622","775.0","26","funded","2026-05-05","2026-04-14","","","no","1","Livestock","no","VND","20000000.00","121"
"VN","3167590","1900.0","22","funded","2026-05-31","2026-04-06","","","no","1","Cattle","no","VND","50000000.00","121"
"VN","3167567","1900.0","22","funded","2026-05-19","2026-04-06","","","no","1","Agriculture","no","VND","50000000.00","121"
"VN","3166247","1925.0","22","funded","2026-05-20","2026-04-10","","","no","1","Farming","no","VND","50000000.00","121"
"VN","3166214","1925.0","20","funded","2026-05-30","2026-04-20","","","no","1","Cattle","no","VND","50000000.00","121"
"VN","3166196","1925.0","26","funded","2026-05-29","2026-04-17","","","no","1","Farming","no","VND","50000000.00","121"
"VN","3166174","1925.0","20","funded","2026-05-30","2026-04-16","","","no","1","Agriculture","no","VND","50000000.00","121"
"VN","3166169","1925.0","26","funded","2026-05-30","2026-04-16","","","no","1","Agriculture","no","VND","50000000.00","121"
"VN","3166151","1925.0","20","funded","2026-05-30","2026-04-15","","","no","1","Farming","no","VND","50000000.00","121"
"VN","3166159","1925.0","26","funded","2026-05-30","2026-04-16","","","no","1","Agriculture","no","VND","50000000.00","121"
"VN","3166165","1925.0","26","funded","2026-05-24","2026-04-16","","","no","1","Agriculture","no","VND","50000000.00","121"
"VN","3166130","1925.0","20","funded","2026-05-04","2026-04-10","","","no","1","Farming","no","VND","50000000.00","121"
"VN","3166143","1925.0","20","funded","2026-05-27","2026-04-14","","","no","1","Farming","no","VND","50000000.00","121"
"VN","3166137","1925.0","20","funded","2026-05-29","2026-04-14","","","no","1","Farming","no","VND","50000000.00","121"
"VN","3166135","1925.0","17","funded","2026-05-29","2026-04-13","","","no","1","Cattle","no","VND","50000000.00","121"
"VN","3166134","1925.0","20","funded","2026-05-29","2026-04-10","","","no","1","Farming","no","VND","50000000.00","121"
"VN","3166132","1925.0","17","funded","2026-05-20","2026-04-10","","","no","1","Agriculture","no","VND","50000000.00","121"
"VN","3165512","1900.0","17","funded","2026-05-26","2026-04-10","","","no","1","Cattle","no","VND","50000000.00","121"
"VN","3165505","1525.0","17","funded","2026-05-04","2026-04-09","","","no","1","Farming","no","VND","40000000.00","121"
"VN","3165506","1900.0","17","funded","2026-05-27","2026-04-09","","","no","1","Farming","no","VND","50000000.00","121"
"VN","3165366","1525.0","20","funded","2026-05-20","2026-04-07","","","no","1","Cattle","no","VND","40000000.00","121"
"VN","3165363","1900.0","20","funded","2026-05-25","2026-04-07","","","no","1","Farming","no","VND","50000000.00","121"
"VN","3165357","400.0","20","funded","2026-04-27","2026-04-06","","","no","1","Pigs","no","VND","10000000.00","121"
"VN","3165356","1900.0","20","funded","2026-05-26","2026-04-04","","","no","1","Cattle","no","VND","50000000.00","121"
"VN","3165350","1150.0","20","funded","2026-05-01","2026-03-26","","","no","1","Cattle","no","VND","30000000.00","121"
"VN","3160944","775.0","17","funded","2026-04-22","2026-03-26","","","no","1","Cattle","no","VND","20000000.00","121"
"VN","3160934","1900.0","20","funded","2026-05-19","2026-03-26","","","no","1","Farming","no","VND","50000000.00","121"
"VN","3160958","1925.0","20","funded","2026-05-19","2026-03-27","","","no","1","Farming","no","VND","50000000.00","121"
"VN","3160959","1925.0","20","funded","2026-05-02","2026-03-27","","","no","1","Farming","no","VND","50000000.00","121"
"VN","3160962","1925.0","26","funded","2026-05-02","2026-03-27","","","no","1","Livestock","no","VND","50000000.00","121"
"VN","3160946","1925.0","20","funded","2026-05-18","2026-03-26","","","no","1","Farming","no","VND","50000000.00","121"
"VN","3160539","1925.0","20","funded","2026-05-18","2026-03-25","","","no","1","Pigs","no","VND","50000000.00","121"
"VN","3160522","1925.0","17","funded","2026-05-18","2026-03-25","","","no","1","Aquaculture","no","VND","50000000.00","121"
"VN","3160518","1925.0","20","funded","2026-05-18","2026-03-25","","","no","1","Farming","no","VND","50000000.00","121"
"VN","3160509","1925.0","26","funded","2026-05-18","2026-03-25","","","no","1","Cattle","no","VND","50000000.00","121"
"VN","3160508","1925.0","20","funded","2026-05-18","2026-03-25","","","no","1","Pigs","no","VND","50000000.00","121"
"VN","3160501","1925.0","20","funded","2026-05-18","2026-03-25","","","no","1","Farming","no","VND","50000000.00","121"
"VN","3160482","1525.0","17","funded","2026-04-24","2026-03-24","","","no","1","Livestock","no","VND","40000000.00","121"
"VN","3160469","1925.0","26","funded","2026-05-18","2026-03-24","","","no","1","Farming","no","VND","50000000.00","121"
"VN","3160450","1925.0","17","funded","2026-05-02","2026-03-24","","","no","1","Agriculture","no","VND","50000000.00","121"
"VN","3160465","1150.0","17","funded","2026-04-24","2026-03-24","","","no","1","Agriculture","no","VND","30000000.00","121"
"VN","3160430","1925.0","20","funded","2026-05-18","2026-03-23","","","no","1","Agriculture","no","VND","50000000.00","121"
"VN","3160420","1350.0","17","funded","2026-04-26","2026-03-23","","","no","1","Livestock","no","VND","35000000.00","121"
"VN","3160418","1150.0","17","funded","2026-04-21","2026-03-23","","","no","1","Livestock","no","VND","30000000.00","121"
"VN","3160416","1925.0","20","funded","2026-05-18","2026-03-23","","","no","1","Farming","no","VND","50000000.00","121"
"VN","3160408","1525.0","26","funded","2026-05-18","2026-03-20","","","no","1","Cattle","no","VND","40000000.00","121"
"VN","3160395","1925.0","20","funded","2026-05-17","2026-03-20","","","no","1","Farming","no","VND","50000000.00","121"
"VN","3160383","1150.0","17","funded","2026-04-28","2026-03-20","","","no","1","Farming","no","VND","30000000.00","121"
"VN","3160379","1925.0","20","funded","2026-05-17","2026-03-20","","","no","1","Farming","no","VND","50000000.00","121"
"VN","3160363","1150.0","26","funded","2026-04-30","2026-03-19","","","no","1","Cattle","no","VND","30000000.00","121"
"VN","3160306","1925.0","20","funded","2026-05-17","2026-03-19","","","no","1","Farming","no","VND","50000000.00","121"
"VN","3160124","1900.0","20","funded","2026-04-24","2026-03-19","","","no","1","Agriculture","no","VND","50000000.00","121"
"VN","3160122","1900.0","26","funded","2026-05-04","2026-03-19","","","no","1","Agriculture","no","VND","50000000.00","121"
"VN","3160116","1900.0","20","funded","2026-05-17","2026-03-18","","","no","1","Farming","no","VND","50000000.00","121"
"VN","3160118","1525.0","20","funded","2026-05-02","2026-03-19","","","no","1","Cattle","no","VND","40000000.00","121"
"VN","3160102","1900.0","26","funded","2026-05-17","2026-03-18","","","no","1","Cattle","no","VND","50000000.00","121"
"VN","3160112","1150.0","22","funded","2026-04-22","2026-03-18","","","no","1","Livestock","no","VND","30000000.00","121"
"VN","3160114","1900.0","26","funded","2026-05-17","2026-03-18","","","no","1","Agriculture","no","VND","50000000.00","121"
"VN","3160093","1900.0","20","funded","2026-05-17","2026-03-18","","","no","1","Pigs","no","VND","50000000.00","121"
"VN","3160090","1900.0","20","funded","2026-05-17","2026-03-18","","","no","1","Cattle","no","VND","50000000.00","121"
"VN","3160085","1900.0","20","funded","2026-05-17","2026-03-18","","","no","1","Cattle","no","VND","50000000.00","121"
"VN","3160080","1900.0","22","funded","2026-05-17","2026-03-18","","","no","1","Agriculture","no","VND","50000000.00","121"
"VN","3160070","1900.0","20","funded","2026-05-17","2026-03-18","","","no","1","Agriculture","no","VND","50000000.00","121"
"VN","3160071","1900.0","20","funded","2026-04-20","2026-03-18","","","no","1","Agriculture","no","VND","50000000.00","121"
"VN","3160065","1900.0","20","funded","2026-05-17","2026-03-17","","","no","1","Agriculture","no","VND","50000000.00","121"
"VN","3158232","1900.0","26","funded","2026-05-17","2026-03-19","","","no","1","Agriculture","no","VND","50000000.00","121"
"VN","3157512","1900.0","20","funded","2026-05-16","2026-03-24","","","no","1","Cattle","no","VND","50000000.00","121"
"VN","3157372","1900.0","26","funded","2026-05-17","2026-03-19","","","no","1","Cattle","no","VND","50000000.00","121"
"VN","3157222","1900.0","20","funded","2026-05-16","2026-03-18","","","no","1","Cattle","no","VND","50000000.00","121"
"VN","3157241","1900.0","26","funded","2026-05-16","2026-03-19","","","no","1","Cattle","no","VND","50000000.00","121"
"VN","3157214","1900.0","20","funded","2026-05-16","2026-03-17","","","no","1","Agriculture","no","VND","50000000.00","121"
"VN","3157218","1900.0","22","funded","2026-05-16","2026-03-17","","","no","1","Agriculture","no","VND","50000000.00","121"
"VN","3156301","1925.0","26","funded","2026-04-30","2026-03-18","","","no","1","Farming","no","VND","50000000.00","121"
"VN","3156306","1925.0","20","funded","2026-05-16","2026-03-25","","","no","1","Farming","no","VND","50000000.00","121"
"VN","3156310","1925.0","20","funded","2026-05-02","2026-03-16","","","no","1","Farming","no","VND","50000000.00","121"
"VN","3156300","1925.0","20","funded","2026-05-02","2026-03-24","","","no","1","Livestock","no","VND","50000000.00","121"
"VN","3155474","1900.0","26","funded","2026-05-16","2026-03-26","","","no","1","Agriculture","no","VND","50000000.00","121"
"VN","3155481","1900.0","20","funded","2026-05-16","2026-03-17","","","no","1","Agriculture","no","VND","50000000.00","121"
"VN","3155464","1900.0","20","funded","2026-05-16","2026-03-17","","","no","1","Agriculture","no","VND","50000000.00","121"
"VN","3155450","1900.0","26","funded","2026-05-12","2026-03-17","","","no","1","Farming","no","VND","50000000.00","121"
"VN","3155455","1900.0","20","funded","2026-05-15","2026-03-25","","","no","1","Cattle","no","VND","50000000.00","121"
"VN","3155459","1900.0","26","funded","2026-05-16","2026-03-25","","","no","1","Cattle","no","VND","50000000.00","121"
"VN","3155277","1900.0","20","funded","2026-05-14","2026-03-16","","","no","1","Farming","no","VND","50000000.00","121"
"VN","3155419","1900.0","20","funded","2026-05-02","2026-03-16","","","no","1","Farming","no","VND","50000000.00","121"
"VN","3154746","1900.0","17","funded","2026-05-15","2026-03-12","","","no","1","Cattle","no","VND","50000000.00","121"
"VN","3154747","1900.0","20","funded","2026-05-10","2026-03-12","","","no","1","Cattle","no","VND","50000000.00","121"
"VN","3155194","1900.0","20","funded","2026-05-06","2026-03-16","","","no","1","Agriculture","no","VND","50000000.00","121"
"VN","3154745","1900.0","20","funded","2026-05-12","2026-03-12","","","no","1","Cattle","no","VND","50000000.00","121"
"VN","3158249","775.0","26","funded","2026-04-19","2026-03-19","","","no","1","Agriculture","no","VND","20000000.00","121"
"VN","3160516","575.0","17","funded","2026-04-18","2026-03-25","","","no","1","Agriculture","no","VND","15000000.00","121"
"VN","3155486","775.0","20","funded","2026-04-14","2026-03-17","","","no","1","Farming","no","VND","20000000.00","121"
"VN","3154741","1900.0","20","funded","2026-04-27","2026-03-11","","","no","1","Farming","no","VND","50000000.00","121"
"VN","3155192","1900.0","20","funded","2026-05-07","2026-03-17","","","no","1","Cattle","no","VND","50000000.00","121"
"VN","3154763","1150.0","17","funded","2026-04-09","2026-03-13","","","no","1","Cattle","no","VND","30000000.00","121"
"VN","3154760","1900.0","26","funded","2026-05-07","2026-03-13","","","no","1","Farming","no","VND","50000000.00","121"
"VN","3154761","1900.0","26","funded","2026-05-07","2026-03-13","","","no","1","Farming","no","VND","50000000.00","121"
"VN","3154759","1900.0","20","funded","2026-05-01","2026-03-13","","","no","1","Agriculture","no","VND","50000000.00","121"
"VN","3154753","1900.0","20","funded","2026-05-07","2026-03-13","","","no","1","Poultry","no","VND","50000000.00","121"
"VN","3154758","1525.0","22","funded","2026-04-22","2026-03-13","","","no","1","Farming","no","VND","40000000.00","121"
"VN","3154765","575.0","17","funded","2026-04-08","2026-03-16","","","no","1","Livestock","no","VND","15000000.00","121"
"VN","3154734","1900.0","20","funded","2026-04-19","2026-03-10","","","no","1","Agriculture","no","VND","50000000.00","121"
"VN","3154754","1900.0","26","funded","2026-04-22","2026-03-13","","","no","1","Farming","no","VND","50000000.00","121"
"VN","3154755","1900.0","20","funded","2026-05-07","2026-03-13","","","no","1","Agriculture","no","VND","50000000.00","121"
"VN","3154740","1900.0","20","funded","2026-04-29","2026-03-11","","","no","1","Farming","no","VND","50000000.00","121"
"VN","3154733","1900.0","26","funded","2026-05-07","2026-03-10","","","no","1","Agriculture","no","VND","50000000.00","121"
"VN","3154751","1900.0","20","funded","2026-04-18","2026-03-13","","","no","1","Agriculture","no","VND","50000000.00","121"
"VN","3154739","1900.0","26","funded","2026-05-07","2026-03-10","","","no","1","Farming","no","VND","50000000.00","121"
"VN","3154738","1900.0","26","funded","2026-05-06","2026-03-10","","","no","1","Farming","no","VND","50000000.00","121"
"VN","3154736","1900.0","20","funded","2026-04-19","2026-03-10","","","no","1","Farming","no","VND","50000000.00","121"
"VN","3154735","1900.0","20","funded","2026-04-19","2026-03-10","","","no","1","Farming","no","VND","50000000.00","121"
"VN","3154387","1150.0","20","funded","2026-04-13","2026-03-10","","","no","1","Agriculture","no","VND","30000000.00","121"
"VN","3152278","1900.0","20","funded","2026-04-18","2026-03-26","","","no","1","Farming","no","VND","50000000.00","121"
"VN","3153742","1900.0","20","funded","2026-05-01","2026-03-13","","","no","1","Agriculture","no","VND","50000000.00","121"
"VN","3153744","1525.0","20","funded","2026-04-18","2026-03-13","","","no","1","Agriculture","no","VND","40000000.00","121"
"VN","3153703","1900.0","20","funded","2026-04-22","2026-03-26","","","no","1","Farming","no","VND","50000000.00","121"
"VN","3152410","1900.0","26","funded","2026-04-29","2026-03-13","","","no","1","Farming","no","VND","50000000.00","121"
"VN","3152364","1900.0","20","funded","2026-04-23","2026-03-03","","","no","1","Cattle","no","VND","50000000.00","121"
"VN","3152273","1900.0","20","funded","2026-04-05","2026-03-26","","","no","1","Agriculture","no","VND","50000000.00","121"
"VN","3149749","1900.0","20","funded","2026-04-02","2026-03-23","","","no","1","Farming","no","VND","50000000.00","121"
"VN","3149748","1900.0","20","funded","2026-04-26","2026-03-20","","","no","1","Farming","no","VND","50000000.00","121"
"VN","3149745","1900.0","20","funded","2026-04-17","2026-03-20","","","no","1","Farming","no","VND","50000000.00","121"
"VN","3149747","1900.0","20","funded","2026-04-07","2026-03-20","","","no","1","Farming","no","VND","50000000.00","121"
"VN","3149741","1900.0","20","funded","2026-04-28","2026-03-09","","","no","1","Agriculture","no","VND","50000000.00","121"
"VN","3149740","1900.0","22","funded","2026-04-28","2026-03-11","","","no","1","Agriculture","no","VND","50000000.00","121"
"VN","3149738","1900.0","26","funded","2026-04-19","2026-03-18","","","no","1","Agriculture","no","VND","50000000.00","121"
"VN","3148505","1900.0","17","funded","2026-04-02","2026-03-18","","","no","1","Agriculture","no","VND","50000000.00","121"
"VN","3147984","1900.0","20","funded","2026-04-01","2026-03-06","","","no","1","Farming","no","VND","50000000.00","121"
"VN","3147922","1525.0","26","funded","2026-03-26","2026-03-12","","","no","1","Cattle","no","VND","40000000.00","121"
"VN","3147915","1900.0","20","funded","2026-03-27","2026-03-10","","","no","1","Agriculture","no","VND","50000000.00","121"
"VN","3147906","1900.0","22","funded","2026-03-27","2026-02-27","","","no","1","Farming","no","VND","50000000.00","121"
"VN","3147904","1900.0","26","funded","2026-04-06","2026-02-27","","","no","1","Cattle","no","VND","50000000.00","121"
"VN","3146265","1925.0","20","funded","2026-04-02","2026-03-06","","","no","1","Pigs","no","VND","50000000.00","121"
"VN","3146271","1925.0","20","funded","2026-03-26","2026-03-10","","","no","1","Agriculture","no","VND","50000000.00","121"
"VN","3146273","1925.0","20","funded","2026-03-26","2026-03-10","","","no","1","Agriculture","no","VND","50000000.00","121"
"VN","3146267","1925.0","20","funded","2026-04-21","2026-03-06","","","no","1","Poultry","no","VND","50000000.00","121"
"VN","3146261","1925.0","26","funded","2026-04-15","2026-03-10","","","no","1","Livestock","no","VND","50000000.00","121"
"VN","3146222","1925.0","26","funded","2026-04-12","2026-03-17","","","no","1","Livestock","no","VND","50000000.00","121"
"VN","3144026","1925.0","20","funded","2026-03-25","2026-03-10","","","no","1","Farming","no","VND","50000000.00","121"
"VN","3145038","1925.0","20","funded","2026-03-26","2026-03-13","","","no","1","Agriculture","no","VND","50000000.00","121"
"VN","3145044","1925.0","20","funded","2026-04-04","2026-03-13","","","no","1","Agriculture","no","VND","50000000.00","121"
"VN","3145004","1925.0","20","funded","2026-03-25","2026-03-12","","","no","1","Farming","no","VND","50000000.00","121"
"VN","3141531","1925.0","17","funded","2026-03-22","2026-03-04","","","no","1","Farming","no","VND","50000000.00","121"
"VN","3140868","1925.0","26","funded","2026-03-30","2026-02-11","","","no","1","Livestock","no","VND","50000000.00","121"
"VN","3139859","1925.0","17","funded","2026-03-26","2026-02-12","","","no","1","Cattle","no","VND","50000000.00","121"
"VN","3139857","1925.0","26","funded","2026-04-14","2026-02-11","","","no","1","Pigs","no","VND","50000000.00","121"
"VN","3137844","1925.0","26","funded","2026-03-27","2026-02-06","","","no","1","Livestock","no","VND","50000000.00","121"
"VN","3137839","1925.0","17","funded","2026-04-11","2026-02-09","","","no","1","Cattle","no","VND","50000000.00","121"
"VN","3137835","1925.0","20","funded","2026-04-09","2026-02-09","","","no","1","Cattle","no","VND","50000000.00","121"
"VN","3137832","1550.0","17","funded","2026-03-28","2026-02-10","","","no","1","Livestock","no","VND","40000000.00","121"
"VN","3137830","1925.0","26","funded","2026-03-24","2026-02-11","","","no","1","Farming","no","VND","50000000.00","121"
"VN","3137827","1925.0","26","funded","2026-03-19","2026-02-25","","","no","1","Cattle","no","VND","50000000.00","121"
"VN","3135716","775.0","20","funded","2026-03-21","2026-02-12","","","no","1","Agriculture","no","VND","20000000.00","121"
"VN","3136042","1925.0","20","funded","2026-03-20","2026-02-04","","","no","1","Cattle","no","VND","50000000.00","121"
"VN","3136053","1925.0","20","funded","2026-03-25","2026-02-04","","","no","1","Agriculture","no","VND","50000000.00","121"
"VN","3136038","1925.0","17","funded","2026-04-07","2026-02-03","","","no","1","Cattle","no","VND","50000000.00","121"
"VN","3135720","1550.0","20","funded","2026-03-04","2026-02-11","","","no","1","Agriculture","no","VND","40000000.00","121"
"VN","3135669","1925.0","20","funded","2026-04-01","2026-02-11","","","no","1","Farming","no","VND","50000000.00","121"
"VN","3135719","1150.0","20","funded","2026-03-09","2026-02-12","","","no","1","Cattle","no","VND","30000000.00","121"
"VN","3135648","1550.0","17","funded","2026-03-17","2026-02-06","","","no","1","Cattle","no","VND","40000000.00","121"
"VN","3135646","1925.0","20","funded","2026-04-03","2026-02-06","","","no","1","Pigs","no","VND","50000000.00","121"
"VN","3135638","1925.0","17","funded","2026-03-17","2026-02-06","","","no","1","Poultry","no","VND","50000000.00","121"
"VN","3134167","1350.0","20","funded","2026-03-08","2026-02-05","","","no","1","Agriculture","no","VND","35000000.00","121"
"VN","3134156","1550.0","26","funded","2026-03-26","2026-02-04","","","no","1","Cattle","no","VND","40000000.00","121"
"VN","3133241","1925.0","20","funded","2026-03-06","2026-02-06","","","no","1","Agriculture","no","VND","50000000.00","121"
"VN","3133189","1550.0","20","funded","2026-03-17","2026-01-29","","","no","1","Farming","no","VND","40000000.00","121"
"VN","3132785","1925.0","20","funded","2026-03-31","2026-01-26","","","no","1","Farming","no","VND","50000000.00","121"
"VN","3132789","1550.0","17","funded","2026-03-18","2026-01-26","","","no","1","Farming","no","VND","40000000.00","121"
"VN","3125229","1950.0","20","funded","2026-03-25","2026-01-28","","","no","1","Farming","no","VND","50000000.00","121"
"VN","3125239","1950.0","20","funded","2026-03-28","2026-02-05","","","no","1","Pigs","no","VND","50000000.00","121"
"VN","3124829","1950.0","20","funded","2026-03-29","2026-01-28","","","no","1","Agriculture","no","VND","50000000.00","121"
"VN","3124825","1950.0","26","funded","2026-03-21","2026-01-26","","","no","1","Cattle","no","VND","50000000.00","121"
"VN","3133201","1150.0","20","funded","2026-03-02","2026-02-06","","","no","1","Agriculture","no","VND","30000000.00","121"
"VN","3124821","1950.0","20","funded","2026-03-04","2026-01-26","","","no","1","Agriculture","no","VND","50000000.00","121"
"VN","3124817","1950.0","20","funded","2026-03-25","2026-01-23","","","no","1","Farming","no","VND","50000000.00","121"
"VN","3124813","1950.0","22","funded","2026-03-25","2026-01-22","","","no","1","Agriculture","no","VND","50000000.00","121"
"VN","3124814","1550.0","22","funded","2026-03-02","2026-01-22","","","no","1","Agriculture","no","VND","40000000.00","121"
"VN","3123684","1950.0","20","funded","2026-03-25","2026-01-26","","","no","1","Cattle","no","VND","50000000.00","121"
"VN","3123690","1550.0","26","funded","2026-02-27","2026-01-27","","","no","1","Livestock","no","VND","40000000.00","121"
"VN","3123679","1950.0","20","funded","2026-02-25","2026-01-26","","","no","1","Farming","no","VND","50000000.00","121"
"VN","3123683","1950.0","20","funded","2026-03-17","2026-01-26","","","no","1","Farming","no","VND","50000000.00","121"
"VN","3123644","1950.0","20","funded","2026-03-24","2026-01-23","","","no","1","Farming","no","VND","50000000.00","121"
"VN","3123649","1950.0","20","funded","2026-03-25","2026-01-23","","","no","1","Farming","no","VND","50000000.00","121"
"VN","3123695","1175.0","17","funded","2026-02-24","2026-01-28","","","no","1","Cattle","no","VND","30000000.00","121"
"VN","3123186","1950.0","17","funded","2026-03-25","2026-01-23","","","no","1","Agriculture","no","VND","50000000.00","121"
"VN","3123183","1950.0","17","funded","2026-03-24","2026-01-23","","","no","1","Cattle","no","VND","50000000.00","121"
"VN","3123165","1950.0","20","funded","2026-03-25","2026-01-22","","","no","1","Cattle","no","VND","50000000.00","121"
"VN","3123172","1175.0","20","funded","2026-02-23","2026-01-22","","","no","1","Cattle","no","VND","30000000.00","121"
"VN","3122997","1950.0","20","funded","2026-03-25","2026-01-22","","","no","1","Farming","no","VND","50000000.00","121"
"VN","3122992","1950.0","20","funded","2026-03-23","2026-01-22","","","no","1","Livestock","no","VND","50000000.00","121"
"VN","3122990","1950.0","20","funded","2026-03-25","2026-01-22","","","no","1","Agriculture","no","VND","50000000.00","121"
"VN","3122973","1550.0","20","funded","2026-03-08","2026-01-21","","","no","1","Agriculture","no","VND","40000000.00","121"
"VN","3122954","1550.0","22","funded","2026-03-01","2026-01-20","","","no","1","Cattle","no","VND","40000000.00","121"
"VN","3121961","1925.0","20","funded","2026-03-08","2026-01-20","","","no","1","Agriculture","no","VND","50000000.00","121"
"VN","3122955","1950.0","20","funded","2026-03-17","2026-01-21","","","no","1","Aquaculture","no","VND","50000000.00","121"
"VN","3121946","1925.0","20","funded","2026-03-12","2026-01-20","","","no","1","Farming","no","VND","50000000.00","121"
"VN","3121950","1175.0","20","funded","2026-02-20","2026-01-20","","","no","1","Cattle","no","VND","30000000.00","121"
"VN","3121944","1925.0","26","funded","2026-03-18","2026-01-20","","","no","1","Cattle","no","VND","50000000.00","121"
"VN","3121911","1925.0","20","funded","2026-03-19","2026-01-20","","","no","1","Aquaculture","no","VND","50000000.00","121"
"VN","3121907","1925.0","20","funded","2026-03-22","2026-01-20","","","no","1","Farming","no","VND","50000000.00","121"
"VN","3121858","1925.0","20","funded","2026-03-25","2026-01-16","","","no","1","Agriculture","no","VND","50000000.00","121"
"VN","3121836","1925.0","20","funded","2026-03-08","2026-01-16","","","no","1","Livestock","no","VND","50000000.00","121"
"VN","3121829","1925.0","26","funded","2026-03-19","2026-01-15","","","no","1","Livestock","no","VND","50000000.00","121"
"VN","3121796","1925.0","22","funded","2026-03-10","2026-01-14","","","no","1","Farming","no","VND","50000000.00","121"
"VN","3121798","1925.0","26","funded","2026-03-18","2026-01-15","","","no","1","Livestock","no","VND","50000000.00","121"
"VN","3121794","1925.0","20","funded","2026-03-11","2026-01-14","","","no","1","Cattle","no","VND","50000000.00","121"
"VN","3120945","1925.0","20","funded","2026-03-16","2026-01-09","","","no","1","Farming","no","VND","50000000.00","121"
"VN","3121450","1925.0","26","funded","2026-03-20","2026-01-23","","","no","1","Farming","no","VND","50000000.00","121"
"VN","3120941","1925.0","26","funded","2026-03-12","2026-01-08","","","no","1","Cattle","no","VND","50000000.00","121"
"VN","3120944","1925.0","26","funded","2026-03-02","2026-01-08","","","no","1","Livestock","no","VND","50000000.00","121"
"VN","3120935","1925.0","20","funded","2026-03-14","2026-01-07","","","no","1","Cattle","no","VND","50000000.00","121"
"VN","3119407","1925.0","20","funded","2026-03-25","2026-01-08","","","no","1","Agriculture","no","VND","50000000.00","121"
"VN","3119411","1925.0","20","funded","2026-03-18","2026-01-07","","","no","1","Agriculture","no","VND","50000000.00","121"
"VN","3118476","1925.0","20","funded","2026-03-25","2026-01-08","","","no","1","Agriculture","no","VND","50000000.00","121"
"VN","3119404","1925.0","20","funded","2026-03-05","2026-01-13","","","no","1","Agriculture","no","VND","50000000.00","121"
"VN","3118469","1925.0","20","funded","2026-03-04","2026-01-08","","","no","1","Agriculture","no","VND","50000000.00","121"
"VN","3118464","1925.0","17","funded","2026-03-25","2026-01-08","","","no","1","Cattle","no","VND","50000000.00","121"
"VN","3117865","1550.0","20","funded","2026-03-13","2026-01-07","","","no","1","Agriculture","no","VND","40000000.00","121"
"VN","3118460","1925.0","26","funded","2026-03-03","2026-01-13","","","no","1","Agriculture","no","VND","50000000.00","121"
"VN","3117845","1925.0","20","funded","2026-03-18","2026-01-06","","","no","1","Farming","no","VND","50000000.00","121"
"VN","3117077","1900.0","20","funded","2026-03-24","2026-01-06","","","no","1","Farming","no","VND","50000000.00","121"
"VN","3117075","1900.0","20","funded","2026-03-01","2026-01-20","","","no","1","Agriculture","no","VND","50000000.00","121"
"VN","3116086","1925.0","20","funded","2026-02-24","2026-01-08","","","no","1","Farming","no","VND","50000000.00","121"
"VN","3116090","1925.0","20","funded","2026-02-24","2026-01-08","","","no","1","Farming","no","VND","50000000.00","121"
"VN","3117059","1900.0","20","funded","2026-03-09","2026-01-09","","","no","1","Cattle","no","VND","50000000.00","121"
"VN","3116083","1925.0","20","funded","2026-03-25","2026-01-12","","","no","1","Farming","no","VND","50000000.00","121"
"VN","3115222","1925.0","20","funded","2026-03-01","2026-01-15","","","no","1","Farming","no","VND","50000000.00","121"
"VN","3115213","1925.0","20","funded","2026-03-11","2026-01-15","","","no","1","Cattle","no","VND","50000000.00","121"
"VN","3115212","1925.0","20","funded","2026-03-09","2026-01-15","","","no","1","Cattle","no","VND","50000000.00","121"
"VN","3121470","1175.0","20","funded","2026-02-21","2026-01-13","","","no","1","Agriculture","no","VND","30000000.00","121"
"VN","3115200","1925.0","20","funded","2026-03-10","2026-01-06","","","no","1","Farming","no","VND","50000000.00","121"
"VN","3115199","1925.0","20","funded","2026-03-23","2026-01-12","","","no","1","Agriculture","no","VND","50000000.00","121"
"VN","3115204","1925.0","26","funded","2026-03-11","2026-01-07","","","no","1","Agriculture","no","VND","50000000.00","121"
"VN","3114518","1925.0","20","funded","2026-03-19","2026-01-06","","","no","1","Farming","no","VND","50000000.00","121"
"VN","3114529","1925.0","26","funded","2026-02-23","2026-01-07","","","no","1","Farming","no","VND","50000000.00","121"
"VN","3114531","1925.0","26","funded","2026-03-09","2026-01-07","","","no","1","Pigs","no","VND","50000000.00","121"
"VN","3114506","1925.0","20","funded","2026-03-11","2026-01-06","","","no","1","Farming","no","VND","50000000.00","121"
"VN","3114507","1925.0","20","funded","2026-03-18","2026-01-06","","","no","1","Farming","no","VND","50000000.00","121"
"VN","3113220","1900.0","20","funded","2026-03-12","2026-01-07","","","no","1","Poultry","no","VND","50000000.00","121"
"VN","3113221","1900.0","20","funded","2026-03-18","2026-01-07","","","no","1","Animal Sales","no","VND","50000000.00","121"
"VN","3113219","1900.0","26","funded","2026-03-01","2026-01-07","","","no","1","Agriculture","no","VND","50000000.00","121"
"VN","3113213","1900.0","26","funded","2026-03-01","2025-12-23","","","no","1","Cattle","no","VND","50000000.00","121"
"VN","3113205","1525.0","17","funded","2026-02-25","2025-12-20","","","no","1","Pigs","no","VND","40000000.00","121"
"VN","3113061","1925.0","26","funded","2026-02-28","2025-12-19","","","no","1","Cattle","no","VND","50000000.00","121"
"VN","3115209","1150.0","20","funded","2026-02-18","2026-01-15","","","no","1","Pigs","no","VND","30000000.00","121"
"VN","3113202","1525.0","20","funded","2026-02-17","2025-12-22","","","no","1","Farming","no","VND","40000000.00","121"
"VN","3123652","775.0","20","funded","2026-02-16","2026-01-24","","","no","1","Cattle","no","VND","20000000.00","121"
"VN","3119405","775.0","17","funded","2026-02-08","2026-01-12","","","no","1","Cattle","no","VND","20000000.00","121"
"VN","3114520","1150.0","20","funded","2026-01-27","2026-01-06","","","no","1","Farming","no","VND","30000000.00","121"
"VN","3112415","1925.0","20","funded","2026-02-18","2025-12-17","","","no","1","Farming","no","VND","50000000.00","121"
"VN","3113217","1150.0","20","funded","2026-01-22","2026-01-07","","","no","1","Agriculture","no","VND","30000000.00","121"
"VN","3112221","1925.0","20","funded","2026-02-13","2025-12-21","","","no","1","Cattle","no","VND","50000000.00","121"
"VN","3111465","1900.0","17","funded","2026-02-12","2025-12-23","","","no","1","Cattle","no","VND","50000000.00","121"
"VN","3110998","1900.0","26","funded","2026-01-24","2025-12-23","","","no","1","Agriculture","no","VND","50000000.00","121"
"VN","3110990","1900.0","20","funded","2026-01-27","2025-12-23","","","no","1","Agriculture","no","VND","50000000.00","121"
"VN","3110884","1925.0","17","funded","2026-02-03","2025-12-15","","","no","1","Cattle","no","VND","50000000.00","121"
"VN","3110880","1150.0","20","funded","2026-01-21","2025-12-15","","","no","1","Agriculture","no","VND","30000000.00","121"
"VN","3110988","1900.0","20","funded","2026-01-23","2025-12-22","","","no","1","Agriculture","no","VND","50000000.00","121"
"VN","3110755","1925.0","20","funded","2026-02-13","2025-12-14","","","no","1","Farming","no","VND","50000000.00","121"
"VN","3110749","1925.0","20","funded","2026-01-27","2025-12-15","","","no","1","Cattle","no","VND","50000000.00","121"
"VN","3110286","1925.0","26","funded","2026-02-13","2025-12-25","","","no","1","Farming","no","VND","50000000.00","121"
"VN","3110302","1525.0","20","funded","2026-01-20","2025-12-26","","","no","1","Agriculture","no","VND","40000000.00","121"
"VN","3108387","1925.0","26","funded","2026-01-22","2025-12-24","","","no","1","Cattle","no","VND","50000000.00","121"
"VN","3109113","1150.0","20","funded","2026-01-20","2025-12-25","","","no","1","Agriculture","no","VND","30000000.00","121"
"VN","3108386","1925.0","26","funded","2026-02-13","2025-12-24","","","no","1","Pigs","no","VND","50000000.00","121"
"VN","3108385","1925.0","20","funded","2026-02-12","2025-12-24","","","no","1","Agriculture","no","VND","50000000.00","121"
"VN","3107952","1925.0","26","funded","2026-02-12","2025-12-10","","","no","1","Cattle","no","VND","50000000.00","121"
"VN","3107940","1925.0","20","funded","2026-02-12","2025-12-10","","","no","1","Agriculture","no","VND","50000000.00","121"
"VN","3107922","1925.0","26","funded","2026-02-12","2025-12-10","","","no","1","Cattle","no","VND","50000000.00","121"
"VN","3107935","1925.0","26","funded","2026-02-12","2025-12-10","","","no","1","Agriculture","no","VND","50000000.00","121"
"VN","3107624","1925.0","26","funded","2026-02-01","2025-12-10","","","no","1","Poultry","no","VND","50000000.00","121"
"VN","3107337","1925.0","26","funded","2026-02-12","2025-12-09","","","no","1","Cattle","no","VND","50000000.00","121"
"VN","3107336","1525.0","20","funded","2026-01-30","2025-12-09","","","no","1","Cattle","no","VND","40000000.00","121"
"VN","3107333","1925.0","22","funded","2026-02-12","2025-12-09","","","no","1","Cattle","no","VND","50000000.00","121"
"VN","3107329","1925.0","20","funded","2026-02-04","2025-12-09","","","no","1","Agriculture","no","VND","50000000.00","121"
"VN","3107323","1925.0","20","funded","2026-02-12","2025-12-09","","","no","1","Pigs","no","VND","50000000.00","121"
"VN","3107325","1925.0","26","funded","2026-02-12","2025-12-09","","","no","1","Agriculture","no","VND","50000000.00","121"
"VN","3107319","1925.0","26","funded","2026-02-01","2025-12-09","","","no","1","Livestock","no","VND","50000000.00","121"
"VN","3107312","1925.0","26","funded","2026-02-12","2025-12-09","","","no","1","Agriculture","no","VND","50000000.00","121"
"VN","3107303","1925.0","20","funded","2026-02-12","2025-12-09","","","no","1","Farming","no","VND","50000000.00","121"
"VN","3107305","1925.0","26","funded","2026-01-27","2025-12-09","","","no","1","Agriculture","no","VND","50000000.00","121"
"VN","3107298","1925.0","20","funded","2026-01-26","2025-12-09","","","no","1","Farming","no","VND","50000000.00","121"
"VN","3107300","1925.0","20","funded","2026-01-22","2025-12-09","","","no","1","Farming","no","VND","50000000.00","121"
"VN","3107297","1925.0","20","funded","2026-02-12","2025-12-09","","","no","1","Farming","no","VND","50000000.00","121"
"VN","3107290","1925.0","20","funded","2026-02-12","2025-12-09","","","no","1","Farming","no","VND","50000000.00","121"
"VN","3106977","1925.0","26","funded","2026-01-27","2025-12-09","","","no","1","Livestock","no","VND","50000000.00","121"
"VN","3106962","1925.0","20","funded","2026-02-11","2025-12-08","","","no","1","Cattle","no","VND","50000000.00","121"
"VN","3106969","1925.0","26","funded","2026-02-12","2025-12-08","","","no","1","Pigs","no","VND","50000000.00","121"
"VN","3106960","1925.0","26","funded","2026-02-12","2025-12-09","","","no","1","Cattle","no","VND","50000000.00","121"
"VN","3106204","1900.0","20","funded","2026-02-12","2025-12-04","","","no","1","Agriculture","no","VND","50000000.00","121"
"VN","3106197","1900.0","20","funded","2026-02-12","2025-12-04","","","no","1","Farming","no","VND","50000000.00","121"
"VN","3106202","1900.0","20","funded","2026-02-12","2025-12-04","","","no","1","Cattle","no","VND","50000000.00","121"
"VN","3105161","1925.0","20","funded","2026-02-12","2025-12-04","","","no","1","Agriculture","no","VND","50000000.00","121"
"VN","3105160","1925.0","20","funded","2026-02-12","2025-12-03","","","no","1","Agriculture","no","VND","50000000.00","121"
"VN","3103936","1925.0","20","funded","2026-02-12","2025-11-27","","","no","1","Animal Sales","no","VND","50000000.00","121"
"VN","3107950","1150.0","20","funded","2026-01-20","2025-12-10","","","no","1","Agriculture","no","VND","30000000.00","121"
"VN","3103784","1900.0","20","funded","2026-02-12","2025-11-26","","","no","1","Farming","no","VND","50000000.00","121"
"VN","3103782","1900.0","20","funded","2026-02-02","2025-11-26","","","no","1","Farming","no","VND","50000000.00","121"
"VN","3103776","1900.0","20","funded","2026-02-12","2025-11-26","","","no","1","Livestock","no","VND","50000000.00","121"
"VN","3103774","1900.0","20","funded","2026-02-10","2025-11-27","","","no","1","Livestock","no","VND","50000000.00","121"
"VN","3103723","1525.0","20","funded","2026-01-24","2025-11-25","","","no","1","Pigs","no","VND","40000000.00","121"
"VN","3107311","1150.0","20","funded","2026-01-20","2025-12-09","","","no","1","Agriculture","no","VND","30000000.00","121"
"VN","3103291","1900.0","20","funded","2026-02-12","2025-11-26","","","no","1","Cattle","no","VND","50000000.00","121"
"VN","3103287","1900.0","20","funded","2026-02-12","2025-11-25","","","no","1","Livestock","no","VND","50000000.00","121"
"VN","3102929","1900.0","20","funded","2026-02-12","2025-11-25","","","no","1","Farming","no","VND","50000000.00","121"
"VN","3102797","1900.0","22","funded","2026-02-03","2025-11-25","","","no","1","Farming","no","VND","50000000.00","121"
"VN","3102792","1900.0","26","funded","2026-02-12","2025-11-25","","","no","1","Farming","no","VND","50000000.00","121"
"VN","3102788","1900.0","26","funded","2026-02-12","2025-11-25","","","no","1","Farming","no","VND","50000000.00","121"
"VN","3102783","1900.0","20","funded","2026-02-12","2025-11-24","","","no","1","Farming","no","VND","50000000.00","121"
"VN","3102761","1900.0","20","funded","2026-02-06","2025-11-23","","","no","1","Farming","no","VND","50000000.00","121"
"VN","3102741","1525.0","20","funded","2026-01-19","2025-11-23","","","no","1","Cattle","no","VND","40000000.00","121"
"VN","3101202","1900.0","26","funded","2026-02-12","2025-11-27","","","no","1","Agriculture","no","VND","50000000.00","121"
"VN","3100516","1900.0","26","funded","2026-02-11","2025-11-26","","","no","1","Cattle","no","VND","50000000.00","121"
"VN","3100513","1900.0","20","funded","2026-02-08","2025-11-27","","","no","1","Agriculture","no","VND","50000000.00","121"
"VN","3100519","1900.0","20","funded","2026-01-25","2025-11-26","","","no","1","Agriculture","no","VND","50000000.00","121"
"VN","3100511","1900.0","20","funded","2026-02-11","2025-11-28","","","no","1","Cattle","no","VND","50000000.00","121"
"VN","3100512","1900.0","26","funded","2026-02-11","2025-11-28","","","no","1","Agriculture","no","VND","50000000.00","121"
"VN","3098841","1925.0","26","funded","2026-02-05","2025-11-18","","","no","1","Agriculture","no","VND","50000000.00","121"
"VN","3100508","1525.0","20","funded","2026-01-23","2025-11-26","","","no","1","Agriculture","no","VND","40000000.00","121"
"VN","3098839","1925.0","20","funded","2026-02-06","2025-11-18","","","no","1","Pigs","no","VND","50000000.00","121"
"VN","3098766","1925.0","20","funded","2026-02-06","2025-11-18","","","no","1","Agriculture","no","VND","50000000.00","121"
"VN","3106196","1350.0","20","funded","2026-01-19","2025-12-04","","","no","1","Farming","no","VND","35000000.00","121"
"VN","3098700","1925.0","22","funded","2026-02-03","2025-11-17","","","no","1","Agriculture","no","VND","50000000.00","121"
"VN","3098557","1925.0","20","funded","2026-02-02","2025-11-17","","","no","1","Agriculture","no","VND","50000000.00","121"
"VN","3103783","1150.0","20","funded","2026-01-17","2025-11-26","","","no","1","Agriculture","no","VND","30000000.00","121"
"VN","3106198","775.0","20","funded","2026-01-07","2025-12-04","","","no","1","Pigs","no","VND","20000000.00","121"
"VN","3102767","1150.0","17","funded","2025-12-31","2025-11-24","","","no","1","Cattle","no","VND","30000000.00","121"
"VN","3102801","775.0","20","funded","2025-12-28","2025-11-25","","","no","1","Animal Sales","no","VND","20000000.00","121"
"VN","3098186","1925.0","26","funded","2025-12-26","2025-11-25","","","no","1","Livestock","no","VND","50000000.00","121"
"VN","3098566","1525.0","20","funded","2026-01-06","2025-11-17","","","no","1","Cattle","no","VND","40000000.00","121"
"VN","3096981","1900.0","26","funded","2026-01-22","2025-11-23","","","no","1","Pigs","no","VND","50000000.00","121"
"VN","3096971","1900.0","20","funded","2025-12-26","2025-11-20","","","no","1","Farming","no","VND","50000000.00","121"
"VN","3096965","1900.0","17","funded","2025-12-26","2025-11-21","","","no","1","Livestock","no","VND","50000000.00","121"
"VN","3096963","1900.0","26","funded","2026-01-18","2025-11-11","","","no","1","Cattle","no","VND","50000000.00","121"
"VN","3096481","1900.0","22","funded","2025-12-26","2025-11-14","","","no","1","Agriculture","no","VND","50000000.00","121"
"VN","3096485","1900.0","26","funded","2025-12-26","2025-11-14","","","no","1","Agriculture","no","VND","50000000.00","121"
"VN","3096477","1900.0","22","funded","2026-01-22","2025-11-14","","","no","1","Aquaculture","no","VND","50000000.00","121"
"VN","3095965","1150.0","20","funded","2025-12-31","2025-11-14","","","no","1","Cattle","no","VND","30000000.00","121"
"VN","3095961","1900.0","20","funded","2025-12-25","2025-11-14","","","no","1","Farming","no","VND","50000000.00","121"
"VN","3095953","1150.0","20","funded","2025-12-28","2025-11-14","","","no","1","Cattle","no","VND","30000000.00","121"
"VN","3095958","1150.0","20","funded","2025-12-26","2025-11-14","","","no","1","Cattle","no","VND","30000000.00","121"
"VN","3095951","1150.0","17","funded","2025-12-26","2025-11-14","","","no","1","Cattle","no","VND","30000000.00","121"
"VN","3095909","1900.0","20","funded","2026-01-04","2025-11-13","","","no","1","Agriculture","no","VND","50000000.00","121"
"VN","3095859","1900.0","20","funded","2025-12-26","2025-11-12","","","no","1","Agriculture","no","VND","50000000.00","121"
"VN","3095849","1900.0","26","funded","2025-12-27","2025-11-12","","","no","1","Farming","no","VND","50000000.00","121"
"VN","3095857","1900.0","26","funded","2026-01-21","2025-11-12","","","no","1","Agriculture","no","VND","50000000.00","121"
"VN","3094662","1900.0","20","funded","2026-01-20","2025-11-12","","","no","1","Farming","no","VND","50000000.00","121"
"VN","3094657","1900.0","20","funded","2026-01-06","2025-11-12","","","no","1","Agriculture","no","VND","50000000.00","121"
"VN","3094647","1900.0","20","funded","2026-01-21","2025-11-12","","","no","1","Agriculture","no","VND","50000000.00","121"
"VN","3094552","1925.0","26","funded","2026-01-22","2025-11-12","","","no","1","Agriculture","no","VND","50000000.00","121"
"VN","3095863","1150.0","17","funded","2025-12-22","2025-11-13","","","no","1","Farming","no","VND","30000000.00","121"
"VN","3094386","1925.0","22","funded","2026-01-01","2025-11-12","","","no","1","Farming","no","VND","50000000.00","121"
"VN","3094292","1925.0","20","funded","2025-12-19","2025-11-10","","","no","1","Beekeeping","no","VND","50000000.00","121"
"VN","3093948","1900.0","20","funded","2026-01-02","2025-11-21","","","no","1","Cattle","no","VND","50000000.00","121"
"VN","3093086","1900.0","20","funded","2026-01-05","2025-11-11","","","no","1","Cattle","no","VND","50000000.00","121"
"VN","3092659","1900.0","20","funded","2026-01-22","2025-11-06","","","no","1","Cattle","no","VND","50000000.00","121"
"VN","3093084","1900.0","17","funded","2026-01-20","2025-11-11","","","no","1","Cattle","no","VND","50000000.00","121"
"VN","3092662","1900.0","20","funded","2026-01-01","2025-11-10","","","no","1","Agriculture","no","VND","50000000.00","121"
"VN","3092604","1900.0","26","funded","2026-01-20","2025-11-11","","","no","1","Cattle","no","VND","50000000.00","121"
"VN","3092347","1900.0","20","funded","2025-12-24","2025-11-06","","","no","1","Livestock","no","VND","50000000.00","121"
"VN","3092620","1150.0","20","funded","2025-12-26","2025-11-10","","","no","1","Agriculture","no","VND","30000000.00","121"
"VN","3091081","1900.0","20","funded","2026-01-01","2025-11-07","","","no","1","Farming","no","VND","50000000.00","121"
"VN","3091089","1900.0","20","funded","2026-01-16","2025-11-06","","","no","1","Cattle","no","VND","50000000.00","121"
"VN","3091051","1900.0","20","funded","2026-01-22","2025-11-06","","","no","1","Agriculture","no","VND","50000000.00","121"
"VN","3090199","1900.0","20","funded","2025-12-26","2025-11-13","","","no","1","Aquaculture","no","VND","50000000.00","121"
"VN","3089654","1525.0","20","funded","2025-12-26","2025-11-20","","","no","1","Farming","no","VND","40000000.00","121"
"VN","3089649","1900.0","20","funded","2025-12-30","2025-11-26","","","no","1","Cattle","no","VND","50000000.00","121"
"VN","3089646","1525.0","26","funded","2025-12-26","2025-11-11","","","no","1","Pigs","no","VND","40000000.00","121"
"VN","3091541","1150.0","20","funded","2025-12-25","2025-11-07","","","no","1","Agriculture","no","VND","30000000.00","121"
"VN","3089274","1900.0","17","funded","2026-01-21","2025-11-10","","","no","1","Cattle","no","VND","50000000.00","121"
"VN","3088395","1150.0","26","funded","2025-12-22","2025-10-29","","","no","1","Livestock","no","VND","30000000.00","121"
"VN","3088394","1900.0","26","funded","2026-01-04","2025-10-30","","","no","1","Cattle","no","VND","50000000.00","121"
"VN","3088389","1525.0","20","funded","2025-12-22","2025-10-30","","","no","1","Agriculture","no","VND","40000000.00","121"
"VN","3087091","1900.0","20","funded","2026-01-19","2025-10-28","","","no","1","Cattle","no","VND","50000000.00","121"
"VN","3087098","1900.0","26","funded","2026-01-20","2025-10-29","","","no","1","Cattle","no","VND","50000000.00","121"
"VN","3086035","1900.0","20","funded","2025-12-29","2025-10-27","","","no","1","Cattle","no","VND","50000000.00","121"
"VN","3086027","1900.0","20","funded","2026-01-13","2025-10-27","","","no","1","Cattle","no","VND","50000000.00","121"
"VN","3086032","1525.0","20","funded","2025-12-26","2025-10-27","","","no","1","Cattle","no","VND","40000000.00","121"
"VN","3084713","1900.0","20","funded","2025-12-26","2025-10-21","","","no","1","Agriculture","no","VND","50000000.00","121"
"VN","3083849","1900.0","20","funded","2026-01-06","2025-10-22","","","no","1","Agriculture","no","VND","50000000.00","121"
"VN","3088384","1150.0","20","funded","2025-12-18","2025-10-30","","","no","1","Agriculture","no","VND","30000000.00","121"
"VN","3095854","950.0","26","funded","2025-12-19","2025-11-12","","","no","1","Agriculture","no","VND","25000000.00","121"
"VN","3083403","1900.0","20","funded","2026-01-01","2025-10-23","","","no","1","Pigs","no","VND","50000000.00","121"
"VN","3082944","1900.0","22","funded","2025-12-26","2025-10-21","","","no","1","Farming","no","VND","50000000.00","121"
"VN","3082941","1900.0","20","funded","2025-12-26","2025-10-21","","","no","1","Agriculture","no","VND","50000000.00","121"
"VN","3082940","1900.0","20","funded","2025-12-26","2025-10-21","","","no","1","Farming","no","VND","50000000.00","121"
"VN","3083398","1150.0","20","funded","2025-11-26","2025-10-22","","","no","1","Agriculture","no","VND","30000000.00","121"
"VN","3081205","1900.0","26","funded","2025-12-25","2025-10-20","","","no","1","Cattle","no","VND","50000000.00","121"
"VN","3081211","1900.0","20","funded","2025-12-27","2025-10-20","","","no","1","Cattle","no","VND","50000000.00","121"
"VN","3081196","1900.0","20","funded","2025-11-30","2025-10-20","","","no","1","Cattle","no","VND","50000000.00","121"
"VN","3081189","1900.0","20","funded","2025-12-26","2025-10-17","","","no","1","Pigs","no","VND","50000000.00","121"
"VN","3081183","1900.0","26","funded","2025-12-25","2025-10-17","","","no","1","Aquaculture","no","VND","50000000.00","121"
"VN","3081218","1150.0","17","funded","2025-12-03","2025-10-17","","","no","1","Cattle","no","VND","30000000.00","121"
"VN","3081181","1900.0","26","funded","2025-12-23","2025-10-17","","","no","1","Agriculture","no","VND","50000000.00","121"
"VN","3081145","1900.0","26","funded","2025-12-23","2025-10-20","","","no","1","Cattle","no","VND","50000000.00","121"
"VN","3080867","1900.0","17","funded","2025-12-03","2025-10-17","","","no","1","Animal Sales","no","VND","50000000.00","121"
"VN","3080864","1900.0","26","funded","2025-12-16","2025-10-17","","","no","1","Aquaculture","no","VND","50000000.00","121"
"VN","3080861","1150.0","17","funded","2025-11-22","2025-10-17","","","no","1","Cattle","no","VND","30000000.00","121"
"VN","3080862","1900.0","26","funded","2025-12-22","2025-10-17","","","no","1","Cattle","no","VND","50000000.00","121"
"VN","3080859","1900.0","20","funded","2025-12-14","2025-10-17","","","no","1","Agriculture","no","VND","50000000.00","121"
"VN","3080081","1900.0","17","funded","2025-12-22","2025-10-16","","","no","1","Agriculture","no","VND","50000000.00","121"
"VN","3080854","1900.0","26","funded","2025-12-23","2025-10-17","","","no","1","Agriculture","no","VND","50000000.00","121"
"VN","3080075","1900.0","20","funded","2025-12-23","2025-10-16","","","no","1","Agriculture","no","VND","50000000.00","121"
"VN","3080067","1900.0","20","funded","2025-11-24","2025-10-16","","","no","1","Agriculture","no","VND","50000000.00","121"
"VN","3080010","1900.0","26","funded","2025-12-23","2025-10-15","","","no","1","Agriculture","no","VND","50000000.00","121"
"VN","3079980","1900.0","20","funded","2025-12-23","2025-10-15","","","no","1","Agriculture","no","VND","50000000.00","121"
"VN","3079942","1900.0","20","funded","2025-12-23","2025-10-14","","","no","1","Cattle","no","VND","50000000.00","121"
"VN","3079923","1900.0","20","funded","2025-12-23","2025-10-15","","","no","1","Agriculture","no","VND","50000000.00","121"
"VN","3079248","1525.0","26","funded","2025-12-22","2025-10-14","","","no","1","Animal Sales","no","VND","40000000.00","121"
"VN","3079246","1925.0","20","funded","2025-12-21","2025-10-14","","","no","1","Agriculture","no","VND","50000000.00","121"
"VN","3079244","1925.0","20","funded","2025-12-23","2025-10-14","","","no","1","Farming","no","VND","50000000.00","121"
"VN","3079243","1925.0","20","funded","2025-12-23","2025-10-14","","","no","1","Cattle","no","VND","50000000.00","121"
"VN","3079228","1925.0","20","funded","2025-12-23","2025-10-30","","","no","1","Agriculture","no","VND","50000000.00","121"
"VN","3078793","1925.0","20","funded","2025-12-23","2025-10-11","","","no","1","Agriculture","no","VND","50000000.00","121"
"VN","3078791","1925.0","22","funded","2025-12-19","2025-10-11","","","no","1","Cattle","no","VND","50000000.00","121"
"VN","3078788","1925.0","20","funded","2025-12-23","2025-10-11","","","no","1","Farming","no","VND","50000000.00","121"
"VN","3077561","1900.0","26","funded","2025-12-23","2025-10-10","","","no","1","Agriculture","no","VND","50000000.00","121"
"VN","3077558","1900.0","26","funded","2025-12-15","2025-10-10","","","no","1","Agriculture","no","VND","50000000.00","121"
"VN","3075437","1925.0","20","funded","2025-12-23","2025-10-10","","","no","1","Farming","no","VND","50000000.00","121"
"VN","3075434","1925.0","17","funded","2025-12-22","2025-10-10","","","no","1","Farming","no","VND","50000000.00","121"
"VN","3075435","1925.0","17","funded","2025-12-16","2025-10-10","","","no","1","Cattle","no","VND","50000000.00","121"
"VN","3075423","1925.0","17","funded","2025-12-23","2025-10-22","","","no","1","Cattle","no","VND","50000000.00","121"
"VN","3075422","1525.0","26","funded","2025-12-18","2025-10-27","","","no","1","Cattle","no","VND","40000000.00","121"
"VN","3075415","1925.0","17","funded","2025-12-23","2025-10-09","","","no","1","Cattle","no","VND","50000000.00","121"
"VN","3075162","1925.0","26","funded","2025-12-23","2025-10-17","","","no","1","Animal Sales","no","VND","50000000.00","121"
"VN","3072580","1925.0","26","funded","2025-12-19","2025-10-10","","","no","1","Agriculture","no","VND","50000000.00","121"
"VN","3072513","1925.0","20","funded","2025-12-23","2025-10-09","","","no","1","Agriculture","no","VND","50000000.00","121"
"VN","3072516","1925.0","20","funded","2025-12-23","2025-10-09","","","no","1","Agriculture","no","VND","50000000.00","121"
"VN","3072524","1925.0","20","funded","2025-12-18","2025-10-08","","","no","1","Agriculture","no","VND","50000000.00","121"
"VN","3072507","1925.0","20","funded","2025-12-23","2025-10-07","","","no","1","Farming","no","VND","50000000.00","121"
"VN","3072503","1925.0","20","funded","2025-12-23","2025-10-06","","","no","1","Farming","no","VND","50000000.00","121"
"VN","3072499","1925.0","22","funded","2025-12-21","2025-09-30","","","no","1","Farming","no","VND","50000000.00","121"
"VN","3072501","1525.0","20","funded","2025-12-03","2025-10-06","","","no","1","Farming","no","VND","40000000.00","121"
"VN","3072506","1150.0","20","funded","2025-11-24","2025-10-06","","","no","1","Cattle","no","VND","30000000.00","121"
"VN","3072011","1925.0","26","funded","2025-12-02","2025-10-20","","","no","1","Cattle","no","VND","50000000.00","121"
"VN","3072028","1925.0","20","funded","2025-12-23","2025-10-27","","","no","1","Cattle","no","VND","50000000.00","121"
"VN","3071996","1925.0","20","funded","2025-12-03","2025-10-10","","","no","1","Cattle","no","VND","50000000.00","121"
"VN","3072002","1925.0","20","funded","2025-12-23","2025-10-13","","","no","1","Cattle","no","VND","50000000.00","121"
"VN","3071352","1900.0","26","funded","2025-12-01","2025-10-10","","","no","1","Farming","no","VND","50000000.00","121"
"VN","3071764","1900.0","20","funded","2025-12-19","2025-10-08","","","no","1","Cattle","no","VND","50000000.00","121"
"VN","3070158","1900.0","26","funded","2025-12-23","2025-09-25","","","no","1","Livestock","no","VND","50000000.00","121"
"VN","3069736","1900.0","20","funded","2025-12-20","2025-09-25","","","no","1","Farming","no","VND","50000000.00","121"
"VN","3069731","1900.0","20","funded","2025-12-23","2025-09-25","","","no","1","Agriculture","no","VND","50000000.00","121"
"VN","3068368","1900.0","26","funded","2025-12-03","2025-09-25","","","no","1","Livestock","no","VND","50000000.00","121"
"VN","3068364","1900.0","26","funded","2025-12-23","2025-09-25","","","no","1","Livestock","no","VND","50000000.00","121"
"VN","3081815","2975.0","16","funded","2025-12-13","2025-10-17","","","no","5","Cattle","no","VND","78000000.00","342"
"VN","3081814","1375.0","15","funded","2025-11-18","2025-10-17","","","no","3","Pigs","no","VND","36000000.00","342"
"VN","3081812","2850.0","20","funded","2025-12-18","2025-10-17","","","no","5","Farming","no","VND","75000000.00","342"
"VN","3081813","1525.0","19","funded","2025-12-02","2025-10-17","","","no","3","Pigs","no","VND","40000000.00","342"
"VN","3081811","1350.0","21","funded","2025-11-25","2025-10-17","","","no","2","Cattle","no","VND","35000000.00","342"
"VN","3068363","1900.0","26","funded","2025-12-18","2025-09-25","","","no","1","Livestock","no","VND","50000000.00","121"
"VN","3068362","1900.0","26","funded","2025-12-18","2025-09-25","","","no","1","Livestock","no","VND","50000000.00","121"
"VN","3081201","1950.0","14","funded","2025-11-30","2025-10-17","","","no","3","Pigs","no","VND","51000000.00","342"
"VN","3068358","1900.0","20","funded","2025-12-10","2025-09-25","","","no","1","Livestock","no","VND","50000000.00","121"
"VN","3071063","1150.0","20","funded","2025-11-26","2025-09-26","","","no","1","Animal Sales","no","VND","30000000.00","121"
"VN","3068347","1900.0","20","funded","2025-12-11","2025-09-25","","","no","1","Farming","no","VND","50000000.00","121"
"VN","3068352","1900.0","20","funded","2025-12-09","2025-09-25","","","no","1","Farming","no","VND","50000000.00","121"
"VN","3068337","1900.0","20","funded","2025-12-08","2025-09-24","","","no","1","Cattle","no","VND","50000000.00","121"
"VN","3068332","1900.0","20","funded","2025-12-12","2025-09-24","","","no","1","Pigs","no","VND","50000000.00","121"
"VN","3068329","1900.0","20","funded","2025-12-12","2025-09-24","","","no","1","Livestock","no","VND","50000000.00","121"
"VN","3068327","1900.0","20","funded","2025-12-12","2025-09-24","","","no","1","Cattle","no","VND","50000000.00","121"
"VN","3069735","1525.0","20","funded","2025-11-22","2025-09-25","","","no","1","Agriculture","no","VND","40000000.00","121"
"VN","3069717","1150.0","17","funded","2025-11-20","2025-09-25","","","no","1","Pigs","no","VND","30000000.00","121"
"VN","3076457","775.0","18","funded","2025-11-18","2025-10-09","","","no","1","Pigs","no","VND","20000000.00","342"
"VN","3076440","575.0","19","funded","2025-11-14","2025-10-09","","","no","1","Agriculture","no","VND","15000000.00","342"
"VN","3076400","1525.0","19","funded","2025-11-20","2025-10-09","","","no","2","Cattle","no","VND","40000000.00","342"
"VN","3076344","1375.0","20","funded","2025-11-19","2025-10-09","","","no","3","Cattle","no","VND","36000000.00","342"
"VN","3076320","1725.0","21","funded","2025-12-04","2025-10-09","","","no","2","Pigs","no","VND","45000000.00","342"
"VN","3076311","1350.0","14","funded","2025-11-18","2025-10-09","","","no","2","Cattle","no","VND","35000000.00","342"
"VN","3076248","1900.0","20","funded","2025-12-09","2025-10-09","","","no","3","Poultry","no","VND","50000000.00","342"
"VN","3076236","1950.0","20","funded","2025-12-03","2025-10-09","","","no","3","Pigs","no","VND","51000000.00","342"
"VN","3076234","1900.0","18","funded","2025-11-26","2025-10-09","","","no","3","Poultry","no","VND","50000000.00","342"
"VN","3076245","3250.0","20","funded","2025-12-10","2025-10-09","","","no","4","Agriculture","no","VND","85000000.00","342"
"VN","3076217","1525.0","16","funded","2025-11-18","2025-10-09","","","no","2","Agriculture","yes","VND","40000000.00","342"
"VN","3076214","2100.0","20","funded","2025-12-03","2025-10-09","","","no","3","Agriculture","yes","VND","55000000.00","342"
"VN","3075061","2025.0","21","funded","2025-12-07","2025-10-03","","","no","4","Aquaculture","no","VND","53000000.00","342"
"VN","3075057","250.0","13","funded","2025-11-03","2025-10-03","","","no","1","Pigs","no","VND","6000000.00","342"
"VN","3075052","2100.0","20","funded","2025-12-07","2025-10-03","","","no","3","Pigs","no","VND","55000000.00","342"
"VN","3075045","575.0","11","funded","2025-11-04","2025-10-03","","","no","1","Poultry","no","VND","15000000.00","342"
"VN","3075036","775.0","12","funded","2025-11-04","2025-10-03","","","no","1","Aquaculture","no","VND","20000000.00","342"
"VN","3075035","400.0","14","funded","2025-11-03","2025-10-03","","","no","1","Cattle","no","VND","10000000.00","342"
"VN","3075034","400.0","13","funded","2025-11-03","2025-10-03","","","no","1","Pigs","no","VND","10000000.00","342"
"VN","3075032","3050.0","21","funded","2025-12-07","2025-10-03","","","no","4","Cattle","no","VND","80000000.00","342"
"VN","3068110","1900.0","26","funded","2025-12-02","2025-09-23","","","no","1","Agriculture","no","VND","50000000.00","121"
"VN","3074347","400.0","14","funded","2025-11-01","2025-10-03","","","no","1","Agriculture","yes","VND","10000000.00","342"
"VN","3074351","1150.0","14","funded","2025-11-05","2025-10-03","","","no","2","Cattle","no","VND","30000000.00","342"
"VN","3074343","1050.0","14","funded","2025-11-06","2025-10-03","","","no","3","Pigs","no","VND","27000000.00","342"
"VN","3074301","2300.0","20","funded","2025-11-25","2025-10-03","","","no","3","Livestock","no","VND","60000000.00","342"
"VN","3074117","775.0","13","funded","2025-11-02","2025-10-03","","","no","1","Agriculture","no","VND","20000000.00","342"
"VN","3070953","1725.0","20","funded","2025-11-22","2025-09-26","","","no","3","Pigs","no","VND","45000000.00","342"
"VN","3070954","2675.0","21","funded","2025-12-01","2025-09-26","","","no","4","Aquaculture","no","VND","70000000.00","342"
"VN","3068373","1525.0","20","funded","2025-11-09","2025-09-25","","","no","1","Cattle","no","VND","40000000.00","121"
"VN","3070982","2675.0","14","funded","2025-11-30","2025-09-26","","","no","4","Cattle","no","VND","70000000.00","342"
"VN","3070981","1150.0","21","funded","2025-11-11","2025-09-26","","","no","2","Pigs","no","VND","30000000.00","342"
"VN","3070980","725.0","14","funded","2025-10-29","2025-09-26","","","no","2","Livestock","no","VND","19000000.00","342"
"VN","3070979","575.0","16","funded","2025-10-28","2025-09-26","","","no","1","Pigs","no","VND","15000000.00","342"
"VN","3070977","775.0","21","funded","2025-11-01","2025-09-26","","","no","1","Cattle","no","VND","20000000.00","342"
"VN","3070973","1150.0","20","funded","2025-11-06","2025-09-26","","","no","2","Pigs","no","VND","30000000.00","342"
"VN","3070976","200.0","14","funded","2025-10-26","2025-09-26","","","no","1","Pigs","no","VND","5000000.00","342"
"VN","3070958","2700.0","17","funded","2025-11-30","2025-09-26","","","no","5","Poultry","no","VND","71000000.00","342"
"VN","3070971","1350.0","20","funded","2025-11-22","2025-09-26","","","no","2","Pigs","no","VND","35000000.00","342"
"VN","3070967","2100.0","21","funded","2025-11-27","2025-09-26","","","no","3","Aquaculture","no","VND","55000000.00","342"
"VN","3070952","2100.0","21","funded","2025-11-30","2025-09-26","","","no","3","Poultry","no","VND","55000000.00","342"
"VN","3070951","950.0","16","funded","2025-10-31","2025-09-26","","","no","2","Pigs","no","VND","25000000.00","342"
"VN","3068132","1900.0","22","funded","2025-11-29","2025-09-24","","","no","1","Cattle","no","VND","50000000.00","121"
"VN","3068109","1900.0","22","funded","2025-11-29","2025-09-23","","","no","1","Cattle","no","VND","50000000.00","121"
"VN","3067484","1900.0","20","funded","2025-11-29","2025-09-20","","","no","1","Farming","no","VND","50000000.00","121"
"VN","3068908","400.0","13","funded","2025-10-23","2025-09-26","","","no","1","Pigs","no","VND","10000000.00","342"
"VN","3068333","775.0","20","funded","2025-10-24","2025-09-24","","","no","1","Cattle","no","VND","20000000.00","121"
"VN","3067489","1525.0","20","funded","2025-11-08","2025-09-20","","","no","1","Livestock","no","VND","40000000.00","121"
"VN","3067828","1125.0","20","funded","2025-11-25","2025-09-23","","","no","1","Agriculture","no","VND","50000000.00","121"
"VN","3067407","575.0","14","funded","2025-10-21","2025-09-19","","","no","1","Cattle","no","VND","15000000.00","342"
"VN","3067406","1150.0","21","funded","2025-10-26","2025-09-19","","","no","2","Agriculture","no","VND","30000000.00","342"
"VN","3067405","2475.0","19","funded","2025-11-24","2025-09-19","","","no","4","Aquaculture","no","VND","65000000.00","342"
"VN","3067821","1900.0","20","funded","2025-11-12","2025-09-23","","","no","1","Cattle","no","VND","50000000.00","121"
"VN","3067819","1900.0","20","funded","2025-11-24","2025-09-23","","","no","1","Farming","no","VND","50000000.00","121"
"VN","3067809","1900.0","20","funded","2025-11-24","2025-09-22","","","no","1","Animal Sales","no","VND","50000000.00","121"
"VN","3067404","1525.0","19","funded","2025-10-30","2025-09-19","","","no","3","Pigs","no","VND","40000000.00","342"
"VN","3067408","1650.0","21","funded","2025-11-03","2025-09-19","","","no","4","Poultry","no","VND","43000000.00","342"
"VN","3067539","1525.0","20","funded","2025-11-05","2025-09-22","","","no","1","Farming","no","VND","40000000.00","121"
"VN","3067532","1495.0","20","funded","2025-11-24","2025-09-22","","","no","1","Agriculture","no","VND","50000000.00","121"
"VN","3067528","1150.0","17","funded","2025-10-28","2025-09-22","","","no","1","Aquaculture","no","VND","30000000.00","121"
"VN","3066957","1900.0","26","funded","2025-10-23","2025-09-18","","","no","1","Agriculture","no","VND","50000000.00","121"
"VN","3066954","710.0","20","funded","2025-11-23","2025-09-17","","","no","1","Pigs","no","VND","50000000.00","121"
"VN","3066974","1900.0","20","funded","2025-11-23","2025-09-19","","","no","1","Livestock","no","VND","50000000.00","121"
"VN","3066970","1900.0","20","funded","2025-11-23","2025-09-19","","","no","1","Pigs","no","VND","50000000.00","121"
"VN","3066968","1900.0","20","funded","2025-11-23","2025-09-18","","","no","1","Agriculture","no","VND","50000000.00","121"
"VN","3066966","1900.0","20","funded","2025-11-23","2025-09-18","","","no","1","Cattle","no","VND","50000000.00","121"
"VN","3066962","1900.0","20","funded","2025-11-23","2025-09-18","","","no","1","Agriculture","no","VND","50000000.00","121"
"VN","3066960","1900.0","26","funded","2025-11-23","2025-09-18","","","no","1","Agriculture","no","VND","50000000.00","121"
"VN","3066819","1900.0","20","funded","2025-11-23","2025-09-17","","","no","1","Pigs","no","VND","50000000.00","121"
"VN","3066950","1150.0","20","funded","2025-10-21","2025-09-17","","","no","1","Pigs","no","VND","30000000.00","121"
"VN","3066818","1900.0","20","funded","2025-11-18","2025-09-17","","","no","1","Livestock","no","VND","50000000.00","121"
"VN","3066805","1900.0","20","funded","2025-11-23","2025-09-16","","","no","1","Pigs","no","VND","50000000.00","121"
"VN","3066806","1900.0","26","funded","2025-11-19","2025-09-16","","","no","1","Agriculture","no","VND","50000000.00","121"
"VN","3066809","1900.0","20","funded","2025-11-23","2025-09-16","","","no","1","Agriculture","no","VND","50000000.00","121"
"VN","3066816","1900.0","20","funded","2025-11-11","2025-09-17","","","no","1","Agriculture","no","VND","50000000.00","121"
"VN","3066795","1900.0","20","funded","2025-11-23","2025-09-16","","","no","1","Farming","no","VND","50000000.00","121"
"VN","3066794","1150.0","20","funded","2025-11-03","2025-09-16","","","no","1","Cattle","no","VND","30000000.00","121"
"VN","3066796","1150.0","20","funded","2025-11-11","2025-09-16","","","no","1","Cattle","no","VND","30000000.00","121"
"VN","3066480","1525.0","20","funded","2025-11-23","2025-09-16","","","no","1","Agriculture","no","VND","40000000.00","121"
"VN","3065730","500.0","20","funded","2025-11-23","2025-09-16","","","no","1","Agriculture","no","VND","50000000.00","121"
"VN","3065709","1150.0","20","funded","2025-10-30","2025-09-17","","","no","1","Cattle","no","VND","30000000.00","121"
"VN","3065440","1525.0","22","funded","2025-11-18","2025-09-15","","","no","1","Farming","no","VND","40000000.00","121"
"VN","3065439","440.0","20","funded","2025-11-23","2025-09-15","","","no","1","Cattle","no","VND","50000000.00","121"
"VN","3065417","620.0","20","funded","2025-11-23","2025-09-15","","","no","1","Cattle","no","VND","50000000.00","121"
"VN","3061838","1900.0","17","funded","2025-11-22","2025-09-11","","","no","1","Farming","no","VND","50000000.00","121"
"VN","3061836","1900.0","20","funded","2025-11-22","2025-09-11","","","no","1","Farm Supplies","no","VND","50000000.00","121"
"VN","3061835","1900.0","20","funded","2025-11-22","2025-09-11","","","no","1","Farming","no","VND","50000000.00","121"
"VN","3061832","1900.0","20","funded","2025-11-22","2025-09-11","","","no","1","Pigs","no","VND","50000000.00","121"
"VN","3061829","1900.0","20","funded","2025-11-22","2025-09-11","","","no","1","Farm Supplies","no","VND","50000000.00","121"
"VN","3061820","1900.0","17","funded","2025-11-22","2025-09-10","","","no","1","Cattle","no","VND","50000000.00","121"
"VN","3061823","1900.0","17","funded","2025-11-22","2025-09-10","","","no","1","Cattle","no","VND","50000000.00","121"
"VN","3061740","1900.0","20","funded","2025-11-22","2025-09-10","","","no","1","Farming","no","VND","50000000.00","121"
"VN","3061819","1900.0","17","funded","2025-11-22","2025-09-10","","","no","1","Cattle","no","VND","50000000.00","121"
"VN","3061737","1900.0","20","funded","2025-11-17","2025-09-10","","","no","1","Farming","no","VND","50000000.00","121"
"VN","3061739","1900.0","20","funded","2025-11-22","2025-09-10","","","no","1","Farming","no","VND","50000000.00","121"
"VN","3061734","1900.0","20","funded","2025-11-19","2025-09-10","","","no","1","Cattle","no","VND","50000000.00","121"
"VN","3061433","1900.0","20","funded","2025-11-22","2025-09-10","","","no","1","Farming","no","VND","50000000.00","121"
"VN","3061434","1150.0","20","funded","2025-11-05","2025-09-10","","","no","1","Cattle","no","VND","30000000.00","121"
"VN","3060722","1900.0","20","funded","2025-11-18","2025-09-10","","","no","1","Livestock","no","VND","50000000.00","121"
"VN","3060665","1525.0","20","funded","2025-11-22","2025-09-10","","","no","1","Cattle","no","VND","40000000.00","121"
"VN","3060661","1900.0","20","funded","2025-11-22","2025-09-10","","","no","1","Pigs","no","VND","50000000.00","121"
"VN","3060660","1900.0","20","funded","2025-11-22","2025-09-10","","","no","1","Cattle","no","VND","50000000.00","121"
"VN","3060644","1900.0","20","funded","2025-11-10","2025-09-08","","","no","1","Farming","no","VND","50000000.00","121"
"VN","3060640","1900.0","22","funded","2025-11-19","2025-09-08","","","no","1","Farming","no","VND","50000000.00","121"
"VN","3060614","1900.0","20","funded","2025-11-22","2025-09-08","","","no","1","Cattle","no","VND","50000000.00","121"
"VN","3060616","1900.0","20","funded","2025-11-22","2025-09-08","","","no","1","Agriculture","no","VND","50000000.00","121"
"VN","3060628","1525.0","20","funded","2025-10-28","2025-09-08","","","no","1","Farming","no","VND","40000000.00","121"
"VN","3060633","1150.0","20","funded","2025-11-05","2025-09-08","","","no","1","Farming","no","VND","30000000.00","121"
"VN","3058014","1900.0","20","funded","2025-11-16","2025-09-08","","","no","1","Cattle","no","VND","50000000.00","121"
"VN","3060622","1150.0","20","funded","2025-10-22","2025-09-08","","","no","1","Agriculture","no","VND","30000000.00","121"
"VN","3055825","1900.0","20","funded","2025-11-12","2025-08-29","","","no","1","Agriculture","no","VND","50000000.00","121"
"VN","3055817","1525.0","22","funded","2025-11-12","2025-08-29","","","no","1","Agriculture","no","VND","40000000.00","121"
"VN","3055803","1900.0","26","funded","2025-11-12","2025-08-29","","","no","1","Agriculture","no","VND","50000000.00","121"
"VN","3055812","1900.0","20","funded","2025-11-12","2025-08-29","","","no","1","Agriculture","no","VND","50000000.00","121"
"VN","3054095","1150.0","20","funded","2025-10-19","2025-08-22","","","no","1","Agriculture","no","VND","30000000.00","121"
"VN","3055790","1525.0","20","funded","2025-11-09","2025-08-28","","","no","1","Farming","no","VND","40000000.00","121"
"VN","3054092","1900.0","26","funded","2025-11-01","2025-08-22","","","no","1","Farming","no","VND","50000000.00","121"
"VN","3054089","555.0","26","funded","2025-11-09","2025-08-22","","","no","1","Agriculture","no","VND","50000000.00","121"
"VN","3054074","690.0","17","funded","2025-11-09","2025-08-22","","","no","1","Aquaculture","no","VND","50000000.00","121"
"VN","3054078","1150.0","17","funded","2025-11-03","2025-08-22","","","no","1","Pigs","no","VND","30000000.00","121"
"VN","3057934","1000.0","21","funded","2025-10-16","2025-08-29","","","no","2","Pigs","no","VND","26000000.00","342"
"VN","3057935","1150.0","21","funded","2025-10-14","2025-08-29","","","no","2","Aquaculture","no","VND","30000000.00","342"
"VN","3057931","775.0","21","funded","2025-10-07","2025-08-29","","","no","1","Cattle","no","VND","20000000.00","342"
"VN","3057932","575.0","14","funded","2025-10-05","2025-08-29","","","no","1","Pigs","no","VND","15000000.00","342"
"VN","3057930","950.0","15","funded","2025-10-11","2025-08-29","","","no","2","Cattle","no","VND","25000000.00","342"
"VN","3057929","1250.0","15","funded","2025-10-18","2025-08-29","","","no","3","Cattle","no","VND","33000000.00","342"
"VN","3057434","700.0","14","funded","2025-10-02","2025-08-29","","","no","2","Cattle","no","VND","18000000.00","342"
"VN","3057426","400.0","7","funded","2025-10-02","2025-08-29","","","no","1","Farming","yes","VND","10000000.00","342"
"VN","3057418","1725.0","19","funded","2025-10-28","2025-08-29","","","no","3","Pigs","no","VND","45000000.00","342"
"VN","3057406","1150.0","17","funded","2025-10-13","2025-08-29","","","no","2","Farming","yes","VND","30000000.00","342"
"VN","3057387","2475.0","21","funded","2025-11-04","2025-08-29","","","no","4","Farming","yes","VND","65000000.00","342"
"VN","3057374","775.0","15","funded","2025-10-05","2025-08-29","","","no","1","Aquaculture","no","VND","20000000.00","342"
"VN","3057360","475.0","14","funded","2025-10-03","2025-08-29","","","no","1","Aquaculture","no","VND","12000000.00","342"
"VN","3057352","1525.0","16","funded","2025-10-19","2025-08-29","","","no","2","Cattle","no","VND","40000000.00","342"
"VN","3053188","1900.0","20","funded","2025-11-01","2025-08-21","","","no","1","Agriculture","no","VND","50000000.00","121"
"VN","3053161","1150.0","20","funded","2025-10-02","2025-08-21","","","no","1","Farming","no","VND","30000000.00","121"
"VN","3053158","1900.0","22","funded","2025-10-30","2025-08-21","","","no","1","Farming","no","VND","50000000.00","121"
"VN","3053053","1900.0","20","funded","2025-11-01","2025-08-20","","","no","1","Farming","no","VND","50000000.00","121"
"VN","3053056","1900.0","20","funded","2025-10-06","2025-08-20","","","no","1","Agriculture","no","VND","50000000.00","121"
"VN","3053059","1900.0","20","funded","2025-11-01","2025-08-21","","","no","1","Farming","no","VND","50000000.00","121"
"VN","3053057","1900.0","26","funded","2025-10-19","2025-08-20","","","no","1","Livestock","no","VND","50000000.00","121"
"VN","3053058","1900.0","20","funded","2025-11-01","2025-08-21","","","no","1","Poultry","no","VND","50000000.00","121"
"VN","3053043","1900.0","26","funded","2025-11-01","2025-08-20","","","no","1","Aquaculture","no","VND","50000000.00","121"
"VN","3053019","1525.0","20","funded","2025-11-01","2025-08-19","","","no","1","Farming","no","VND","40000000.00","121"
"VN","3053021","1900.0","20","funded","2025-11-01","2025-08-19","","","no","1","Agriculture","no","VND","50000000.00","121"
"VN","3053018","1900.0","17","funded","2025-09-29","2025-08-19","","","no","1","Cattle","no","VND","50000000.00","121"
"VN","3052985","1900.0","20","funded","2025-11-01","2025-08-19","","","no","1","Agriculture","no","VND","50000000.00","121"
"VN","3052982","1900.0","20","funded","2025-11-01","2025-08-19","","","no","1","Pigs","no","VND","50000000.00","121"
"VN","3052163","1900.0","17","funded","2025-10-30","2025-08-18","","","no","1","Farming","no","VND","50000000.00","121"
"VN","3052160","1900.0","22","funded","2025-10-30","2025-08-18","","","no","1","Agriculture","no","VND","50000000.00","121"
"VN","3052186","1900.0","17","funded","2025-10-30","2025-08-18","","","no","1","Pigs","no","VND","50000000.00","121"
"VN","3052182","1525.0","20","funded","2025-10-30","2025-08-18","","","no","1","Farming","no","VND","40000000.00","121"
"VN","3052178","1900.0","20","funded","2025-10-30","2025-08-18","","","no","1","Farming","no","VND","50000000.00","121"
"VN","3052177","1150.0","20","funded","2025-10-06","2025-08-18","","","no","1","Cattle","no","VND","30000000.00","121"
"VN","3052174","1900.0","22","funded","2025-10-30","2025-08-18","","","no","1","Agriculture","no","VND","50000000.00","121"
"VN","3052176","1900.0","20","funded","2025-10-30","2025-08-18","","","no","1","Agriculture","no","VND","50000000.00","121"
"VN","3052128","1900.0","20","funded","2025-10-19","2025-08-18","","","no","1","Cattle","no","VND","50000000.00","121"
"VN","3052118","1900.0","17","funded","2025-10-30","2025-08-18","","","no","1","Agriculture","no","VND","50000000.00","121"
"VN","3051013","1900.0","20","funded","2025-10-26","2025-08-17","","","no","1","Cattle","no","VND","50000000.00","121"
"VN","3049700","1900.0","20","funded","2025-10-27","2025-08-15","","","no","1","Cattle","no","VND","50000000.00","121"
"VN","3049587","1900.0","20","funded","2025-09-26","2025-08-15","","","no","1","Livestock","no","VND","50000000.00","121"
"VN","3049706","1900.0","20","funded","2025-10-27","2025-08-15","","","no","1","Cattle","no","VND","50000000.00","121"
"VN","3049682","1525.0","17","funded","2025-09-28","2025-08-15","","","no","1","Poultry","no","VND","40000000.00","121"
"VN","3049661","1900.0","26","funded","2025-09-23","2025-08-15","","","no","1","Cattle","no","VND","50000000.00","121"
"VN","3049623","1900.0","20","funded","2025-10-23","2025-08-15","","","no","1","Cattle","no","VND","50000000.00","121"
"VN","3049597","1900.0","20","funded","2025-10-27","2025-08-15","","","no","1","Cattle","no","VND","50000000.00","121"
"VN","3049578","1900.0","20","funded","2025-10-26","2025-08-15","","","no","1","Farming","no","VND","50000000.00","121"
"VN","3049569","1900.0","20","funded","2025-10-21","2025-08-15","","","no","1","Agriculture","no","VND","50000000.00","121"
"VN","3049147","1900.0","20","funded","2025-10-26","2025-08-20","","","no","1","Agriculture","no","VND","50000000.00","121"
"VN","3049145","1525.0","20","funded","2025-10-26","2025-08-15","","","no","1","Agriculture","no","VND","40000000.00","121"
"VN","3049129","1150.0","20","funded","2025-10-11","2025-08-27","","","no","1","Agriculture","no","VND","30000000.00","121"
"VN","3049131","1900.0","26","funded","2025-10-26","2025-08-15","","","no","1","Agriculture","no","VND","50000000.00","121"
"VN","3049126","1900.0","20","funded","2025-10-26","2025-08-20","","","no","1","Agriculture","no","VND","50000000.00","121"
"VN","3049113","1150.0","20","funded","2025-09-30","2025-08-18","","","no","1","Agriculture","no","VND","30000000.00","121"
"VN","3049114","1900.0","20","funded","2025-10-26","2025-08-15","","","no","1","Agriculture","no","VND","50000000.00","121"
"VN","3049110","1900.0","20","funded","2025-10-26","2025-08-15","","","no","1","Cattle","no","VND","50000000.00","121"
"VN","3049104","1150.0","20","funded","2025-09-24","2025-08-15","","","no","1","Farming","no","VND","30000000.00","121"
"VN","3047860","400.0","20","funded","2025-10-26","2025-08-12","","","no","1","Farming","no","VND","50000000.00","121"
"VN","3047862","1150.0","20","funded","2025-09-22","2025-08-12","","","no","1","Cattle","no","VND","30000000.00","121"
"VN","3047857","1150.0","20","funded","2025-09-23","2025-08-12","","","no","1","Farming","no","VND","30000000.00","121"
"VN","3047856","225.0","20","funded","2025-10-26","2025-08-12","","","no","1","Farming","no","VND","50000000.00","121"
"VN","3047853","185.0","20","funded","2025-10-26","2025-08-12","","","no","1","Farming","no","VND","50000000.00","121"
"VN","3047846","705.0","17","funded","2025-10-26","2025-08-12","","","no","1","Cattle","no","VND","50000000.00","121"
"VN","3047582","500.0","26","funded","2025-10-26","2025-08-13","","","no","1","Agriculture","no","VND","50000000.00","121"
"VN","3047580","840.0","20","funded","2025-10-26","2025-08-13","","","no","1","Agriculture","no","VND","50000000.00","121"
"VN","3047579","630.0","20","funded","2025-10-26","2025-08-11","","","no","1","Agriculture","no","VND","50000000.00","121"
"VN","3047573","1150.0","20","funded","2025-10-02","2025-08-11","","","no","1","Farming","no","VND","30000000.00","121"
"VN","3047571","1300.0","20","funded","2025-10-26","2025-08-11","","","no","1","Agriculture","no","VND","50000000.00","121"
"VN","3047577","1150.0","20","funded","2025-10-18","2025-08-11","","","no","1","Agriculture","no","VND","30000000.00","121"
"VN","3047565","1900.0","20","funded","2025-10-25","2025-08-19","","","no","1","Cattle","no","VND","50000000.00","121"
"VN","3047566","1900.0","26","funded","2025-10-25","2025-08-19","","","no","1","Cattle","no","VND","50000000.00","121"
"VN","3047189","1900.0","26","funded","2025-10-25","2025-08-23","","","no","1","Aquaculture","no","VND","50000000.00","121"
"VN","3046260","1900.0","20","funded","2025-10-25","2025-08-15","","","no","1","Farming","no","VND","50000000.00","121"
"VN","3038336","1900.0","20","funded","2025-10-22","2025-07-25","","","no","1","Farming","no","VND","50000000.00","121"
"VN","3048221","1150.0","21","funded","2025-10-02","2025-08-15","","","no","2","Farm Supplies","no","VND","30000000.00","342"
"VN","3048220","775.0","19","funded","2025-09-21","2025-08-15","","","no","1","Agriculture","no","VND","20000000.00","342"
"VN","3048219","1150.0","16","funded","2025-09-30","2025-08-15","","","no","2","Agriculture","no","VND","30000000.00","342"
"VN","3048218","3225.0","17","funded","2025-10-19","2025-08-15","","","no","5","Pigs","no","VND","85000000.00","342"
"VN","3048216","2850.0","20","funded","2025-10-19","2025-08-15","","","no","4","Cattle","no","VND","75000000.00","342"
"VN","3048212","775.0","14","funded","2025-09-18","2025-08-15","","","no","2","Farming","yes","VND","20000000.00","342"
"VN","3048208","2100.0","19","funded","2025-10-02","2025-08-15","","","no","4","Cattle","no","VND","55000000.00","342"
"VN","3048214","950.0","21","funded","2025-09-23","2025-08-15","","","no","1","Pigs","no","VND","25000000.00","342"
"VN","3048217","250.0","13","funded","2025-09-15","2025-08-15","","","no","1","Poultry","no","VND","6000000.00","342"
"VN","3048210","575.0","14","funded","2025-09-18","2025-08-15","","","no","2","Pigs","no","VND","15000000.00","342"
"VN","3048207","1350.0","14","funded","2025-09-21","2025-08-15","","","no","3","Farming","yes","VND","35000000.00","342"
"VN","3048206","950.0","21","funded","2025-09-24","2025-08-15","","","no","1","Aquaculture","no","VND","25000000.00","342"
"VN","3048184","1900.0","21","funded","2025-10-02","2025-08-15","","","no","3","Agriculture","yes","VND","50000000.00","342"
"VN","3048181","2100.0","15","funded","2025-10-18","2025-08-15","","","no","5","Cattle","no","VND","55000000.00","342"
"VN","3046259","600.0","17","funded","2025-10-16","2025-08-15","","","no","1","Farming","no","VND","50000000.00","121"
"VN","3046257","1900.0","20","funded","2025-09-19","2025-08-14","","","no","1","Farming","no","VND","50000000.00","121"
"VN","3046258","1900.0","26","funded","2025-10-09","2025-08-15","","","no","1","Agriculture","no","VND","50000000.00","121"
"VN","3046253","275.0","22","funded","2025-10-16","2025-08-15","","","no","1","Agriculture","no","VND","50000000.00","121"
"VN","3046256","285.0","22","funded","2025-10-16","2025-08-14","","","no","1","Farming","no","VND","50000000.00","121"
"VN","3045986","710.0","20","funded","2025-10-16","2025-08-15","","","no","1","Agriculture","no","VND","40000000.00","121"
"VN","3046336","1075.0","21","funded","2025-09-25","2025-08-15","","","no","2","Farming","no","VND","28000000.00","342"
"VN","3046298","575.0","17","funded","2025-09-16","2025-08-15","","","no","1","Poultry","no","VND","15000000.00","342"
"VN","3046278","1150.0","19","funded","2025-09-23","2025-08-15","","","no","2","Cattle","no","VND","30000000.00","342"
"VN","3045985","1900.0","20","funded","2025-10-14","2025-08-15","","","no","1","Agriculture","no","VND","50000000.00","121"
"VN","3045983","1900.0","20","funded","2025-10-14","2025-08-15","","","no","1","Agriculture","no","VND","50000000.00","121"
"VN","3045967","1900.0","26","funded","2025-10-14","2025-08-19","","","no","1","Cattle","no","VND","50000000.00","121"
"VN","3045960","1900.0","20","funded","2025-10-14","2025-08-11","","","no","1","Pigs","no","VND","50000000.00","121"
"VN","3044739","1525.0","17","funded","2025-10-11","2025-08-07","","","no","1","Agriculture","no","VND","40000000.00","121"
"VN","3044741","755.0","20","funded","2025-10-11","2025-08-07","","","no","1","Agriculture","no","VND","50000000.00","121"
"VN","3044733","1900.0","20","funded","2025-10-09","2025-08-07","","","no","1","Farming","no","VND","50000000.00","121"
"VN","3044737","1470.0","17","funded","2025-10-11","2025-08-07","","","no","1","Agriculture","no","VND","50000000.00","121"
"VN","3041767","575.0","8","funded","2025-09-08","2025-07-31","","","no","1","Farming","yes","VND","15000000.00","342"
"VN","3042049","125.0","20","funded","2025-10-08","2025-08-06","","","no","1","Agriculture","no","VND","50000000.00","121"
"VN","3042046","575.0","20","funded","2025-10-08","2025-08-06","","","no","1","Agriculture","no","VND","50000000.00","121"
"VN","3042048","75.0","20","funded","2025-10-08","2025-08-06","","","no","1","Agriculture","no","VND","50000000.00","121"
"VN","3042045","1900.0","20","funded","2025-09-30","2025-08-06","","","no","1","Agriculture","no","VND","50000000.00","121"
"VN","3041771","775.0","19","funded","2025-09-18","2025-07-31","","","no","1","Pigs","no","VND","20000000.00","342"
"VN","3041768","575.0","15","funded","2025-09-08","2025-07-31","","","no","1","Pigs","no","VND","15000000.00","342"
"VN","3041765","400.0","14","funded","2025-09-03","2025-07-31","","","no","1","Pigs","no","VND","10000000.00","342"
"VN","3041761","575.0","19","funded","2025-09-05","2025-07-31","","","no","1","Agriculture","yes","VND","15000000.00","342"
"VN","3041757","575.0","14","funded","2025-09-05","2025-07-31","","","no","1","Pigs","no","VND","15000000.00","342"
"VN","3041747","1150.0","21","funded","2025-09-23","2025-07-31","","","no","2","Agriculture","no","VND","30000000.00","342"
"VN","3041185","775.0","19","funded","2025-09-19","2025-07-31","","","no","1","Pigs","no","VND","20000000.00","342"
"VN","3041064","775.0","12","funded","2025-09-12","2025-07-31","","","no","2","Poultry","no","VND","20000000.00","342"
"VN","3040480","1200.0","26","funded","2025-10-07","2025-07-30","","","no","1","Farming","no","VND","50000000.00","121"
"VN","3040472","1750.0","26","funded","2025-10-07","2025-07-30","","","no","1","Agriculture","no","VND","50000000.00","121"
"VN","3040476","1150.0","20","funded","2025-09-19","2025-07-30","","","no","1","Agriculture","no","VND","30000000.00","121"
"VN","3040477","1900.0","17","funded","2025-10-07","2025-07-30","","","no","1","Agriculture","no","VND","50000000.00","121"
"VN","3040471","1800.0","20","funded","2025-10-07","2025-07-29","","","no","1","Farming","no","VND","50000000.00","121"
"VN","3040478","1580.0","26","funded","2025-10-07","2025-07-30","","","no","1","Pigs","no","VND","50000000.00","121"
"VN","3040466","1525.0","20","funded","2025-10-07","2025-07-29","","","no","1","Farming","no","VND","40000000.00","121"
"VN","3040040","300.0","20","funded","2025-10-07","2025-07-29","","","no","1","Farming","no","VND","50000000.00","121"
"VN","3039164","225.0","26","funded","2025-10-06","2025-07-29","","","no","1","Farming","no","VND","50000000.00","121"
"VN","3038396","175.0","20","funded","2025-10-05","2025-07-29","","","no","1","Farming","no","VND","50000000.00","121"
"VN","3038277","1525.0","20","funded","2025-10-03","2025-07-25","","","no","1","Agriculture","no","VND","40000000.00","121"
"VN","3038395","400.0","26","funded","2025-10-05","2025-07-29","","","no","1","Cattle","no","VND","50000000.00","121"
"VN","3038280","1525.0","20","funded","2025-09-25","2025-07-25","","","no","1","Agriculture","no","VND","40000000.00","121"
"VN","3038275","1525.0","20","funded","2025-09-15","2025-07-25","","","no","1","Cattle","no","VND","40000000.00","121"
"VN","3038383","200.0","20","funded","2025-10-05","2025-07-29","","","no","1","Farming","no","VND","50000000.00","121"
"VN","3038390","225.0","20","funded","2025-10-05","2025-07-29","","","no","1","Farming","no","VND","40000000.00","121"
"VN","3038374","125.0","20","funded","2025-10-05","2025-07-28","","","no","1","Farming","no","VND","50000000.00","121"
"VN","3038369","1525.0","20","funded","2025-09-24","2025-07-28","","","no","1","Cattle","no","VND","40000000.00","121"
"VN","3038371","1150.0","17","funded","2025-09-18","2025-07-28","","","no","1","Cattle","no","VND","30000000.00","121"
"VN","3038373","300.0","20","funded","2025-10-05","2025-07-28","","","no","1","Cattle","no","VND","50000000.00","121"
"VN","3038299","200.0","20","funded","2025-10-05","2025-07-25","","","no","1","Farming","no","VND","50000000.00","121"
"VN","3038368","1925.0","20","funded","2025-09-29","2025-07-28","","","no","1","Farming","no","VND","50000000.00","121"
"VN","3038273","475.0","17","funded","2025-10-05","2025-07-25","","","no","1","Cattle","no","VND","50000000.00","121"
"VN","3038272","350.0","26","funded","2025-10-05","2025-07-25","","","no","1","Agriculture","no","VND","50000000.00","121"
"VN","3038353","340.0","20","funded","2025-10-05","2025-07-28","","","no","1","Cattle","no","VND","50000000.00","121"
"VN","3038348","600.0","20","funded","2025-10-05","2025-07-25","","","no","1","Cattle","no","VND","50000000.00","121"
"VN","3038333","1925.0","20","funded","2025-10-01","2025-07-25","","","no","1","Cattle","no","VND","50000000.00","121"
"VN","3038314","200.0","26","funded","2025-10-05","2025-07-25","","","no","1","Agriculture","no","VND","50000000.00","121"
"VN","3038303","300.0","20","funded","2025-10-05","2025-07-25","","","no","1","Agriculture","no","VND","50000000.00","121"
"VN","3038250","1000.0","20","funded","2025-10-05","2025-07-25","","","no","1","Agriculture","no","VND","50000000.00","121"
"VN","3038248","1150.0","20","funded","2025-09-09","2025-07-25","","","no","1","Agriculture","no","VND","30000000.00","121"
"VN","3038266","545.0","17","funded","2025-10-05","2025-07-25","","","no","1","Pigs","no","VND","50000000.00","121"
"VN","3038262","615.0","20","funded","2025-10-05","2025-07-25","","","no","1","Agriculture","no","VND","40000000.00","121"
"VN","3038252","570.0","20","funded","2025-10-05","2025-07-25","","","no","1","Agriculture","no","VND","50000000.00","121"
"VN","3038253","705.0","17","funded","2025-10-05","2025-07-25","","","no","1","Agriculture","no","VND","50000000.00","121"
"VN","3038245","1925.0","20","funded","2025-10-02","2025-07-25","","","no","1","Agriculture","no","VND","50000000.00","121"
"VN","3038246","1095.0","17","funded","2025-10-05","2025-07-25","","","no","1","Agriculture","no","VND","50000000.00","121"
"VN","3038242","1015.0","20","funded","2025-10-05","2025-07-25","","","no","1","Agriculture","no","VND","50000000.00","121"
"VN","3038241","1305.0","26","funded","2025-10-05","2025-07-25","","","no","1","Cattle","no","VND","50000000.00","121"
"VN","3037509","575.0","8","funded","2025-09-01","2025-07-25","","","no","1","Cattle","no","VND","15000000.00","342"
"VN","3037510","400.0","14","funded","2025-08-31","2025-07-25","","","no","1","Agriculture","no","VND","10000000.00","342"
"VN","3037508","1125.0","19","funded","2025-09-20","2025-07-25","","","no","2","Cattle","no","VND","29000000.00","342"
"VN","3037507","575.0","13","funded","2025-09-02","2025-07-25","","","no","1","Agriculture","no","VND","15000000.00","342"
"VN","3037502","200.0","14","funded","2025-08-31","2025-07-25","","","no","1","Agriculture","no","VND","5000000.00","342"
"VN","3037504","1350.0","21","funded","2025-09-30","2025-07-25","","","no","2","Livestock","no","VND","35000000.00","342"
"VN","3037289","575.0","14","funded","2025-09-01","2025-07-25","","","no","1","Aquaculture","no","VND","15000000.00","342"
"VN","3037287","1525.0","16","funded","2025-09-21","2025-07-25","","","no","3","Farming","yes","VND","40000000.00","342"
"VN","3037282","950.0","14","funded","2025-09-17","2025-07-25","","","no","2","Cattle","no","VND","25000000.00","342"
"VN","3037280","1150.0","14","funded","2025-09-12","2025-07-25","","","no","2","Pigs","no","VND","30000000.00","342"
"VN","3037279","575.0","19","funded","2025-09-02","2025-07-25","","","no","1","Agriculture","yes","VND","15000000.00","342"
"VN","3037277","775.0","21","funded","2025-09-02","2025-07-25","","","no","1","Pigs","no","VND","20000000.00","342"
"VN","3035263","940.0","20","funded","2025-10-02","2025-07-23","","","no","1","Cattle","no","VND","50000000.00","121"
"VN","3035255","1525.0","20","funded","2025-09-23","2025-07-23","","","no","1","Livestock","no","VND","40000000.00","121"
"VN","3035251","1900.0","17","funded","2025-10-01","2025-07-23","","","no","1","Cattle","no","VND","50000000.00","121"
"VN","3035225","1900.0","20","funded","2025-10-01","2025-07-23","","","no","1","Agriculture","no","VND","50000000.00","121"
"VN","3035197","1150.0","17","funded","2025-09-05","2025-07-22","","","no","1","Cattle","no","VND","30000000.00","121"
"VN","3035194","1925.0","20","funded","2025-10-01","2025-07-22","","","no","1","Cattle","no","VND","50000000.00","121"
"VN","3035188","1925.0","20","funded","2025-10-01","2025-07-22","","","no","1","Livestock","no","VND","50000000.00","121"
"VN","3035186","1925.0","20","funded","2025-10-01","2025-07-22","","","no","1","Livestock","no","VND","50000000.00","121"
"VN","3035184","1925.0","20","funded","2025-10-01","2025-07-22","","","no","1","Poultry","no","VND","50000000.00","121"
"VN","3035074","1925.0","22","funded","2025-10-01","2025-07-21","","","no","1","Cattle","no","VND","50000000.00","121"
"VN","3034930","1925.0","17","funded","2025-09-23","2025-07-21","","","no","1","Poultry","no","VND","50000000.00","121"
"VN","3034920","1925.0","20","funded","2025-09-30","2025-07-21","","","no","1","Farm Supplies","no","VND","50000000.00","121"
"VN","3034917","1925.0","20","funded","2025-09-30","2025-07-21","","","no","1","Agriculture","no","VND","50000000.00","121"
"VN","3034900","1150.0","20","funded","2025-09-06","2025-07-21","","","no","1","Cattle","no","VND","30000000.00","121"
"VN","3032679","1925.0","20","funded","2025-09-27","2025-07-18","","","no","1","Cattle","no","VND","50000000.00","121"
"VN","3032677","400.0","17","funded","2025-09-27","2025-07-18","","","no","1","Cattle","no","VND","50000000.00","121"
"VN","3032671","1150.0","20","funded","2025-09-08","2025-07-18","","","no","1","Farming","no","VND","30000000.00","121"
"VN","3032667","1525.0","20","funded","2025-09-21","2025-07-18","","","no","1","Cattle","no","VND","40000000.00","121"
"VN","3032662","425.0","20","funded","2025-09-27","2025-07-18","","","no","1","Farming","no","VND","50000000.00","121"
"VN","3032663","900.0","20","funded","2025-09-27","2025-07-18","","","no","1","Agriculture","no","VND","50000000.00","121"
"VN","3032657","1925.0","20","funded","2025-09-24","2025-07-18","","","no","1","Farming","no","VND","50000000.00","121"
"VN","3032652","1075.0","20","funded","2025-09-27","2025-07-18","","","no","1","Farming","no","VND","40000000.00","121"
"VN","3032623","1925.0","20","funded","2025-09-21","2025-07-18","","","no","1","Livestock","no","VND","50000000.00","121"
"VN","3032586","1050.0","17","funded","2025-09-27","2025-07-18","","","no","1","Agriculture","no","VND","50000000.00","121"
"VN","3032597","1025.0","17","funded","2025-09-27","2025-07-18","","","no","1","Cattle","no","VND","50000000.00","121"
"VN","3032635","1925.0","22","funded","2025-09-12","2025-07-18","","","no","1","Agriculture","no","VND","50000000.00","121"
"VN","3032589","785.0","20","funded","2025-09-26","2025-07-18","","","no","1","Farming","no","VND","50000000.00","121"
"VN","3032585","1020.0","20","funded","2025-09-26","2025-07-18","","","no","1","Pigs","no","VND","50000000.00","121"
"VN","3032526","775.0","21","funded","2025-08-19","2025-07-18","","","no","1","Cattle","no","VND","20000000.00","342"
"VN","3032525","975.0","21","funded","2025-08-22","2025-07-18","","","no","2","Pigs","no","VND","25000000.00","342"
"VN","3032535","1350.0","16","funded","2025-08-22","2025-07-18","","","no","2","Farming","yes","VND","35000000.00","342"
"VN","3032533","1925.0","21","funded","2025-09-19","2025-07-18","","","no","3","Farming","yes","VND","50000000.00","342"
"VN","3032536","975.0","14","funded","2025-08-19","2025-07-18","","","no","1","Pigs","no","VND","25000000.00","342"
"VN","3032532","1350.0","21","funded","2025-09-03","2025-07-18","","","no","2","Agriculture","yes","VND","35000000.00","342"
"VN","3032534","975.0","21","funded","2025-08-26","2025-07-18","","","no","1","Aquaculture","no","VND","25000000.00","342"
"VN","3032531","775.0","14","funded","2025-08-19","2025-07-18","","","no","2","Pigs","no","VND","20000000.00","342"
"VN","3032530","1150.0","14","funded","2025-08-20","2025-07-18","","","no","2","Farming","no","VND","30000000.00","342"
"VN","3032528","1525.0","19","funded","2025-09-19","2025-07-18","","","no","3","Pigs","no","VND","40000000.00","342"
"VN","3032527","1150.0","19","funded","2025-09-16","2025-07-18","","","no","2","Aquaculture","no","VND","30000000.00","342"
"VN","3032529","575.0","13","funded","2025-08-18","2025-07-18","","","no","2","Aquaculture","no","VND","15000000.00","342"
"VN","3031324","1625.0","20","funded","2025-09-20","2025-07-17","","","no","1","Farming","no","VND","50000000.00","121"
"VN","3031323","940.0","17","funded","2025-09-19","2025-07-17","","","no","1","Livestock","no","VND","50000000.00","121"
"VN","3030729","1150.0","20","funded","2025-08-31","2025-07-18","","","no","2","Pigs","no","VND","30000000.00","342"
"VN","3029077","975.0","18","funded","2025-08-27","2025-07-11","","","no","2","Livestock","no","VND","25000000.00","342"
"VN","3029081","1550.0","21","funded","2025-09-02","2025-07-11","","","no","2","Agriculture","yes","VND","40000000.00","342"
"VN","3029080","400.0","14","funded","2025-08-12","2025-07-11","","","no","1","Farming","no","VND","10000000.00","342"
"VN","3029076","975.0","18","funded","2025-08-19","2025-07-11","","","no","2","Cattle","no","VND","25000000.00","342"
"VN","3029079","400.0","14","funded","2025-08-12","2025-07-11","","","no","1","Pigs","no","VND","10000000.00","342"
"VN","3029078","1350.0","15","funded","2025-08-24","2025-07-11","","","no","3","Aquaculture","no","VND","35000000.00","342"
"VN","3029074","1550.0","14","funded","2025-08-19","2025-07-11","","","no","3","Pigs","no","VND","40000000.00","342"
"VN","3029075","775.0","14","funded","2025-08-16","2025-07-11","","","no","2","Aquaculture","no","VND","20000000.00","342"
"VN","3029073","850.0","14","funded","2025-08-17","2025-07-11","","","no","2","Poultry","no","VND","22000000.00","342"
"VN","3029072","1350.0","20","funded","2025-08-31","2025-07-11","","","no","2","Cattle","no","VND","35000000.00","342"
"VN","3028951","1925.0","20","funded","2025-08-18","2025-07-17","","","no","1","Agriculture","no","VND","50000000.00","121"
"VN","3028273","1550.0","20","funded","2025-09-01","2025-07-17","","","no","1","Farming","no","VND","40000000.00","121"
"VN","3027766","470.0","26","funded","2025-09-11","2025-07-16","","","no","1","Livestock","no","VND","50000000.00","121"
"VN","3027765","1925.0","26","funded","2025-08-19","2025-07-16","","","no","1","Livestock","no","VND","50000000.00","121"
"VN","3027762","1150.0","20","funded","2025-08-19","2025-07-16","","","no","1","Farming","no","VND","30000000.00","121"
"VN","3027715","545.0","26","funded","2025-09-11","2025-07-11","","","no","1","Cattle","no","VND","50000000.00","121"
"VN","3027759","675.0","20","funded","2025-09-11","2025-07-16","","","no","1","Agriculture","no","VND","50000000.00","121"
"VN","3027756","1330.0","17","funded","2025-09-11","2025-07-16","","","no","1","Animal Sales","no","VND","50000000.00","121"
"VN","3027751","1280.0","20","funded","2025-09-11","2025-07-16","","","no","1","Cattle","no","VND","50000000.00","121"
"VN","3027748","940.0","20","funded","2025-09-11","2025-07-16","","","no","1","Cattle","no","VND","50000000.00","121"
"VN","3027749","975.0","17","funded","2025-08-19","2025-07-16","","","no","1","Cattle","no","VND","25000000.00","121"
"VN","3027722","1925.0","20","funded","2025-09-10","2025-07-15","","","no","1","Agriculture","no","VND","50000000.00","121"
"VN","3027719","1925.0","20","funded","2025-09-10","2025-07-15","","","no","1","Cattle","no","VND","50000000.00","121"
"VN","3027714","1925.0","26","funded","2025-09-10","2025-07-11","","","no","1","Farm Supplies","no","VND","50000000.00","121"
"VN","3027712","1925.0","20","funded","2025-09-01","2025-07-11","","","no","1","Livestock","no","VND","50000000.00","121"
"VN","3026360","975.0","20","funded","2025-08-19","2025-07-04","","","no","1","Cattle","no","VND","25000000.00","342"
"VN","3026358","1275.0","14","funded","2025-08-26","2025-07-04","","","no","3","Pigs","no","VND","33000000.00","342"
"VN","3026354","775.0","20","funded","2025-08-13","2025-07-04","","","no","1","Cattle","no","VND","20000000.00","342"
"VN","3026348","575.0","18","funded","2025-08-12","2025-07-04","","","no","1","Poultry","no","VND","15000000.00","342"
"VN","3026333","400.0","13","funded","2025-08-05","2025-07-04","","","no","1","Pigs","no","VND","10000000.00","342"
"VN","3026309","850.0","13","funded","2025-08-19","2025-07-04","","","no","2","Aquaculture","no","VND","22000000.00","342"
"VN","3026257","1350.0","20","funded","2025-08-28","2025-07-04","","","no","2","Agriculture","yes","VND","35000000.00","342"
"VN","3026255","775.0","18","funded","2025-08-18","2025-07-04","","","no","1","Cattle","no","VND","20000000.00","342"
"VN","3026252","575.0","13","funded","2025-08-06","2025-07-04","","","no","1","Agriculture","no","VND","15000000.00","342"
"VN","3026247","1350.0","13","funded","2025-08-26","2025-07-04","","","no","2","Pigs","no","VND","35000000.00","342"
"VN","3026243","775.0","14","funded","2025-08-05","2025-07-04","","","no","2","Agriculture","yes","VND","20000000.00","342"
"VN","3023244","1150.0","20","funded","2025-09-05","2025-07-11","","","no","1","Agriculture","no","VND","50000000.00","121"
"VN","3023233","500.0","20","funded","2025-09-05","2025-07-11","","","no","1","Farming","no","VND","50000000.00","121"
"VN","3023120","530.0","26","funded","2025-09-05","2025-07-10","","","no","1","Pigs","no","VND","50000000.00","121"
"VN","3023151","700.0","20","funded","2025-09-05","2025-07-11","","","no","1","Farming","no","VND","50000000.00","121"
"VN","3023158","1150.0","20","funded","2025-08-18","2025-07-11","","","no","1","Farming","no","VND","30000000.00","121"
"VN","3023115","800.0","20","funded","2025-09-05","2025-07-10","","","no","1","Agriculture","no","VND","50000000.00","121"
"VN","3023222","915.0","20","funded","2025-09-05","2025-07-11","","","no","1","Agriculture","no","VND","40000000.00","121"
"VN","3023102","1010.0","20","funded","2025-09-05","2025-07-14","","","no","1","Livestock","no","VND","50000000.00","121"
"VN","3023108","1075.0","17","funded","2025-09-05","2025-07-14","","","no","1","Pigs","no","VND","50000000.00","121"
"VN","3023139","1670.0","20","funded","2025-09-05","2025-07-11","","","no","1","Farming","no","VND","50000000.00","121"
"VN","3023145","1395.0","20","funded","2025-09-05","2025-07-11","","","no","1","Farming","no","VND","40000000.00","121"
"VN","3023112","1550.0","22","funded","2025-08-03","2025-07-10","","","no","1","Agriculture","no","VND","40000000.00","121"
"VN","3023106","1925.0","20","funded","2025-08-27","2025-07-14","","","no","1","Livestock","no","VND","50000000.00","121"
"VN","3023131","1925.0","20","funded","2025-08-19","2025-07-11","","","no","1","Farming","no","VND","50000000.00","121"
"VN","3023124","1150.0","20","funded","2025-08-18","2025-07-10","","","no","1","Pigs","no","VND","30000000.00","121"
"VN","3023075","1550.0","20","funded","2025-08-19","2025-07-14","","","no","1","Livestock","no","VND","40000000.00","121"
"VN","3022662","1925.0","20","funded","2025-09-04","2025-07-09","","","no","1","Farming","no","VND","50000000.00","121"
"VN","3022666","1925.0","20","funded","2025-09-04","2025-07-10","","","no","1","Cattle","no","VND","50000000.00","121"
"VN","3022648","1925.0","20","funded","2025-09-04","2025-07-09","","","no","1","Farming","no","VND","50000000.00","121"
"VN","3022647","1925.0","20","funded","2025-09-04","2025-07-09","","","no","1","Farming","no","VND","50000000.00","121"
"VN","3022574","1925.0","22","funded","2025-09-04","2025-07-08","","","no","1","Agriculture","no","VND","50000000.00","121"
"VN","3022608","1925.0","20","funded","2025-08-19","2025-07-09","","","no","1","Farming","no","VND","50000000.00","121"
"VN","3022556","1925.0","22","funded","2025-09-02","2025-07-08","","","no","1","Farming","no","VND","50000000.00","121"
"VN","3022552","1925.0","22","funded","2025-08-20","2025-07-08","","","no","1","Agriculture","no","VND","50000000.00","121"
"VN","3022535","1925.0","22","funded","2025-09-04","2025-07-08","","","no","1","Livestock","no","VND","50000000.00","121"
"VN","3022494","1550.0","20","funded","2025-08-14","2025-07-08","","","no","1","Livestock","no","VND","40000000.00","121"
"VN","3019601","645.0","20","funded","2025-09-03","2025-06-30","","","no","1","Cattle","no","VND","50000000.00","121"
"VN","3021056","1350.0","19","funded","2025-08-19","2025-06-27","","","no","3","Pigs","no","VND","35000000.00","342"
"VN","3021057","1225.0","16","funded","2025-08-19","2025-06-27","","","no","3","Pigs","no","VND","32000000.00","342"
"VN","3021055","275.0","13","funded","2025-08-01","2025-06-27","","","no","1","Agriculture","no","VND","7000000.00","342"
"VN","3021054","1275.0","19","funded","2025-08-20","2025-06-27","","","no","3","Aquaculture","no","VND","33000000.00","342"
"VN","3019599","1925.0","20","funded","2025-09-03","2025-06-30","","","no","1","Agriculture","no","VND","50000000.00","121"
"VN","3020527","1925.0","20","funded","2025-08-19","2025-06-25","","","no","1","Livestock","no","VND","50000000.00","121"
"VN","3020523","1925.0","17","funded","2025-09-03","2025-06-25","","","no","1","Livestock","no","VND","50000000.00","121"
"VN","3019556","1925.0","26","funded","2025-09-02","2025-06-24","","","no","1","Agriculture","no","VND","50000000.00","121"
"VN","3019553","1550.0","20","funded","2025-09-02","2025-06-24","","","no","1","Farming","no","VND","40000000.00","121"
"VN","3009978","1560.0","17","funded","2025-08-29","2025-06-30","","","no","1","Agriculture","no","VND","50000000.00","121"
"VN","3015974","1925.0","26","funded","2025-08-28","2025-07-07","","","no","1","Livestock","no","VND","50000000.00","121"
"VN","3015962","1925.0","22","funded","2025-08-28","2025-07-04","","","no","1","Farming","no","VND","50000000.00","121"
"VN","3015960","1925.0","20","funded","2025-08-19","2025-06-24","","","no","1","Pigs","no","VND","50000000.00","121"
"VN","3016068","1925.0","26","funded","2025-08-27","2025-07-11","","","no","1","Livestock","no","VND","50000000.00","121"
"VN","3016065","1925.0","20","funded","2025-08-27","2025-07-11","","","no","1","Livestock","no","VND","50000000.00","121"
"VN","3016064","1925.0","26","funded","2025-08-14","2025-07-11","","","no","1","Livestock","no","VND","50000000.00","121"
"VN","3016036","1925.0","20","funded","2025-08-27","2025-07-10","","","no","1","Aquaculture","no","VND","50000000.00","121"
"VN","3016060","1925.0","26","funded","2025-08-27","2025-06-25","","","no","1","Cattle","no","VND","50000000.00","121"
"VN","3016055","1550.0","20","funded","2025-08-20","2025-07-10","","","no","1","Farming","no","VND","40000000.00","121"
"VN","3016056","1925.0","20","funded","2025-08-27","2025-07-10","","","no","1","Farming","no","VND","50000000.00","121"
"VN","3016057","1925.0","20","funded","2025-08-27","2025-07-10","","","no","1","Farming","no","VND","50000000.00","121"
"VN","3016053","1550.0","20","funded","2025-08-27","2025-07-10","","","no","1","Farming","no","VND","40000000.00","121"
"VN","3016052","1925.0","20","funded","2025-08-27","2025-07-10","","","no","1","Farming","no","VND","50000000.00","121"
"VN","3016051","1925.0","20","funded","2025-08-27","2025-07-07","","","no","1","Farming","no","VND","50000000.00","121"
"VN","3016049","1550.0","20","funded","2025-08-22","2025-07-10","","","no","1","Agriculture","no","VND","40000000.00","121"
"VN","3016047","1925.0","20","funded","2025-08-27","2025-07-10","","","no","1","Cattle","no","VND","50000000.00","121"
"VN","3016048","1925.0","20","funded","2025-08-27","2025-07-10","","","no","1","Agriculture","no","VND","50000000.00","121"
"VN","3016046","1925.0","20","funded","2025-08-27","2025-07-10","","","no","1","Agriculture","no","VND","50000000.00","121"
"VN","3016033","1925.0","20","funded","2025-08-27","2025-07-10","","","no","1","Cattle","no","VND","50000000.00","121"
"VN","3016017","1350.0","26","funded","2025-08-10","2025-06-27","","","no","1","Agriculture","no","VND","35000000.00","121"
"VN","3015973","1925.0","20","funded","2025-08-26","2025-06-25","","","no","1","Cattle","no","VND","50000000.00","121"
"VN","3015975","1925.0","26","funded","2025-08-26","2025-07-07","","","no","1","Cattle","no","VND","50000000.00","121"
"VN","3015977","775.0","17","funded","2025-07-29","2025-07-07","","","no","1","Cattle","no","VND","20000000.00","121"
"VN","3015978","1925.0","20","funded","2025-08-27","2025-07-07","","","no","1","Cattle","no","VND","50000000.00","121"
"VN","3015995","1925.0","20","funded","2025-08-23","2025-07-05","","","no","1","Poultry","no","VND","50000000.00","121"
"VN","3015988","1925.0","20","funded","2025-08-26","2025-07-08","","","no","1","Cattle","no","VND","50000000.00","121"
"VN","3015987","1925.0","20","funded","2025-08-26","2025-07-08","","","no","1","Cattle","no","VND","50000000.00","121"
"VN","3015968","1925.0","20","funded","2025-08-26","2025-07-07","","","no","1","Farming","no","VND","50000000.00","121"
"VN","3015985","1925.0","20","funded","2025-08-19","2025-07-08","","","no","1","Pigs","no","VND","50000000.00","121"
"VN","3015966","1925.0","20","funded","2025-08-25","2025-07-07","","","no","1","Agriculture","no","VND","50000000.00","121"
"VN","3015963","1550.0","20","funded","2025-08-20","2025-07-04","","","no","1","Farming","no","VND","40000000.00","121"
"VN","3015543","1925.0","20","funded","2025-08-19","2025-06-27","","","no","1","Agriculture","no","VND","50000000.00","121"
"VN","3014996","1150.0","15","funded","2025-07-22","2025-06-20","","","no","2","Cattle","no","VND","30000000.00","342"
"VN","3015059","400.0","14","funded","2025-07-18","2025-06-27","","","no","1","Farming","no","VND","10000000.00","342"
"VN","3015044","775.0","21","funded","2025-07-19","2025-06-20","","","no","1","Cattle","no","VND","20000000.00","342"
"VN","3015040","1150.0","19","funded","2025-07-23","2025-06-20","","","no","2","Poultry","no","VND","30000000.00","342"
"VN","3015018","1150.0","15","funded","2025-07-23","2025-06-20","","","no","2","Pigs","no","VND","30000000.00","342"
"VN","3015003","575.0","13","funded","2025-07-18","2025-06-20","","","no","1","Agriculture","yes","VND","15000000.00","342"
"VN","3014442","1500.0","15","funded","2025-08-01","2025-06-20","","","no","4","Agriculture","no","VND","39000000.00","342"
"VN","3014462","1500.0","19","funded","2025-07-28","2025-06-20","","","no","3","Agriculture","no","VND","39000000.00","342"
"VN","3014451","1550.0","19","funded","2025-08-18","2025-06-20","","","no","3","Agriculture","no","VND","40000000.00","342"
"VN","3014363","400.0","15","funded","2025-07-17","2025-06-20","","","no","1","Farming","no","VND","10000000.00","342"
"VN","3014352","400.0","15","funded","2025-07-17","2025-06-20","","","no","1","Poultry","no","VND","10000000.00","342"
"VN","3014026","575.0","15","funded","2025-07-18","2025-06-20","","","no","2","Poultry","no","VND","15000000.00","342"
"VN","3013762","1550.0","20","funded","2025-08-12","2025-06-27","","","no","1","Farming","no","VND","40000000.00","121"
"VN","3013760","1925.0","20","funded","2025-08-19","2025-06-26","","","no","1","Farming","no","VND","50000000.00","121"
"VN","3013075","1925.0","17","funded","2025-08-19","2025-06-26","","","no","1","Farming","no","VND","50000000.00","121"
"VN","3009900","1925.0","20","funded","2025-08-14","2025-06-25","","","no","1","Farming","no","VND","50000000.00","121"
"VN","3012529","1150.0","20","funded","2025-07-19","2025-06-30","","","no","1","Farming","no","VND","30000000.00","121"
"VN","3012525","1925.0","17","funded","2025-07-17","2025-06-26","","","no","1","Farming","no","VND","50000000.00","121"
"VN","3012521","1925.0","20","funded","2025-07-24","2025-06-30","","","no","1","Farming","no","VND","50000000.00","121"
"VN","3012494","225.0","26","funded","2025-08-19","2025-06-27","","","no","1","Farming","no","VND","50000000.00","121"
"VN","3012489","1925.0","26","funded","2025-08-18","2025-06-20","","","no","1","Farming","no","VND","50000000.00","121"
"VN","3012487","1150.0","20","funded","2025-07-24","2025-06-27","","","no","1","Farming","no","VND","30000000.00","121"
"VN","3012083","375.0","20","funded","2025-08-18","2025-06-27","","","no","1","Agriculture","no","VND","50000000.00","121"
"VN","3012077","300.0","20","funded","2025-08-18","2025-06-27","","","no","1","Agriculture","no","VND","50000000.00","121"
"VN","3012080","825.0","26","funded","2025-08-18","2025-06-27","","","no","1","Agriculture","no","VND","50000000.00","121"
"VN","3012070","300.0","26","funded","2025-08-18","2025-06-27","","","no","1","Farming","no","VND","50000000.00","121"
"VN","3012065","1925.0","20","funded","2025-07-29","2025-06-25","","","no","1","Cattle","no","VND","50000000.00","121"
"VN","3012068","1150.0","22","funded","2025-07-19","2025-06-27","","","no","1","Cattle","no","VND","30000000.00","121"
"VN","3012063","575.0","20","funded","2025-08-18","2025-06-27","","","no","1","Cattle","no","VND","50000000.00","121"
"VN","3012061","465.0","17","funded","2025-08-18","2025-06-25","","","no","1","Cattle","no","VND","50000000.00","121"
"VN","3012038","1925.0","20","funded","2025-08-18","2025-06-27","","","no","1","Agriculture","no","VND","50000000.00","121"
"VN","3012040","1485.0","17","funded","2025-08-18","2025-06-26","","","no","1","Agriculture","no","VND","50000000.00","121"
"VN","3011538","1550.0","20","funded","2025-08-16","2025-06-16","","","no","1","Cattle","no","VND","40000000.00","121"
"VN","3011540","1925.0","26","funded","2025-08-16","2025-06-19","","","no","1","Cattle","no","VND","50000000.00","121"
"VN","3011542","1925.0","26","funded","2025-08-16","2025-06-19","","","no","1","Agriculture","no","VND","50000000.00","121"
"VN","3011532","1925.0","20","funded","2025-08-16","2025-06-16","","","no","1","Cattle","no","VND","50000000.00","121"
"VN","3011530","775.0","20","funded","2025-07-15","2025-06-13","","","no","1","Agriculture","no","VND","20000000.00","121"
"VN","3009908","1150.0","20","funded","2025-07-21","2025-06-25","","","no","1","Farming","no","VND","30000000.00","121"
"VN","3009909","590.0","20","funded","2025-08-15","2025-06-25","","","no","1","Farming","no","VND","50000000.00","121"
"VN","3009905","550.0","20","funded","2025-08-15","2025-06-25","","","no","1","Farming","no","VND","50000000.00","121"
"VN","3009886","1925.0","22","funded","2025-08-14","2025-06-24","","","no","1","Agriculture","no","VND","50000000.00","121"
"VN","3009876","1925.0","20","funded","2025-08-14","2025-06-24","","","no","1","Cattle","no","VND","50000000.00","121"
"VN","3009885","1925.0","20","funded","2025-08-14","2025-06-24","","","no","1","Pigs","no","VND","50000000.00","121"
"VN","3009874","1925.0","20","funded","2025-08-14","2025-06-24","","","no","1","Cattle","no","VND","50000000.00","121"
"VN","3009975","1925.0","20","funded","2025-08-13","2025-06-27","","","no","1","Cattle","no","VND","50000000.00","121"
"VN","3009970","1925.0","20","funded","2025-08-13","2025-06-27","","","no","1","Cattle","no","VND","50000000.00","121"
"VN","3009955","1350.0","17","funded","2025-07-20","2025-06-27","","","no","1","Farming","no","VND","35000000.00","121"
"VN","3009956","775.0","20","funded","2025-07-13","2025-06-27","","","no","1","Farming","no","VND","20000000.00","121"
"VN","3009951","1925.0","17","funded","2025-08-13","2025-06-27","","","no","1","Farming","no","VND","50000000.00","121"
"VN","3009949","1925.0","20","funded","2025-08-13","2025-06-27","","","no","1","Farming","no","VND","50000000.00","121"
"VN","3009922","1150.0","20","funded","2025-07-19","2025-06-26","","","no","1","Cattle","no","VND","30000000.00","121"
"VN","3009858","1925.0","20","funded","2025-08-13","2025-06-23","","","no","1","Agriculture","no","VND","50000000.00","121"
"VN","3009929","1925.0","20","funded","2025-08-13","2025-06-26","","","no","1","Pigs","no","VND","50000000.00","121"
"VN","3009913","1925.0","22","funded","2025-08-13","2025-06-25","","","no","1","Agriculture","no","VND","50000000.00","121"
"VN","3009892","1925.0","20","funded","2025-08-13","2025-06-25","","","no","1","Cattle","no","VND","50000000.00","121"
"VN","3009888","1925.0","22","funded","2025-08-02","2025-06-24","","","no","1","Farming","no","VND","50000000.00","121"
"VN","3009872","1550.0","17","funded","2025-07-29","2025-06-24","","","no","1","Cattle","no","VND","40000000.00","121"
"VN","3009881","1925.0","20","funded","2025-08-13","2025-06-24","","","no","1","Pigs","no","VND","50000000.00","121"
"VN","3009868","1925.0","20","funded","2025-08-13","2025-06-23","","","no","1","Agriculture","no","VND","50000000.00","121"
"VN","3009867","1925.0","26","funded","2025-08-13","2025-06-23","","","no","1","Livestock","no","VND","50000000.00","121"
"VN","3009850","1925.0","22","funded","2025-08-13","2025-06-20","","","no","1","Farming","no","VND","50000000.00","121"
"VN","3009853","1925.0","20","funded","2025-08-13","2025-06-20","","","no","1","Farming","no","VND","50000000.00","121"
"VN","3009852","1925.0","20","funded","2025-08-13","2025-06-20","","","no","1","Farming","no","VND","50000000.00","121"
"VN","3009842","1925.0","20","funded","2025-08-12","2025-06-19","","","no","1","Agriculture","no","VND","50000000.00","121"
"VN","3009849","1925.0","20","funded","2025-07-23","2025-06-20","","","no","1","Farming","no","VND","50000000.00","121"
"VN","3009851","1150.0","20","funded","2025-07-15","2025-06-20","","","no","1","Farming","no","VND","30000000.00","121"
"VN","3009846","1550.0","20","funded","2025-08-12","2025-06-20","","","no","1","Farming","no","VND","40000000.00","121"
"VN","3009839","1150.0","20","funded","2025-07-22","2025-06-19","","","no","1","Farming","no","VND","30000000.00","121"
"VN","3009825","1925.0","20","funded","2025-08-12","2025-06-18","","","no","1","Farming","no","VND","50000000.00","121"
"VN","3009835","1925.0","20","funded","2025-08-12","2025-06-19","","","no","1","Farming","no","VND","50000000.00","121"
"VN","3009844","1925.0","26","funded","2025-08-08","2025-06-20","","","no","1","Farming","no","VND","50000000.00","121"
"VN","3009837","1925.0","22","funded","2025-08-12","2025-06-19","","","no","1","Agriculture","no","VND","50000000.00","121"
"VN","3009831","1550.0","20","funded","2025-08-12","2025-06-18","","","no","1","Farming","no","VND","40000000.00","121"
"VN","3009829","1925.0","22","funded","2025-08-12","2025-06-18","","","no","1","Agriculture","no","VND","50000000.00","121"
"VN","3009822","1925.0","20","funded","2025-08-12","2025-06-17","","","no","1","Farming","no","VND","50000000.00","121"
"VN","3009827","1925.0","20","funded","2025-08-12","2025-06-18","","","no","1","Agriculture","no","VND","50000000.00","121"
"VN","3009766","1925.0","20","funded","2025-08-12","2025-06-16","","","no","1","Agriculture","no","VND","50000000.00","121"
"VN","3009771","1925.0","20","funded","2025-08-09","2025-06-17","","","no","1","Farming","no","VND","50000000.00","121"
"VN","3009770","1925.0","20","funded","2025-08-09","2025-06-17","","","no","1","Agriculture","no","VND","50000000.00","121"
"VN","3009768","1550.0","20","funded","2025-08-09","2025-06-17","","","no","1","Agriculture","no","VND","40000000.00","121"
"VN","3009762","1925.0","26","funded","2025-08-09","2025-06-13","","","no","1","Farming","no","VND","50000000.00","121"
"VN","3009763","1925.0","26","funded","2025-08-05","2025-06-13","","","no","1","Farming","no","VND","50000000.00","121"
"VN","3009759","1925.0","20","funded","2025-08-09","2025-06-13","","","no","1","Farming","no","VND","50000000.00","121"
"VN","3009767","1925.0","20","funded","2025-08-09","2025-06-17","","","no","1","Agriculture","no","VND","50000000.00","121"
"VN","3009758","1550.0","20","funded","2025-08-09","2025-06-13","","","no","1","Farming","no","VND","40000000.00","121"
"VN","3009756","1925.0","26","funded","2025-08-09","2025-06-13","","","no","1","Agriculture","no","VND","50000000.00","121"
"VN","3009765","1550.0","20","funded","2025-08-09","2025-06-16","","","no","1","Agriculture","no","VND","40000000.00","121"
"VN","3009752","975.0","20","funded","2025-07-11","2025-06-13","","","no","1","Farming","no","VND","25000000.00","121"
"VN","3009755","1925.0","26","funded","2025-08-09","2025-06-13","","","no","1","Farming","no","VND","50000000.00","121"
"VN","3009764","1925.0","17","funded","2025-08-09","2025-06-16","","","no","1","Agriculture","no","VND","50000000.00","121"
"VN","3009745","1925.0","20","funded","2025-08-08","2025-06-12","","","no","1","Farming","no","VND","50000000.00","121"
"VN","3009746","1925.0","20","funded","2025-08-04","2025-06-12","","","no","1","Farming","no","VND","50000000.00","121"
"VN","3009751","1925.0","20","funded","2025-08-09","2025-06-13","","","no","1","Agriculture","no","VND","50000000.00","121"
"VN","3009742","1925.0","20","funded","2025-07-18","2025-06-12","","","no","1","Farming","no","VND","50000000.00","121"
"VN","3009739","1550.0","20","funded","2025-08-08","2025-06-11","","","no","1","Agriculture","no","VND","40000000.00","121"
"VN","3009738","1550.0","20","funded","2025-08-08","2025-06-10","","","no","1","Agriculture","no","VND","40000000.00","121"
"VN","3009737","1150.0","20","funded","2025-07-20","2025-06-10","","","no","1","Agriculture","no","VND","30000000.00","121"
"VN","3007637","1925.0","20","funded","2025-08-07","2025-06-11","","","no","1","Livestock","no","VND","50000000.00","121"
"VN","3008938","1150.0","17","funded","2025-07-18","2025-06-20","","","no","1","Pigs","no","VND","30000000.00","121"
"VN","3008951","1925.0","20","funded","2025-08-07","2025-06-20","","","no","1","Pigs","no","VND","50000000.00","121"
"VN","3008945","1925.0","20","funded","2025-08-07","2025-06-20","","","no","1","Pigs","no","VND","50000000.00","121"
"VN","3008930","1925.0","20","funded","2025-08-06","2025-06-20","","","no","1","Aquaculture","no","VND","50000000.00","121"
"VN","3008928","1925.0","20","funded","2025-08-07","2025-06-20","","","no","1","Cattle","no","VND","50000000.00","121"
"VN","3008926","1925.0","17","funded","2025-08-06","2025-06-20","","","no","1","Poultry","no","VND","50000000.00","121"
"VN","3008921","1925.0","20","funded","2025-08-06","2025-06-20","","","no","1","Poultry","no","VND","50000000.00","121"
"VN","3008718","1925.0","17","funded","2025-08-06","2025-06-18","","","no","1","Cattle","no","VND","50000000.00","121"
"VN","3008715","1925.0","20","funded","2025-08-06","2025-06-18","","","no","1","Cattle","no","VND","50000000.00","121"
"VN","3008714","775.0","17","funded","2025-07-12","2025-06-18","","","no","1","Cattle","no","VND","20000000.00","121"
"VN","3008711","1925.0","17","funded","2025-08-05","2025-06-18","","","no","1","Cattle","no","VND","50000000.00","121"
"VN","3008708","1925.0","20","funded","2025-08-05","2025-06-19","","","no","1","Agriculture","no","VND","50000000.00","121"
"VN","3008608","1925.0","17","funded","2025-08-05","2025-06-18","","","no","1","Cattle","no","VND","50000000.00","121"
"VN","3008606","1925.0","20","funded","2025-08-05","2025-06-18","","","no","1","Poultry","no","VND","50000000.00","121"
"VN","3008486","1925.0","20","funded","2025-08-05","2025-06-17","","","no","1","Pigs","no","VND","50000000.00","121"
"VN","3008238","1925.0","20","funded","2025-08-05","2025-06-16","","","no","1","Cattle","no","VND","50000000.00","121"
"VN","3008236","1925.0","20","funded","2025-08-04","2025-06-16","","","no","1","Cattle","no","VND","50000000.00","121"
"VN","3008173","1550.0","17","funded","2025-08-04","2025-06-13","","","no","1","Agriculture","no","VND","40000000.00","121"
"VN","3008170","1925.0","20","funded","2025-08-04","2025-06-13","","","no","1","Cattle","no","VND","50000000.00","121"
"VN","3008171","1925.0","20","funded","2025-08-04","2025-06-13","","","no","1","Pigs","no","VND","50000000.00","121"
"VN","3008168","1925.0","26","funded","2025-08-04","2025-06-13","","","no","1","Agriculture","no","VND","50000000.00","121"
"VN","3008165","1925.0","26","funded","2025-08-04","2025-06-13","","","no","1","Agriculture","no","VND","50000000.00","121"
"VN","3008163","1925.0","22","funded","2025-07-18","2025-06-13","","","no","1","Livestock","no","VND","50000000.00","121"
"VN","3008162","1925.0","17","funded","2025-07-22","2025-06-13","","","no","1","Cattle","no","VND","50000000.00","121"
"VN","3008161","1925.0","20","funded","2025-08-04","2025-06-13","","","no","1","Cattle","no","VND","50000000.00","121"
"VN","3008157","1550.0","20","funded","2025-08-04","2025-06-13","","","no","1","Cattle","no","VND","40000000.00","121"
"VN","3008131","1925.0","17","funded","2025-08-04","2025-06-12","","","no","1","Cattle","no","VND","50000000.00","121"
"VN","3008114","1925.0","20","funded","2025-08-04","2025-06-18","","","no","1","Cattle","no","VND","50000000.00","121"
"VN","3007651","1150.0","17","funded","2025-07-08","2025-06-12","","","no","1","Livestock","no","VND","30000000.00","121"
"VN","3007648","1925.0","20","funded","2025-08-04","2025-06-12","","","no","1","Cattle","no","VND","50000000.00","121"
"VN","3007647","1925.0","17","funded","2025-08-03","2025-06-12","","","no","1","Cattle","no","VND","50000000.00","121"
"VN","3007645","1925.0","20","funded","2025-08-03","2025-06-12","","","no","1","Cattle","no","VND","50000000.00","121"
"VN","3007644","1925.0","17","funded","2025-08-03","2025-06-12","","","no","1","Cattle","no","VND","50000000.00","121"
"VN","3007638","1925.0","20","funded","2025-08-03","2025-06-11","","","no","1","Agriculture","no","VND","50000000.00","121"
"VN","3007634","1925.0","20","funded","2025-08-03","2025-06-11","","","no","1","Pigs","no","VND","50000000.00","121"
"VN","3007362","1925.0","20","funded","2025-08-03","2025-06-16","","","no","1","Farming","no","VND","50000000.00","121"
"VN","3007361","1925.0","20","funded","2025-08-03","2025-06-16","","","no","1","Agriculture","no","VND","50000000.00","121"
"VN","3007358","1925.0","20","funded","2025-08-02","2025-06-18","","","no","1","Farming","no","VND","50000000.00","121"
"VN","3007360","1925.0","20","funded","2025-08-02","2025-06-17","","","no","1","Farming","no","VND","50000000.00","121"
"VN","3007359","1925.0","20","funded","2025-07-25","2025-06-17","","","no","1","Agriculture","no","VND","50000000.00","121"
"VN","3007356","1925.0","20","funded","2025-08-02","2025-06-18","","","no","1","Farming","no","VND","50000000.00","121"
"VN","3007355","1925.0","20","funded","2025-08-02","2025-06-19","","","no","1","Agriculture","no","VND","50000000.00","121"
"VN","3007343","1925.0","20","funded","2025-08-02","2025-06-23","","","no","1","Agriculture","no","VND","50000000.00","121"
"VN","3007338","1925.0","20","funded","2025-08-01","2025-06-25","","","no","1","Farming","no","VND","50000000.00","121"
"VN","3007341","1550.0","20","funded","2025-07-29","2025-06-23","","","no","1","Farming","no","VND","40000000.00","121"
"VN","3007339","1550.0","20","funded","2025-08-01","2025-06-23","","","no","1","Agriculture","no","VND","40000000.00","121"
"VN","3007336","1550.0","20","funded","2025-07-30","2025-06-25","","","no","1","Farming","no","VND","40000000.00","121"
"VN","3007333","1925.0","20","funded","2025-08-01","2025-06-26","","","no","1","Farming","no","VND","50000000.00","121"
"VN","3007335","1925.0","20","funded","2025-08-01","2025-06-26","","","no","1","Farming","no","VND","50000000.00","121"
"VN","3007323","1925.0","20","funded","2025-08-01","2025-06-26","","","no","1","Farming","no","VND","50000000.00","121"
"VN","3007321","1925.0","20","funded","2025-07-30","2025-06-26","","","no","1","Agriculture","no","VND","50000000.00","121"
"VN","3007319","1150.0","20","funded","2025-07-19","2025-06-26","","","no","1","Farming","no","VND","30000000.00","121"
"VN","3007320","1925.0","20","funded","2025-07-23","2025-06-26","","","no","1","Agriculture","no","VND","50000000.00","121"
"VN","3007316","1925.0","20","funded","2025-07-25","2025-06-26","","","no","1","Farming","no","VND","50000000.00","121"
"VN","3007315","1150.0","20","funded","2025-07-08","2025-06-26","","","no","1","Agriculture","no","VND","30000000.00","121"
"VN","3007313","1925.0","20","funded","2025-07-08","2025-06-27","","","no","1","Agriculture","no","VND","50000000.00","121"
"VN","3007309","1925.0","20","funded","2025-07-31","2025-06-27","","","no","1","Agriculture","no","VND","50000000.00","121"
"VN","3005925","1925.0","20","funded","2025-07-28","2025-06-04","","","no","1","Pigs","no","VND","50000000.00","121"
"VN","3005968","1925.0","20","funded","2025-07-28","2025-06-10","","","no","1","Agriculture","no","VND","50000000.00","121"
"VN","3005972","1925.0","20","funded","2025-07-28","2025-06-10","","","no","1","Agriculture","no","VND","50000000.00","121"
"VN","3005956","1925.0","20","funded","2025-07-27","2025-06-09","","","no","1","Cattle","no","VND","50000000.00","121"
"VN","3005935","1925.0","26","funded","2025-07-27","2025-06-03","","","no","1","Cattle","no","VND","50000000.00","121"
"VN","3005562","1075.0","15","funded","2025-07-15","2025-05-30","","","no","2","Pigs","no","VND","28000000.00","342"
"VN","3005560","500.0","14","funded","2025-07-01","2025-05-30","","","no","1","Agriculture","no","VND","13000000.00","342"
"VN","3005564","1150.0","15","funded","2025-07-18","2025-05-30","","","no","3","Agriculture","no","VND","30000000.00","342"
"VN","3005558","1150.0","19","funded","2025-07-15","2025-05-30","","","no","3","Aquaculture","no","VND","30000000.00","342"
"VN","3005557","775.0","14","funded","2025-07-02","2025-05-30","","","no","2","Agriculture","no","VND","20000000.00","342"
"VN","3005559","900.0","14","funded","2025-07-10","2025-05-30","","","no","2","Pigs","no","VND","23000000.00","342"
"VN","3005044","775.0","21","funded","2025-07-09","2025-05-30","","","no","1","Farming","yes","VND","20000000.00","342"
"VN","3005036","775.0","14","funded","2025-07-01","2025-05-30","","","no","1","Cattle","no","VND","20000000.00","342"
"VN","3004872","975.0","21","funded","2025-07-09","2025-05-30","","","no","2","Agriculture","yes","VND","25000000.00","342"
"VN","3004876","575.0","14","funded","2025-07-01","2025-05-30","","","no","1","Aquaculture","no","VND","15000000.00","342"
"VN","3004859","1150.0","19","funded","2025-07-02","2025-05-30","","","no","2","Pigs","no","VND","30000000.00","342"
"VN","3004822","1550.0","20","funded","2025-07-25","2025-06-12","","","no","1","Agriculture","no","VND","40000000.00","121"
"VN","3004815","1925.0","20","funded","2025-07-24","2025-06-11","","","no","1","Farming","no","VND","50000000.00","121"
"VN","3004814","1150.0","17","funded","2025-07-07","2025-06-11","","","no","1","Farming","no","VND","30000000.00","121"
"VN","3004812","1925.0","20","funded","2025-07-23","2025-06-11","","","no","1","Farming","no","VND","50000000.00","121"
"VN","3002494","1925.0","20","funded","2025-07-22","2025-06-04","","","no","1","Animal Sales","no","VND","50000000.00","121"
"VN","3002482","1925.0","20","funded","2025-07-22","2025-06-05","","","no","1","Farming","no","VND","50000000.00","121"
"VN","3002489","1925.0","20","funded","2025-07-22","2025-06-05","","","no","1","Agriculture","no","VND","50000000.00","121"
"VN","3002480","1925.0","20","funded","2025-07-08","2025-06-06","","","no","1","Farming","no","VND","50000000.00","121"
"VN","3002446","1925.0","20","funded","2025-07-21","2025-06-06","","","no","1","Pigs","no","VND","50000000.00","121"
"VN","3002439","1925.0","20","funded","2025-07-21","2025-06-06","","","no","1","Animal Sales","no","VND","50000000.00","121"
"VN","3002425","1925.0","20","funded","2025-07-08","2025-06-06","","","no","1","Livestock","no","VND","50000000.00","121"
"VN","3002421","1925.0","20","funded","2025-07-21","2025-06-06","","","no","1","Animal Sales","no","VND","50000000.00","121"
"VN","3002418","1925.0","20","funded","2025-07-21","2025-06-09","","","no","1","Farming","no","VND","50000000.00","121"
"VN","3002405","1925.0","20","funded","2025-07-21","2025-06-09","","","no","1","Cattle","no","VND","50000000.00","121"
"VN","3002402","1150.0","20","funded","2025-07-02","2025-06-10","","","no","1","Farming","no","VND","30000000.00","121"
"VN","3002398","1925.0","20","funded","2025-07-21","2025-06-10","","","no","1","Farming","no","VND","50000000.00","121"
"VN","3002396","1925.0","20","funded","2025-07-21","2025-06-10","","","no","1","Farming","no","VND","50000000.00","121"
"VN","3002401","1925.0","20","funded","2025-07-21","2025-06-10","","","no","1","Agriculture","no","VND","50000000.00","121"
"VN","3002399","1550.0","20","funded","2025-07-19","2025-06-10","","","no","1","Agriculture","no","VND","40000000.00","121"
"VN","3002394","1550.0","20","funded","2025-07-21","2025-06-10","","","no","1","Farming","no","VND","40000000.00","121"
"VN","3002392","1925.0","20","funded","2025-07-20","2025-06-10","","","no","1","Farming","no","VND","50000000.00","121"
"VN","3002391","1925.0","20","funded","2025-07-21","2025-06-10","","","no","1","Farming","no","VND","50000000.00","121"
"VN","3002386","1150.0","20","funded","2025-07-10","2025-06-10","","","no","1","Farming","no","VND","30000000.00","121"
"VN","3001658","975.0","17","funded","2025-07-02","2025-05-23","","","no","2","Pigs","no","VND","25000000.00","342"
"VN","3001647","1150.0","14","funded","2025-07-10","2025-05-23","","","no","2","Aquaculture","no","VND","30000000.00","342"
"VN","3001645","1550.0","14","funded","2025-07-19","2025-05-23","","","no","2","Pigs","no","VND","40000000.00","342"
"VN","3001637","200.0","9","funded","2025-06-24","2025-05-23","","","no","1","Pigs","no","VND","5000000.00","342"
"VN","3001631","575.0","15","funded","2025-06-24","2025-05-23","","","no","1","Cattle","no","VND","15000000.00","342"
"VN","3001603","1725.0","19","funded","2025-07-19","2025-05-23","","","no","3","Pigs","no","VND","45000000.00","342"
"VN","3001621","1350.0","16","funded","2025-07-15","2025-05-23","","","no","2","Pigs","no","VND","35000000.00","342"
"VN","3001594","775.0","14","funded","2025-06-26","2025-05-23","","","no","2","Pigs","no","VND","20000000.00","342"
"VN","3001592","825.0","14","funded","2025-07-05","2025-05-23","","","no","2","Aquaculture","no","VND","21000000.00","342"
"VN","3001567","1000.0","19","funded","2025-07-04","2025-05-23","","","no","2","Cattle","no","VND","26000000.00","342"
"VN","3001561","575.0","19","funded","2025-06-25","2025-05-23","","","no","1","Pigs","no","VND","15000000.00","342"
"VN","3001565","1075.0","14","funded","2025-07-11","2025-05-23","","","no","3","Pigs","no","VND","28000000.00","342"
"VN","3001555","1925.0","20","funded","2025-07-01","2025-06-04","","","no","1","Farming","no","VND","50000000.00","121"
"VN","3001487","575.0","14","funded","2025-06-27","2025-05-23","","","no","1","Poultry","no","VND","15000000.00","342"
"VN","3001489","1350.0","21","funded","2025-07-10","2025-05-23","","","no","2","Pigs","no","VND","35000000.00","342"
"VN","3001488","575.0","19","funded","2025-06-25","2025-05-23","","","no","1","Cattle","no","VND","15000000.00","342"
"VN","3000634","1925.0","20","funded","2025-07-18","2025-06-09","","","no","1","Farming","no","VND","50000000.00","121"
"VN","3000667","1925.0","20","funded","2025-07-10","2025-06-06","","","no","1","Farming","no","VND","50000000.00","121"
"VN","3000635","1925.0","20","funded","2025-07-16","2025-06-05","","","no","1","Farming","no","VND","50000000.00","121"
"VN","3000637","1925.0","17","funded","2025-07-13","2025-06-06","","","no","1","Animal Sales","no","VND","50000000.00","121"
"VN","2999330","1175.0","26","funded","2025-07-05","2025-06-03","","","no","1","Cattle","no","VND","30000000.00","121"
"VN","2998279","1175.0","20","funded","2025-07-01","2025-05-27","","","no","1","Cattle","no","VND","30000000.00","121"
"VN","2998242","1925.0","20","funded","2025-07-08","2025-05-28","","","no","1","Farming","no","VND","50000000.00","121"
"VN","2998247","1925.0","20","funded","2025-07-04","2025-05-28","","","no","1","Farming","no","VND","50000000.00","121"
"VN","2998239","1925.0","22","funded","2025-07-01","2025-05-28","","","no","1","Farming","no","VND","50000000.00","121"
"VN","2998230","1550.0","20","funded","2025-06-29","2025-05-28","","","no","1","Pigs","no","VND","40000000.00","121"
"VN","2998225","1925.0","26","funded","2025-07-08","2025-05-29","","","no","1","Farming","no","VND","50000000.00","121"
"VN","2998223","1550.0","20","funded","2025-06-29","2025-05-29","","","no","1","Farming","no","VND","40000000.00","121"
"VN","2998219","1925.0","20","funded","2025-06-24","2025-05-29","","","no","1","Farming","no","VND","50000000.00","121"
"VN","2996737","1925.0","17","funded","2025-07-09","2025-05-26","","","no","1","Cattle","no","VND","50000000.00","121"
"VN","2996734","1150.0","20","funded","2025-06-24","2025-05-26","","","no","1","Agriculture","no","VND","30000000.00","121"
"VN","2997822","1925.0","26","funded","2025-07-06","2025-05-27","","","no","1","Farming","no","VND","50000000.00","121"
"VN","2997824","1925.0","26","funded","2025-06-27","2025-05-27","","","no","1","Farming","no","VND","50000000.00","121"
"VN","2997820","1175.0","26","funded","2025-06-20","2025-05-27","","","no","1","Livestock","no","VND","30000000.00","121"
"VN","2997818","1925.0","26","funded","2025-07-02","2025-05-27","","","no","1","Livestock","no","VND","50000000.00","121"
"VN","2997810","1550.0","20","funded","2025-07-01","2025-05-27","","","no","1","Agriculture","no","VND","40000000.00","121"
"VN","2997809","1925.0","26","funded","2025-07-05","2025-05-27","","","no","1","Agriculture","no","VND","50000000.00","121"
"VN","2997804","1925.0","20","funded","2025-07-06","2025-05-27","","","no","1","Cattle","no","VND","50000000.00","121"
"VN","2997286","1925.0","20","funded","2025-07-05","2025-05-27","","","no","1","Farming","no","VND","50000000.00","121"
"VN","2997285","1925.0","20","funded","2025-07-05","2025-05-27","","","no","1","Agriculture","no","VND","50000000.00","121"
"VN","2997267","1550.0","20","funded","2025-07-04","2025-05-27","","","no","1","Farming","no","VND","40000000.00","121"
"VN","2997263","1925.0","20","funded","2025-07-05","2025-05-27","","","no","1","Farming","no","VND","50000000.00","121"
"VN","2997244","1925.0","20","funded","2025-07-05","2025-05-26","","","no","1","Pigs","no","VND","50000000.00","121"
"VN","2997152","1925.0","17","funded","2025-07-03","2025-05-27","","","no","1","Livestock","no","VND","50000000.00","121"
"VN","2997149","1925.0","26","funded","2025-07-05","2025-05-27","","","no","1","Cattle","no","VND","50000000.00","121"
"VN","2997153","1550.0","26","funded","2025-07-04","2025-05-27","","","no","1","Livestock","no","VND","40000000.00","121"
"VN","2997131","1925.0","20","funded","2025-07-04","2025-05-26","","","no","1","Farming","no","VND","50000000.00","121"
"VN","2997134","1925.0","20","funded","2025-07-04","2025-05-26","","","no","1","Farming","no","VND","50000000.00","121"
"VN","2997138","1925.0","20","funded","2025-07-04","2025-05-26","","","no","1","Cattle","no","VND","50000000.00","121"
"VN","2997128","1925.0","20","funded","2025-07-04","2025-05-26","","","no","1","Farming","no","VND","50000000.00","121"
"VN","2996722","1925.0","20","funded","2025-07-04","2025-05-25","","","no","1","Farming","no","VND","50000000.00","121"
"VN","2996717","1550.0","26","funded","2025-07-01","2025-05-23","","","no","1","Cattle","no","VND","40000000.00","121"
"VN","2996733","1925.0","20","funded","2025-07-02","2025-05-26","","","no","1","Farming","no","VND","50000000.00","121"
"VN","2996708","1925.0","26","funded","2025-07-04","2025-05-23","","","no","1","Agriculture","no","VND","50000000.00","121"
"VN","2996703","1925.0","20","funded","2025-07-04","2025-05-23","","","no","1","Cattle","no","VND","50000000.00","121"
"VN","2996691","1925.0","20","funded","2025-07-04","2025-05-23","","","no","1","Pigs","no","VND","50000000.00","121"
"VN","2996704","1550.0","26","funded","2025-06-19","2025-05-23","","","no","1","Agriculture","no","VND","40000000.00","121"
"VN","2996312","1175.0","17","funded","2025-06-18","2025-05-20","","","no","1","Farming","no","VND","30000000.00","121"
"VN","2996264","1925.0","26","funded","2025-07-04","2025-05-23","","","no","1","Livestock","no","VND","50000000.00","121"
"VN","2996247","1925.0","22","funded","2025-07-04","2025-05-23","","","no","1","Farming","no","VND","50000000.00","121"
"VN","2996258","1925.0","20","funded","2025-07-04","2025-05-23","","","no","1","Agriculture","no","VND","50000000.00","121"
"VN","2996212","1925.0","20","funded","2025-06-19","2025-05-22","","","no","1","Agriculture","no","VND","50000000.00","121"
"VN","2996230","1550.0","20","funded","2025-07-03","2025-05-23","","","no","1","Agriculture","no","VND","40000000.00","121"
"VN","2996228","1925.0","17","funded","2025-07-03","2025-05-23","","","no","1","Cattle","no","VND","50000000.00","121"
"VN","2996221","1925.0","20","funded","2025-07-04","2025-05-23","","","no","1","Pigs","no","VND","50000000.00","121"
"VN","2996218","1925.0","20","funded","2025-07-03","2025-05-22","","","no","1","Agriculture","no","VND","50000000.00","121"
"VN","2996178","1925.0","20","funded","2025-07-03","2025-05-22","","","no","1","Farming","no","VND","50000000.00","121"
"VN","2996173","1550.0","20","funded","2025-06-28","2025-05-22","","","no","1","Agriculture","no","VND","40000000.00","121"
"VN","2996164","1925.0","26","funded","2025-07-03","2025-05-21","","","no","1","Farming","no","VND","50000000.00","121"
"VN","2996161","1550.0","17","funded","2025-07-03","2025-05-21","","","no","1","Farming","no","VND","40000000.00","121"
"VN","2996163","1925.0","20","funded","2025-07-03","2025-05-21","","","no","1","Farming","no","VND","50000000.00","121"
"VN","2996148","1925.0","26","funded","2025-07-01","2025-05-20","","","no","1","Farming","no","VND","50000000.00","121"
"VN","2996145","1925.0","20","funded","2025-07-03","2025-05-23","","","no","1","Cattle","no","VND","50000000.00","121"
"VN","2996142","1925.0","17","funded","2025-07-02","2025-05-23","","","no","1","Farming","no","VND","50000000.00","121"
"VN","2996128","1925.0","20","funded","2025-07-03","2025-05-22","","","no","1","Cattle","no","VND","50000000.00","121"
"VN","2996107","1925.0","20","funded","2025-07-03","2025-05-27","","","no","1","Farming","no","VND","50000000.00","121"
"VN","2996105","1925.0","20","funded","2025-07-03","2025-05-20","","","no","1","Farming","no","VND","50000000.00","121"
"VN","2996101","1925.0","17","funded","2025-07-02","2025-05-20","","","no","1","Cattle","no","VND","50000000.00","121"
"VN","2996049","850.0","19","funded","2025-06-27","2025-05-16","","","no","2","Aquaculture","no","VND","22000000.00","342"
"VN","2996056","2125.0","20","funded","2025-07-02","2025-05-16","","","no","3","Farming","yes","VND","55000000.00","342"
"VN","2996055","2125.0","14","funded","2025-07-02","2025-05-16","","","no","4","Farming","yes","VND","55000000.00","342"
"VN","2996054","850.0","15","funded","2025-06-19","2025-05-16","","","no","2","Poultry","no","VND","22000000.00","342"
"VN","2996052","2325.0","18","funded","2025-07-03","2025-05-16","","","no","4","Cattle","no","VND","60000000.00","342"
"VN","2996053","1575.0","21","funded","2025-07-02","2025-05-16","","","no","2","Livestock","no","VND","41000000.00","342"
"VN","2996051","1350.0","14","funded","2025-06-24","2025-05-16","","","no","3","Pigs","no","VND","35000000.00","342"
"VN","2996050","975.0","19","funded","2025-06-19","2025-05-16","","","no","2","Cattle","no","VND","25000000.00","342"
"VN","2996047","1425.0","18","funded","2025-07-02","2025-05-16","","","no","3","Pigs","no","VND","37000000.00","342"
"VN","2995381","400.0","14","funded","2025-06-15","2025-05-16","","","no","1","Cattle","no","VND","10000000.00","342"
"VN","2995357","775.0","14","funded","2025-06-17","2025-05-16","","","no","2","Pigs","no","VND","20000000.00","342"
"VN","2993676","1925.0","26","funded","2025-07-01","2025-05-20","","","no","1","Farming","no","VND","50000000.00","121"
"VN","2993677","1925.0","20","funded","2025-07-01","2025-05-21","","","no","1","Farming","no","VND","50000000.00","121"
"VN","2993674","1925.0","26","funded","2025-07-01","2025-05-20","","","no","1","Farming","no","VND","50000000.00","121"
"VN","2993684","1550.0","20","funded","2025-06-17","2025-05-21","","","no","1","Farming","no","VND","40000000.00","121"
"VN","2993685","1925.0","20","funded","2025-06-24","2025-05-21","","","no","1","Agriculture","no","VND","50000000.00","121"
"VN","2993668","1925.0","20","funded","2025-07-01","2025-05-20","","","no","1","Farming","no","VND","50000000.00","121"
"VN","2993669","1550.0","20","funded","2025-06-18","2025-05-20","","","no","1","Farming","no","VND","40000000.00","121"
"VN","2993670","1925.0","20","funded","2025-07-01","2025-05-20","","","no","1","Farming","no","VND","50000000.00","121"
"VN","2993671","1550.0","20","funded","2025-07-01","2025-05-20","","","no","1","Farming","no","VND","40000000.00","121"
"VN","2993666","1925.0","20","funded","2025-07-01","2025-05-20","","","no","1","Aquaculture","no","VND","50000000.00","121"
"VN","2993665","1175.0","20","funded","2025-06-20","2025-05-20","","","no","1","Farming","no","VND","30000000.00","121"
"VN","2993662","1925.0","20","funded","2025-07-01","2025-05-20","","","no","1","Livestock","no","VND","50000000.00","121"
"VN","2993661","1925.0","20","funded","2025-07-01","2025-05-20","","","no","1","Pigs","no","VND","50000000.00","121"
"VN","2993679","1925.0","20","funded","2025-07-01","2025-05-21","","","no","1","Agriculture","no","VND","50000000.00","121"
"VN","2993656","1925.0","20","funded","2025-07-01","2025-05-19","","","no","1","Farming","no","VND","50000000.00","121"
"VN","2993658","1925.0","20","funded","2025-07-01","2025-05-19","","","no","1","Farming","no","VND","50000000.00","121"
"VN","2993654","1925.0","20","funded","2025-07-01","2025-05-19","","","no","1","Agriculture","no","VND","50000000.00","121"
"VN","2993646","1175.0","17","funded","2025-06-20","2025-05-17","","","no","1","Agriculture","no","VND","30000000.00","121"
"VN","2993639","1550.0","20","funded","2025-07-01","2025-05-16","","","no","1","Cattle","no","VND","40000000.00","121"
"VN","2993641","1925.0","20","funded","2025-07-01","2025-05-16","","","no","1","Cattle","no","VND","50000000.00","121"
"VN","2993633","1925.0","20","funded","2025-07-01","2025-05-16","","","no","1","Farming","no","VND","50000000.00","121"
"VN","2993632","1550.0","22","funded","2025-07-01","2025-05-16","","","no","1","Farming","no","VND","40000000.00","121"
"VN","2993631","1925.0","20","funded","2025-07-01","2025-05-16","","","no","1","Cattle","no","VND","50000000.00","121"
"VN","2993628","1925.0","20","funded","2025-06-25","2025-05-16","","","no","1","Livestock","no","VND","50000000.00","121"
"VN","2992996","1925.0","26","funded","2025-06-30","2025-05-14","","","no","1","Livestock","no","VND","50000000.00","121"
"VN","2993049","1925.0","26","funded","2025-06-30","2025-05-14","","","no","1","Farming","no","VND","50000000.00","121"
"VN","2993035","1175.0","20","funded","2025-06-17","2025-05-15","","","no","1","Agriculture","no","VND","30000000.00","121"
"VN","2993034","1550.0","20","funded","2025-06-30","2025-05-15","","","no","1","Agriculture","no","VND","40000000.00","121"
"VN","2993032","1925.0","20","funded","2025-06-30","2025-05-15","","","no","1","Cattle","no","VND","50000000.00","121"
"VN","2993012","1925.0","20","funded","2025-06-30","2025-05-15","","","no","1","Cattle","no","VND","50000000.00","121"
"VN","2993011","1925.0","20","funded","2025-06-29","2025-05-15","","","no","1","Farming","no","VND","50000000.00","121"
"VN","2993015","1550.0","20","funded","2025-06-30","2025-05-15","","","no","1","Farming","no","VND","40000000.00","121"
"VN","2993014","1925.0","20","funded","2025-06-30","2025-05-15","","","no","1","Farming","no","VND","50000000.00","121"
"VN","2993008","1925.0","20","funded","2025-06-30","2025-05-15","","","no","1","Farming","no","VND","50000000.00","121"
"VN","2992997","1925.0","20","funded","2025-06-30","2025-05-14","","","no","1","Farming","no","VND","50000000.00","121"
"VN","2992995","1550.0","26","funded","2025-06-20","2025-05-14","","","no","1","Agriculture","no","VND","40000000.00","121"
"VN","2992994","1925.0","20","funded","2025-06-30","2025-05-14","","","no","1","Animal Sales","no","VND","50000000.00","121"
"VN","2992992","1925.0","20","funded","2025-06-30","2025-05-13","","","no","1","Cattle","no","VND","50000000.00","121"
"VN","2991603","1350.0","20","funded","2025-06-05","2025-05-09","","","no","2","Pigs","no","VND","35000000.00","342"
"VN","2991600","1550.0","20","funded","2025-06-28","2025-05-09","","","no","3","Cattle","no","VND","40000000.00","342"
"VN","2991592","1750.0","20","funded","2025-06-28","2025-05-09","","","no","3","Farming","yes","VND","45000000.00","342"
"VN","2991495","1175.0","14","funded","2025-06-11","2025-05-09","","","no","2","Cattle","no","VND","30000000.00","342"
"VN","2991112","1925.0","20","funded","2025-06-28","2025-05-13","","","no","1","Pigs","no","VND","50000000.00","121"
"VN","2991111","1925.0","20","funded","2025-06-28","2025-05-13","","","no","1","Agriculture","no","VND","50000000.00","121"
"VN","2991108","1925.0","20","funded","2025-06-20","2025-05-13","","","no","1","Agriculture","no","VND","50000000.00","121"
"VN","2991106","1925.0","20","funded","2025-06-28","2025-05-13","","","no","1","Farming","no","VND","50000000.00","121"
"VN","2991103","1925.0","20","funded","2025-06-27","2025-05-09","","","no","1","Cattle","no","VND","50000000.00","121"
"VN","2991098","1550.0","20","funded","2025-06-20","2025-05-09","","","no","1","Cattle","no","VND","40000000.00","121"
"VN","2991101","1925.0","20","funded","2025-06-12","2025-05-09","","","no","1","Livestock","no","VND","50000000.00","121"
"VN","2991093","1925.0","20","funded","2025-06-27","2025-05-09","","","no","1","Cattle","no","VND","50000000.00","121"
"VN","2991090","1925.0","17","funded","2025-06-03","2025-05-09","","","no","1","Cattle","no","VND","50000000.00","121"
"VN","2991088","1925.0","20","funded","2025-06-20","2025-05-22","","","no","1","Farming","no","VND","50000000.00","121"
"VN","2991081","1925.0","20","funded","2025-06-24","2025-05-16","","","no","1","Farming","no","VND","50000000.00","121"
"VN","2991084","1925.0","26","funded","2025-06-27","2025-05-22","","","no","1","Farming","no","VND","50000000.00","121"
"VN","2991087","1925.0","20","funded","2025-06-27","2025-05-22","","","no","1","Farming","no","VND","50000000.00","121"
"VN","2991077","1550.0","17","funded","2025-06-25","2025-05-22","","","no","1","Cattle","no","VND","40000000.00","121"
"VN","2990827","1350.0","19","funded","2025-06-10","2025-05-09","","","no","2","Cattle","no","VND","35000000.00","342"
"VN","2990720","1825.0","19","funded","2025-06-25","2025-05-09","","","no","3","Cattle","no","VND","47000000.00","342"
"VN","2990596","1425.0","20","funded","2025-06-04","2025-05-09","","","no","3","Agriculture","no","VND","37000000.00","342"
"VN","2990570","1200.0","14","funded","2025-06-07","2025-05-09","","","no","3","Aquaculture","no","VND","31000000.00","342"
"VN","2989917","1775.0","19","funded","2025-06-24","2025-05-09","","","no","4","Pigs","no","VND","46000000.00","342"
"VN","2989848","1550.0","19","funded","2025-06-05","2025-05-09","","","no","3","Poultry","no","VND","40000000.00","342"
"VN","2983589","1175.0","17","funded","2025-06-05","2025-05-13","","","no","1","Pigs","no","VND","30000000.00","121"
"VN","2988321","850.0","14","funded","2025-06-04","2025-05-09","","","no","2","Cattle","no","VND","22000000.00","342"
"VN","2987714","1775.0","14","funded","2025-06-24","2025-05-09","","","no","4","Cattle","no","VND","46000000.00","342"
"VN","2987541","400.0","14","funded","2025-06-01","2025-05-09","","","no","1","Poultry","no","VND","10000000.00","342"
"VN","2987379","1950.0","20","funded","2025-06-24","2025-05-20","","","no","1","Cattle","no","VND","50000000.00","121"
"VN","2987424","1950.0","26","funded","2025-06-24","2025-05-20","","","no","1","Cattle","no","VND","50000000.00","121"
"VN","2987425","1950.0","26","funded","2025-06-24","2025-05-20","","","no","1","Cattle","no","VND","50000000.00","121"
"VN","2987421","1950.0","26","funded","2025-06-24","2025-05-20","","","no","1","Farming","no","VND","50000000.00","121"
"VN","2987418","1950.0","26","funded","2025-06-24","2025-05-20","","","no","1","Cattle","no","VND","50000000.00","121"
"VN","2987378","775.0","17","funded","2025-06-01","2025-05-20","","","no","1","Livestock","no","VND","20000000.00","121"
"VN","2987367","1175.0","17","funded","2025-06-11","2025-05-20","","","no","1","Cattle","no","VND","30000000.00","121"
"VN","2987356","1950.0","26","funded","2025-06-24","2025-05-13","","","no","1","Cattle","no","VND","50000000.00","121"
"VN","2987343","1950.0","20","funded","2025-06-14","2025-05-15","","","no","1","Farming","no","VND","50000000.00","121"
"VN","2985240","600.0","19","funded","2025-06-01","2025-04-25","","","no","1","Agriculture","no","VND","15000000.00","342"
"VN","2985224","600.0","19","funded","2025-06-02","2025-04-25","","","no","1","Poultry","no","VND","15000000.00","342"
"VN","2985197","400.0","13","funded","2025-05-28","2025-04-25","","","no","1","Pigs","no","VND","10000000.00","342"
"VN","2985168","975.0","19","funded","2025-06-03","2025-04-25","","","no","2","Aquaculture","no","VND","25000000.00","342"
"VN","2985165","900.0","14","funded","2025-06-02","2025-04-25","","","no","2","Aquaculture","no","VND","23000000.00","342"
"VN","2983659","1950.0","26","funded","2025-06-21","2025-05-14","","","no","1","Agriculture","no","VND","50000000.00","121"
"VN","2983648","1950.0","26","funded","2025-06-07","2025-05-14","","","no","1","Agriculture","no","VND","50000000.00","121"
"VN","2984465","1350.0","14","funded","2025-06-04","2025-04-25","","","no","2","Farming","yes","VND","35000000.00","342"
"VN","2984447","975.0","19","funded","2025-06-04","2025-04-25","","","no","2","Cattle","no","VND","25000000.00","342"
"VN","2984411","2950.0","21","funded","2025-06-21","2025-04-25","","","no","5","Cattle","no","VND","76000000.00","342"
"VN","2984050","3100.0","21","funded","2025-06-20","2025-04-25","","","no","5","Pigs","no","VND","80000000.00","342"
"VN","2984032","550.0","15","funded","2025-05-26","2025-04-25","","","no","2","Cattle","no","VND","14000000.00","342"
"VN","2983679","1175.0","17","funded","2025-06-04","2025-05-15","","","no","1","Farming","no","VND","30000000.00","121"
"VN","2983672","1950.0","26","funded","2025-06-20","2025-05-14","","","no","1","Cattle","no","VND","50000000.00","121"
"VN","2983667","1950.0","26","funded","2025-06-20","2025-05-14","","","no","1","Agriculture","no","VND","50000000.00","121"
"VN","2983657","1950.0","26","funded","2025-06-19","2025-05-14","","","no","1","Agriculture","no","VND","50000000.00","121"
"VN","2983665","775.0","20","funded","2025-06-01","2025-05-14","","","no","1","Agriculture","no","VND","20000000.00","121"
"VN","2983639","1950.0","26","funded","2025-06-19","2025-05-14","","","no","1","Agriculture","no","VND","50000000.00","121"
"VN","2983678","1950.0","20","funded","2025-06-19","2025-05-15","","","no","1","Agriculture","no","VND","50000000.00","121"
"VN","2983676","1950.0","20","funded","2025-06-19","2025-05-15","","","no","1","Agriculture","no","VND","50000000.00","121"
"VN","2983674","1950.0","26","funded","2025-06-19","2025-05-14","","","no","1","Agriculture","no","VND","50000000.00","121"
"VN","2983675","775.0","20","funded","2025-06-02","2025-05-14","","","no","1","Agriculture","no","VND","20000000.00","121"
"VN","2983630","1175.0","20","funded","2025-06-06","2025-05-14","","","no","1","Agriculture","no","VND","30000000.00","121"
"VN","2983640","1950.0","20","funded","2025-06-19","2025-05-14","","","no","1","Agriculture","no","VND","50000000.00","121"
"VN","2983611","1175.0","17","funded","2025-06-04","2025-05-13","","","no","1","Pigs","no","VND","30000000.00","121"
"VN","2983594","1950.0","20","funded","2025-06-19","2025-05-13","","","no","1","Pigs","no","VND","50000000.00","121"
"VN","2983527","1950.0","20","funded","2025-06-02","2025-05-09","","","no","1","Livestock","no","VND","50000000.00","121"
"VN","2983548","1175.0","17","funded","2025-06-10","2025-05-12","","","no","1","Pigs","no","VND","30000000.00","121"
"VN","2983545","1950.0","20","funded","2025-06-19","2025-05-12","","","no","1","Cattle","no","VND","50000000.00","121"
"VN","2983540","1950.0","20","funded","2025-06-19","2025-05-12","","","no","1","Cattle","no","VND","50000000.00","121"
"VN","2983532","1950.0","26","funded","2025-06-19","2025-05-12","","","no","1","Pigs","no","VND","50000000.00","121"
"VN","2983520","1950.0","20","funded","2025-06-19","2025-05-09","","","no","1","Pigs","no","VND","50000000.00","121"
"VN","2983463","1950.0","20","funded","2025-06-19","2025-05-09","","","no","1","Agriculture","no","VND","50000000.00","121"
"VN","2983456","1950.0","26","funded","2025-06-19","2025-05-09","","","no","1","Farming","no","VND","50000000.00","121"
"VN","2983450","1950.0","17","funded","2025-06-19","2025-05-09","","","no","1","Cattle","no","VND","50000000.00","121"
"VN","2982393","1950.0","20","funded","2025-06-17","2025-05-09","","","no","1","Cattle","no","VND","50000000.00","121"
"VN","2982389","1950.0","26","funded","2025-06-17","2025-04-29","","","no","1","Agriculture","no","VND","50000000.00","121"
"VN","2982390","1950.0","20","funded","2025-06-17","2025-04-29","","","no","1","Agriculture","no","VND","50000000.00","121"
"VN","2982386","1950.0","26","funded","2025-05-27","2025-04-25","","","no","1","Farming","no","VND","50000000.00","121"
"VN","2981941","1175.0","17","funded","2025-06-04","2025-04-25","","","no","1","Cattle","no","VND","30000000.00","121"
"VN","2981749","800.0","20","funded","2025-05-20","2025-04-17","","","no","1","Pigs","no","VND","20000000.00","342"
"VN","2981745","400.0","13","funded","2025-05-18","2025-04-17","","","no","1","Cattle","no","VND","10000000.00","342"
"VN","2981748","600.0","14","funded","2025-05-18","2025-04-17","","","no","1","Pigs","no","VND","15000000.00","342"
"VN","2981736","1750.0","14","funded","2025-05-26","2025-04-17","","","no","4","Agriculture","no","VND","45000000.00","342"
"VN","2981723","1175.0","18","funded","2025-05-19","2025-04-17","","","no","2","Pigs","no","VND","30000000.00","342"
"VN","2981722","1475.0","18","funded","2025-05-20","2025-04-17","","","no","3","Pigs","no","VND","38000000.00","342"
"VN","2981140","1950.0","20","funded","2025-06-07","2025-04-16","","","no","1","Farming","no","VND","50000000.00","121"
"VN","2980246","1550.0","20","funded","2025-05-19","2025-04-16","","","no","1","Cattle","no","VND","40000000.00","121"
"VN","2980185","1950.0","20","funded","2025-06-07","2025-04-15","","","no","1","Farming","no","VND","50000000.00","121"
"VN","2979799","1950.0","26","funded","2025-06-07","2025-04-29","","","no","1","Farming","no","VND","50000000.00","121"
"VN","2979809","1950.0","20","funded","2025-06-05","2025-04-29","","","no","1","Farming","no","VND","50000000.00","121"
"VN","2979729","1950.0","26","funded","2025-06-04","2025-04-29","","","no","1","Agriculture","no","VND","50000000.00","121"
"VN","2979689","1550.0","20","funded","2025-05-19","2025-04-29","","","no","1","Farming","no","VND","40000000.00","121"
"VN","2979687","1550.0","20","funded","2025-05-23","2025-04-29","","","no","1","Agriculture","no","VND","40000000.00","121"
"VN","2979682","1550.0","20","funded","2025-05-19","2025-04-28","","","no","1","Cattle","no","VND","40000000.00","121"
"VN","2979661","1950.0","20","funded","2025-05-29","2025-04-28","","","no","1","Agriculture","no","VND","50000000.00","121"
"VN","2979675","1950.0","20","funded","2025-06-07","2025-04-28","","","no","1","Agriculture","no","VND","50000000.00","121"
"VN","2979621","1175.0","17","funded","2025-05-22","2025-04-28","","","no","1","Cattle","no","VND","30000000.00","121"
"VN","2979635","1950.0","20","funded","2025-06-07","2025-04-28","","","no","1","Cattle","no","VND","50000000.00","121"
"VN","2979619","1950.0","20","funded","2025-06-04","2025-04-26","","","no","1","Agriculture","no","VND","50000000.00","121"
"VN","2979617","1950.0","22","funded","2025-06-07","2025-04-26","","","no","1","Agriculture","no","VND","50000000.00","121"
"VN","2979551","1950.0","20","funded","2025-06-07","2025-04-26","","","no","1","Agriculture","no","VND","50000000.00","121"
"VN","2979538","1950.0","22","funded","2025-06-05","2025-04-26","","","no","1","Agriculture","no","VND","50000000.00","121"
"VN","2979524","1950.0","20","funded","2025-06-06","2025-04-26","","","no","1","Farming","no","VND","50000000.00","121"
"VN","2979419","1950.0","17","funded","2025-06-05","2025-04-25","","","no","1","Agriculture","no","VND","50000000.00","121"
"VN","2979435","1950.0","20","funded","2025-06-06","2025-04-25","","","no","1","Cattle","no","VND","50000000.00","121"
"VN","2979431","1950.0","20","funded","2025-06-06","2025-04-25","","","no","1","Cattle","no","VND","50000000.00","121"
"VN","2979040","1950.0","20","funded","2025-06-05","2025-04-25","","","no","1","Cattle","no","VND","50000000.00","121"
"VN","2979036","1950.0","20","funded","2025-06-03","2025-04-25","","","no","1","Cattle","no","VND","50000000.00","121"
"VN","2979034","1950.0","20","funded","2025-06-04","2025-04-25","","","no","1","Cattle","no","VND","50000000.00","121"
"VN","2977510","1950.0","20","funded","2025-05-21","2025-04-17","","","no","4","Agriculture","yes","VND","50000000.00","342"
"VN","2977487","1175.0","9","funded","2025-05-18","2025-04-17","","","no","2","Farming","yes","VND","30000000.00","342"
"VN","2977346","1550.0","20","funded","2025-06-03","2025-04-24","","","no","1","Cattle","no","VND","40000000.00","121"
"VN","2977341","1550.0","17","funded","2025-05-28","2025-04-24","","","no","1","Cattle","no","VND","40000000.00","121"
"VN","2977339","1950.0","17","funded","2025-06-03","2025-04-24","","","no","1","Pigs","no","VND","50000000.00","121"
"VN","2977337","1950.0","26","funded","2025-06-03","2025-04-23","","","no","1","Cattle","no","VND","50000000.00","121"
"VN","2977338","1950.0","20","funded","2025-06-03","2025-04-23","","","no","1","Agriculture","no","VND","50000000.00","121"
"VN","2977336","1950.0","26","funded","2025-06-03","2025-04-22","","","no","1","Farming","no","VND","50000000.00","121"
"VN","2977334","1950.0","26","funded","2025-06-01","2025-04-22","","","no","1","Farming","no","VND","50000000.00","121"
"VN","2977333","1950.0","17","funded","2025-06-01","2025-04-22","","","no","1","Farming","no","VND","50000000.00","121"
"VN","2976892","1925.0","26","funded","2025-05-22","2025-04-22","","","no","1","Farming","no","VND","50000000.00","121"
"VN","2976880","1925.0","22","funded","2025-06-03","2025-04-22","","","no","1","Agriculture","no","VND","50000000.00","121"
"VN","2976776","250.0","14","funded","2025-05-12","2025-04-11","","","no","1","Farming","no","VND","6000000.00","342"
"VN","2976756","550.0","14","funded","2025-05-14","2025-04-11","","","no","1","Pigs","no","VND","14000000.00","342"
"VN","2976751","2200.0","13","funded","2025-05-20","2025-04-11","","","no","4","Farming","yes","VND","57000000.00","342"
"VN","2976753","975.0","19","funded","2025-05-18","2025-04-11","","","no","2","Pigs","no","VND","25000000.00","342"
"VN","2976349","1950.0","26","funded","2025-06-03","2025-04-22","","","no","1","Farming","no","VND","50000000.00","121"
"VN","2976346","1950.0","20","funded","2025-05-19","2025-04-22","","","no","1","Farming","no","VND","50000000.00","121"
"VN","2976345","1175.0","20","funded","2025-05-20","2025-04-22","","","no","1","Farming","no","VND","30000000.00","121"
"VN","2976341","1175.0","20","funded","2025-05-19","2025-04-22","","","no","1","Cattle","no","VND","30000000.00","121"
"VN","2976338","1950.0","20","funded","2025-06-03","2025-04-22","","","no","1","Farming","no","VND","50000000.00","121"
"VN","2976334","1950.0","22","funded","2025-06-03","2025-04-22","","","no","1","Farming","no","VND","50000000.00","121"
"VN","2976205","1175.0","20","funded","2025-05-16","2025-04-22","","","no","1","Farming","no","VND","30000000.00","121"
"VN","2976208","1950.0","26","funded","2025-06-02","2025-04-22","","","no","1","Farming","no","VND","50000000.00","121"
"VN","2976108","1950.0","20","funded","2025-06-02","2025-04-22","","","no","1","Animal Sales","no","VND","50000000.00","121"
"VN","2976099","1950.0","20","funded","2025-06-02","2025-04-22","","","no","1","Cattle","no","VND","50000000.00","121"
"VN","2976105","1950.0","20","funded","2025-05-27","2025-04-22","","","no","1","Cattle","no","VND","50000000.00","121"
"VN","2976081","1950.0","20","funded","2025-06-01","2025-04-21","","","no","1","Aquaculture","no","VND","50000000.00","121"
"VN","2976078","1950.0","20","funded","2025-06-01","2025-04-17","","","no","1","Pigs","no","VND","50000000.00","121"
"VN","2976069","1950.0","20","funded","2025-05-22","2025-04-16","","","no","1","Farming","no","VND","50000000.00","121"
"VN","2976066","1950.0","17","funded","2025-06-01","2025-04-16","","","no","1","Agriculture","no","VND","50000000.00","121"
"VN","2976064","1175.0","17","funded","2025-05-18","2025-04-16","","","no","1","Farming","no","VND","30000000.00","121"
"VN","2976058","1950.0","20","funded","2025-05-28","2025-04-16","","","no","1","Cattle","no","VND","50000000.00","121"
"VN","2976054","1950.0","20","funded","2025-06-01","2025-04-16","","","no","1","Pigs","no","VND","50000000.00","121"
"VN","2976050","1550.0","20","funded","2025-05-19","2025-04-16","","","no","1","Cattle","no","VND","40000000.00","121"
"VN","2976046","1950.0","20","funded","2025-06-01","2025-04-10","","","no","1","Farming","no","VND","50000000.00","121"
"VN","2976049","1550.0","20","funded","2025-05-19","2025-04-14","","","no","1","Agriculture","no","VND","40000000.00","121"
"VN","2976045","1950.0","20","funded","2025-06-01","2025-04-10","","","no","1","Agriculture","no","VND","50000000.00","121"
"VN","2976030","1950.0","20","funded","2025-06-01","2025-04-09","","","no","1","Agriculture","no","VND","50000000.00","121"
"VN","2976041","1950.0","22","funded","2025-06-01","2025-04-10","","","no","1","Agriculture","no","VND","50000000.00","121"
"VN","2976039","1950.0","20","funded","2025-06-01","2025-04-10","","","no","1","Agriculture","no","VND","50000000.00","121"
"VN","2976033","1950.0","20","funded","2025-06-01","2025-04-09","","","no","1","Agriculture","no","VND","50000000.00","121"
"VN","2975439","1950.0","20","funded","2025-05-31","2025-04-09","","","no","1","Agriculture","no","VND","50000000.00","121"
"VN","2975438","1950.0","20","funded","2025-05-20","2025-04-09","","","no","1","Farming","no","VND","50000000.00","121"
"VN","2975442","1950.0","20","funded","2025-05-29","2025-04-09","","","no","1","Farming","no","VND","50000000.00","121"
"VN","2975441","1950.0","20","funded","2025-05-13","2025-04-09","","","no","1","Farming","no","VND","50000000.00","121"
"VN","2975435","1550.0","20","funded","2025-05-28","2025-04-16","","","no","1","Farming","no","VND","40000000.00","121"
"VN","2975436","1950.0","17","funded","2025-05-25","2025-04-23","","","no","1","Cattle","no","VND","50000000.00","121"
"VN","2974058","1550.0","20","funded","2025-05-19","2025-04-15","","","no","1","Cattle","no","VND","40000000.00","121"
"VN","2974057","1925.0","20","funded","2025-05-23","2025-04-15","","","no","1","Farming","no","VND","50000000.00","121"
"VN","2971466","600.0","14","funded","2025-05-01","2025-04-04","","","no","2","Pigs","no","VND","15000000.00","342"
"VN","2971463","1100.0","14","funded","2025-05-07","2025-04-04","","","no","3","Aquaculture","no","VND","28000000.00","342"
"VN","2971457","1750.0","18","funded","2025-05-20","2025-04-04","","","no","2","Agriculture","yes","VND","45000000.00","342"
"VN","2971448","3325.0","21","funded","2025-05-22","2025-04-04","","","no","5","Cattle","no","VND","86000000.00","342"
"VN","2971436","1125.0","13","funded","2025-05-07","2025-04-04","","","no","2","Pigs","no","VND","29000000.00","342"
"VN","2971370","1450.0","20","funded","2025-05-13","2025-04-04","","","no","3","Cattle","no","VND","37000000.00","342"
"VN","2971312","175.0","13","funded","2025-04-30","2025-04-04","","","no","1","Pigs","no","VND","4000000.00","342"
"VN","2971282","475.0","14","funded","2025-05-01","2025-04-04","","","no","1","Pigs","no","VND","12000000.00","342"
"VN","2969435","775.0","11","funded","2025-05-01","2025-03-28","","","no","2","Farming","yes","VND","20000000.00","342"
"VN","2969412","2625.0","21","funded","2025-05-20","2025-03-28","","","no","5","Farming","no","VND","68000000.00","342"
"VN","2969452","1550.0","21","funded","2025-05-14","2025-03-28","","","no","2","Agriculture","no","VND","40000000.00","342"
"VN","2969468","1200.0","14","funded","2025-05-05","2025-03-28","","","no","3","Agriculture","no","VND","31000000.00","342"
"VN","2969442","1550.0","13","funded","2025-05-05","2025-03-28","","","no","2","Agriculture","yes","VND","40000000.00","342"
"VN","2969475","600.0","16","funded","2025-04-30","2025-03-28","","","no","1","Poultry","no","VND","15000000.00","342"
"VN","2969477","200.0","14","funded","2025-04-29","2025-03-28","","","no","1","Poultry","no","VND","5000000.00","342"
"VN","2969470","1550.0","20","funded","2025-05-19","2025-03-28","","","no","4","Agriculture","no","VND","40000000.00","342"
"VN","2970303","1925.0","20","funded","2025-05-19","2025-04-14","","","no","1","Cattle","no","VND","50000000.00","121"
"VN","2970290","1925.0","17","funded","2025-05-19","2025-04-11","","","no","1","Cattle","no","VND","50000000.00","121"
"VN","2970284","1550.0","20","funded","2025-05-19","2025-04-09","","","no","1","Cattle","no","VND","40000000.00","121"
"VN","2970286","1550.0","20","funded","2025-05-18","2025-04-10","","","no","1","Agriculture","no","VND","40000000.00","121"
"VN","2969868","775.0","20","funded","2025-05-01","2025-04-25","","","no","1","Cattle","no","VND","20000000.00","121"
"VN","2969863","1550.0","20","funded","2025-05-05","2025-04-23","","","no","1","Aquaculture","no","VND","40000000.00","121"
"VN","2969861","1925.0","20","funded","2025-05-19","2025-04-23","","","no","1","Agriculture","no","VND","50000000.00","121"
"VN","2969856","1925.0","20","funded","2025-05-19","2025-04-23","","","no","1","Agriculture","no","VND","50000000.00","121"
"VN","2969851","1175.0","20","funded","2025-05-05","2025-04-23","","","no","1","Agriculture","no","VND","30000000.00","121"
"VN","2969847","1925.0","20","funded","2025-05-19","2025-04-22","","","no","1","Cattle","no","VND","50000000.00","121"
"VN","2969844","1550.0","20","funded","2025-05-19","2025-04-22","","","no","1","Agriculture","no","VND","40000000.00","121"
"VN","2969837","1925.0","20","funded","2025-05-19","2025-04-22","","","no","1","Cattle","no","VND","50000000.00","121"
"VN","2969841","1925.0","20","funded","2025-05-19","2025-04-22","","","no","1","Agriculture","no","VND","50000000.00","121"
"VN","2969831","1925.0","17","funded","2025-05-19","2025-04-22","","","no","1","Aquaculture","no","VND","50000000.00","121"
"VN","2969835","1925.0","20","funded","2025-05-19","2025-04-22","","","no","1","Aquaculture","no","VND","50000000.00","121"
"VN","2969827","1925.0","17","funded","2025-05-19","2025-04-21","","","no","1","Cattle","no","VND","50000000.00","121"
"VN","2969821","1925.0","20","funded","2025-05-19","2025-04-21","","","no","1","Cattle","no","VND","50000000.00","121"
"VN","2969825","1925.0","20","funded","2025-05-19","2025-04-21","","","no","1","Cattle","no","VND","50000000.00","121"
"VN","2969797","1550.0","20","funded","2025-05-06","2025-04-21","","","no","1","Cattle","no","VND","40000000.00","121"
"VN","2969791","1925.0","20","funded","2025-05-19","2025-04-21","","","no","1","Cattle","no","VND","50000000.00","121"
"VN","2969788","1925.0","20","funded","2025-05-18","2025-04-21","","","no","1","Cattle","no","VND","50000000.00","121"
"VN","2969784","1550.0","20","funded","2025-05-13","2025-04-21","","","no","1","Agriculture","no","VND","40000000.00","121"
"VN","2969773","1925.0","20","funded","2025-05-18","2025-04-19","","","no","1","Agriculture","no","VND","50000000.00","121"
"VN","2969708","1925.0","26","funded","2025-05-18","2025-04-11","","","no","1","Agriculture","no","VND","50000000.00","121"
"VN","2969693","1925.0","17","funded","2025-05-18","2025-04-10","","","no","1","Cattle","no","VND","50000000.00","121"
"VN","2969676","1925.0","20","funded","2025-05-18","2025-04-09","","","no","1","Agriculture","no","VND","50000000.00","121"
"VN","2967417","1950.0","20","funded","2025-05-07","2025-04-17","","","no","1","Farming","no","VND","50000000.00","121"
"VN","2967372","1950.0","20","funded","2025-05-17","2025-04-15","","","no","1","Agriculture","no","VND","50000000.00","121"
"VN","2967381","1950.0","20","funded","2025-05-17","2025-04-16","","","no","1","Aquaculture","no","VND","50000000.00","121"
"VN","2967375","1950.0","20","funded","2025-05-17","2025-04-16","","","no","1","Farming","no","VND","50000000.00","121"
"VN","2967373","1950.0","26","funded","2025-05-17","2025-04-16","","","no","1","Cattle","no","VND","50000000.00","121"
"VN","2967357","1950.0","20","funded","2025-05-17","2025-04-15","","","no","1","Cattle","no","VND","50000000.00","121"
"VN","2967347","1950.0","20","funded","2025-05-17","2025-04-14","","","no","1","Farming","no","VND","50000000.00","121"
"VN","2967344","1950.0","26","funded","2025-05-11","2025-04-11","","","no","1","Livestock","no","VND","50000000.00","121"
"VN","2967345","1950.0","26","funded","2025-05-16","2025-04-11","","","no","1","Livestock","no","VND","50000000.00","121"
"VN","2967332","1950.0","26","funded","2025-05-17","2025-04-11","","","no","1","Agriculture","no","VND","50000000.00","121"
"VN","2967328","1950.0","20","funded","2025-05-17","2025-04-10","","","no","1","Cattle","no","VND","50000000.00","121"
"VN","2967327","1550.0","17","funded","2025-05-07","2025-04-09","","","no","1","Pigs","no","VND","40000000.00","121"
"VN","2967323","1950.0","20","funded","2025-05-17","2025-04-08","","","no","1","Agriculture","no","VND","50000000.00","121"
"VN","2967325","1950.0","20","funded","2025-05-17","2025-04-08","","","no","1","Agriculture","no","VND","50000000.00","121"
"VN","2965598","1750.0","21","funded","2025-05-05","2025-03-21","","","no","3","Farming","yes","VND","45000000.00","342"
"VN","2965815","1950.0","17","funded","2025-05-13","2025-04-04","","","no","1","Cattle","no","VND","50000000.00","121"
"VN","2965660","1750.0","19","funded","2025-05-13","2025-03-21","","","no","3","Cattle","no","VND","45000000.00","342"
"VN","2965597","1350.0","21","funded","2025-05-13","2025-03-21","","","no","2","Agriculture","no","VND","35000000.00","342"
"VN","2965631","2125.0","24","funded","2025-05-13","2025-03-21","","","no","4","Cattle","no","VND","55000000.00","342"
"VN","2965634","1350.0","19","funded","2025-05-02","2025-03-21","","","no","3","Agriculture","no","VND","35000000.00","342"
"VN","2965628","1200.0","19","funded","2025-05-01","2025-03-21","","","no","3","Livestock","no","VND","31000000.00","342"
"VN","2965113","1950.0","20","funded","2025-05-12","2025-04-09","","","no","1","Cattle","no","VND","50000000.00","121"
"VN","2965126","1950.0","17","funded","2025-05-11","2025-03-27","","","no","1","Agriculture","no","VND","50000000.00","121"
"VN","2965120","1950.0","20","funded","2025-05-12","2025-04-10","","","no","1","Agriculture","no","VND","50000000.00","121"
"VN","2965116","1750.0","20","funded","2025-05-06","2025-04-10","","","no","1","Agriculture","no","VND","45000000.00","121"
"VN","2965108","1550.0","20","funded","2025-05-06","2025-04-09","","","no","1","Cattle","no","VND","40000000.00","121"
"VN","2964752","1950.0","20","funded","2025-05-04","2025-04-09","","","no","1","Cattle","no","VND","50000000.00","121"
"VN","2964755","1175.0","17","funded","2025-04-24","2025-04-09","","","no","1","Cattle","no","VND","30000000.00","121"
"VN","2964748","1950.0","20","funded","2025-05-04","2025-04-08","","","no","1","Farming","no","VND","50000000.00","121"
"VN","2964739","1950.0","20","funded","2025-04-20","2025-04-08","","","no","1","Agriculture","no","VND","50000000.00","121"
"VN","2964744","1950.0","20","funded","2025-05-04","2025-04-08","","","no","1","Agriculture","no","VND","50000000.00","121"
"VN","2964651","1175.0","20","funded","2025-04-23","2025-04-08","","","no","1","Pigs","no","VND","30000000.00","121"
"VN","2964470","1950.0","17","funded","2025-05-03","2025-04-03","","","no","1","Cattle","no","VND","50000000.00","121"
"VN","2964482","1950.0","20","funded","2025-05-03","2025-04-08","","","no","1","Agriculture","no","VND","50000000.00","121"
"VN","2964465","1950.0","20","funded","2025-05-03","2025-04-03","","","no","1","Farming","no","VND","50000000.00","121"
"VN","2964474","1950.0","20","funded","2025-05-03","2025-04-04","","","no","1","Cattle","no","VND","50000000.00","121"
"VN","2964464","1550.0","20","funded","2025-04-26","2025-04-03","","","no","1","Farming","no","VND","40000000.00","121"
"VN","2958704","1950.0","26","funded","2025-05-03","2025-03-26","","","no","1","Agriculture","no","VND","50000000.00","121"
"VN","2964073","1950.0","20","funded","2025-05-03","2025-03-28","","","no","1","Farming","no","VND","50000000.00","121"
"VN","2964071","1950.0","20","funded","2025-05-03","2025-03-26","","","no","1","Farming","no","VND","50000000.00","121"
"VN","2964070","1950.0","20","funded","2025-04-23","2025-03-26","","","no","1","Livestock","no","VND","50000000.00","121"
"VN","2962688","800.0","17","funded","2025-04-18","2025-03-17","","","no","1","Farming","no","VND","20000000.00","121"
"VN","2962790","1575.0","26","funded","2025-05-02","2025-03-21","","","no","1","Cattle","no","VND","40000000.00","121"
"VN","2962775","1175.0","20","funded","2025-04-19","2025-03-21","","","no","1","Farming","no","VND","30000000.00","121"
"VN","2962772","1950.0","20","funded","2025-05-02","2025-03-21","","","no","1","Farming","no","VND","50000000.00","121"
"VN","2962763","1950.0","20","funded","2025-05-01","2025-03-21","","","no","1","Farming","no","VND","50000000.00","121"
"VN","2962733","1950.0","20","funded","2025-05-01","2025-03-21","","","no","1","Farming","no","VND","50000000.00","121"
"VN","2962740","1950.0","20","funded","2025-05-01","2025-03-21","","","no","1","Farming","no","VND","50000000.00","121"
"VN","2962737","1175.0","20","funded","2025-04-24","2025-03-21","","","no","1","Cattle","no","VND","30000000.00","121"
"VN","2962730","1950.0","20","funded","2025-04-28","2025-03-20","","","no","1","Farming","no","VND","50000000.00","121"
"VN","2962683","1950.0","20","funded","2025-05-01","2025-03-17","","","no","1","Farming","no","VND","50000000.00","121"
"VN","2961450","800.0","14","funded","2025-04-16","2025-03-14","","","no","2","Cattle","no","VND","20000000.00","342"
"VN","2961460","1575.0","20","funded","2025-05-01","2025-03-21","","","no","1","Cattle","no","VND","40000000.00","121"
"VN","2961427","1725.0","14","funded","2025-04-22","2025-03-14","","","no","3","Pigs","no","VND","44000000.00","342"
"VN","2961414","975.0","13","funded","2025-04-18","2025-03-14","","","no","2","Farming","yes","VND","25000000.00","342"
"VN","2961403","1950.0","26","funded","2025-05-01","2025-03-27","","","no","1","Livestock","no","VND","50000000.00","121"
"VN","2961389","800.0","13","funded","2025-04-17","2025-03-14","","","no","2","Cattle","no","VND","20000000.00","342"
"VN","2961361","1950.0","20","funded","2025-05-01","2025-03-26","","","no","1","Cattle","no","VND","50000000.00","121"
"VN","2961364","1950.0","20","funded","2025-05-01","2025-03-26","","","no","1","Cattle","no","VND","50000000.00","121"
"VN","2961348","1175.0","20","funded","2025-04-21","2025-03-26","","","no","1","Aquaculture","no","VND","30000000.00","121"
"VN","2961330","975.0","19","funded","2025-04-18","2025-03-14","","","no","2","Farming","yes","VND","25000000.00","342"
"VN","2961316","1950.0","20","funded","2025-04-30","2025-03-25","","","no","1","Cattle","no","VND","50000000.00","121"
"VN","2961308","1950.0","17","funded","2025-05-01","2025-03-24","","","no","1","Cattle","no","VND","50000000.00","121"
"VN","2961312","1950.0","20","funded","2025-05-01","2025-03-24","","","no","1","Cattle","no","VND","50000000.00","121"
"VN","2961315","1950.0","26","funded","2025-04-28","2025-03-24","","","no","1","Cattle","no","VND","50000000.00","121"
"VN","2961303","1950.0","20","funded","2025-04-23","2025-03-24","","","no","1","Farming","no","VND","50000000.00","121"
"VN","2961304","1950.0","20","funded","2025-05-01","2025-03-24","","","no","1","Farming","no","VND","50000000.00","121"
"VN","2961292","1950.0","20","funded","2025-04-30","2025-03-24","","","no","1","Cattle","no","VND","50000000.00","121"
"VN","2961290","800.0","20","funded","2025-04-15","2025-03-24","","","no","1","Farming","no","VND","20000000.00","121"
"VN","2961289","1950.0","22","funded","2025-05-01","2025-03-24","","","no","1","Livestock","no","VND","50000000.00","121"
"VN","2961218","1175.0","15","funded","2025-04-20","2025-03-14","","","no","2","Pigs","no","VND","30000000.00","342"
"VN","2961146","1950.0","20","funded","2025-04-30","2025-03-22","","","no","1","Agriculture","no","VND","50000000.00","121"
"VN","2961147","1950.0","20","funded","2025-04-30","2025-03-22","","","no","1","Agriculture","no","VND","50000000.00","121"
"VN","2960631","1950.0","20","funded","2025-04-30","2025-03-22","","","no","1","Farming","no","VND","50000000.00","121"
"VN","2960606","1175.0","17","funded","2025-04-24","2025-03-21","","","no","1","Cattle","no","VND","30000000.00","121"
"VN","2960217","1950.0","20","funded","2025-04-29","2025-03-21","","","no","1","Farming","no","VND","50000000.00","121"
"VN","2960144","1950.0","20","funded","2025-04-29","2025-03-21","","","no","1","Farming","no","VND","50000000.00","121"
"VN","2960139","1950.0","20","funded","2025-04-29","2025-03-21","","","no","1","Farming","no","VND","50000000.00","121"
"VN","2960124","1950.0","20","funded","2025-04-29","2025-03-25","","","no","1","Farming","no","VND","50000000.00","121"
"VN","2960103","1925.0","20","funded","2025-04-29","2025-03-20","","","no","1","Pigs","no","VND","50000000.00","121"
"VN","2960110","1925.0","20","funded","2025-04-29","2025-03-21","","","no","1","Farming","no","VND","50000000.00","121"
"VN","2960101","1925.0","20","funded","2025-04-29","2025-03-28","","","no","1","Farming","no","VND","50000000.00","121"
"VN","2960067","1925.0","20","funded","2025-04-28","2025-03-26","","","no","1","Pigs","no","VND","50000000.00","121"
"VN","2958714","1950.0","17","funded","2025-04-23","2025-03-26","","","no","1","Farming","no","VND","50000000.00","121"
"VN","2958710","1950.0","20","funded","2025-04-23","2025-03-26","","","no","1","Farming","no","VND","50000000.00","121"
"VN","2958708","1950.0","26","funded","2025-04-27","2025-03-26","","","no","1","Farming","no","VND","50000000.00","121"
"VN","2958778","1950.0","20","funded","2025-04-25","2025-03-17","","","no","1","Livestock","no","VND","50000000.00","121"
"VN","2958672","1950.0","20","funded","2025-04-27","2025-03-21","","","no","1","Farming","no","VND","50000000.00","121"
"VN","2958673","1550.0","20","funded","2025-04-20","2025-03-21","","","no","1","Agriculture","no","VND","40000000.00","121"
"VN","2958690","1950.0","20","funded","2025-04-23","2025-03-21","","","no","1","Farming","no","VND","50000000.00","121"
"VN","2958683","1950.0","20","funded","2025-04-26","2025-03-21","","","no","1","Farming","no","VND","50000000.00","121"
"VN","2958679","1950.0","20","funded","2025-04-26","2025-03-21","","","no","1","Farming","no","VND","50000000.00","121"
"VN","2958681","1950.0","26","funded","2025-04-26","2025-03-21","","","no","1","Farming","no","VND","50000000.00","121"
"VN","2958678","1950.0","20","funded","2025-04-25","2025-03-21","","","no","1","Cattle","no","VND","50000000.00","121"
"VN","2957684","975.0","20","funded","2025-04-18","2025-03-07","","","no","2","Cattle","no","VND","25000000.00","342"
"VN","2952107","1975.0","20","funded","2025-04-24","2025-03-11","","","no","1","Cattle","no","VND","50000000.00","121"
"VN","2944474","1975.0","20","funded","2025-04-24","2025-02-27","","","no","1","Farming","no","VND","50000000.00","121"
"VN","2944446","1975.0","20","funded","2025-04-23","2025-02-24","","","no","1","Farming","no","VND","50000000.00","121"
"VN","2957802","600.0","18","funded","2025-04-12","2025-03-07","","","no","1","Poultry","no","VND","15000000.00","342"
"VN","2957788","400.0","13","funded","2025-04-07","2025-03-07","","","no","1","Farming","no","VND","10000000.00","342"
"VN","2957774","975.0","18","funded","2025-04-18","2025-03-07","","","no","2","Poultry","no","VND","25000000.00","342"
"VN","2957699","950.0","19","funded","2025-04-17","2025-03-07","","","no","2","Cattle","no","VND","24000000.00","342"
"VN","2957696","1575.0","20","funded","2025-04-21","2025-03-07","","","no","3","Pigs","no","VND","40000000.00","342"
"VN","2957694","1575.0","21","funded","2025-04-20","2025-03-07","","","no","2","Agriculture","yes","VND","40000000.00","342"
"VN","2957682","1575.0","18","funded","2025-04-19","2025-03-07","","","no","2","Cattle","no","VND","40000000.00","342"
"VN","2957341","1950.0","20","funded","2025-04-23","2025-03-13","","","no","1","Pigs","no","VND","50000000.00","121"
"VN","2957333","1950.0","20","funded","2025-04-22","2025-03-10","","","no","1","Farming","no","VND","50000000.00","121"
"VN","2957326","1575.0","20","funded","2025-04-17","2025-03-10","","","no","1","Agriculture","no","VND","40000000.00","121"
"VN","2957317","1575.0","17","funded","2025-04-19","2025-03-07","","","no","1","Agriculture","no","VND","40000000.00","121"
"VN","2955885","1175.0","17","funded","2025-04-14","2025-03-07","","","no","1","Poultry","no","VND","30000000.00","121"
"VN","2955991","1575.0","17","funded","2025-04-14","2025-03-17","","","no","1","Pigs","no","VND","40000000.00","121"
"VN","2956050","1975.0","20","funded","2025-04-21","2025-03-19","","","no","1","Cattle","no","VND","50000000.00","121"
"VN","2956051","1975.0","20","funded","2025-04-20","2025-03-19","","","no","1","Cattle","no","VND","50000000.00","121"
"VN","2955985","1975.0","20","funded","2025-04-21","2025-03-17","","","no","1","Pigs","no","VND","50000000.00","121"
"VN","2956048","1975.0","20","funded","2025-04-21","2025-03-19","","","no","1","Cattle","no","VND","50000000.00","121"
"VN","2956042","1975.0","20","funded","2025-04-21","2025-03-18","","","no","1","Cattle","no","VND","50000000.00","121"
"VN","2956039","1175.0","20","funded","2025-04-02","2025-03-18","","","no","1","Agriculture","no","VND","30000000.00","121"
"VN","2956043","1975.0","26","funded","2025-04-10","2025-03-19","","","no","1","Agriculture","no","VND","50000000.00","121"
"VN","2956036","1975.0","17","funded","2025-04-21","2025-03-18","","","no","1","Cattle","no","VND","50000000.00","121"
"VN","2956018","1975.0","20","funded","2025-04-21","2025-03-18","","","no","1","Cattle","no","VND","50000000.00","121"
"VN","2956013","1975.0","20","funded","2025-04-21","2025-03-18","","","no","1","Cattle","no","VND","50000000.00","121"
"VN","2956016","1975.0","20","funded","2025-04-21","2025-03-18","","","no","1","Cattle","no","VND","50000000.00","121"
"VN","2955997","1975.0","20","funded","2025-04-21","2025-03-17","","","no","1","Pigs","no","VND","50000000.00","121"
"VN","2955964","1975.0","20","funded","2025-04-21","2025-03-14","","","no","1","Pigs","no","VND","50000000.00","121"
"VN","2955914","1575.0","20","funded","2025-04-21","2025-03-13","","","no","1","Cattle","no","VND","40000000.00","121"
"VN","2955994","1975.0","20","funded","2025-04-21","2025-03-17","","","no","1","Cattle","no","VND","50000000.00","121"
"VN","2955953","1975.0","20","funded","2025-04-21","2025-03-14","","","no","1","Cattle","no","VND","50000000.00","121"
"VN","2955939","1975.0","20","funded","2025-04-21","2025-03-13","","","no","1","Cattle","no","VND","50000000.00","121"
"VN","2955942","1975.0","20","funded","2025-04-21","2025-03-13","","","no","1","Cattle","no","VND","50000000.00","121"
"VN","2955935","1975.0","26","funded","2025-04-20","2025-03-13","","","no","1","Pigs","no","VND","50000000.00","121"
"VN","2955926","1575.0","20","funded","2025-04-20","2025-03-13","","","no","1","Cattle","no","VND","40000000.00","121"
"VN","2955922","1975.0","20","funded","2025-04-19","2025-03-13","","","no","1","Agriculture","no","VND","50000000.00","121"
"VN","2955912","1175.0","20","funded","2025-04-09","2025-03-13","","","no","1","Cattle","no","VND","30000000.00","121"
"VN","2955916","1575.0","20","funded","2025-04-10","2025-03-13","","","no","1","Livestock","no","VND","40000000.00","121"
"VN","2955888","1975.0","20","funded","2025-04-20","2025-03-07","","","no","1","Cattle","no","VND","50000000.00","121"
"VN","2954228","1975.0","20","funded","2025-04-19","2025-03-13","","","no","1","Cattle","no","VND","50000000.00","121"
"VN","2954230","1975.0","20","funded","2025-04-19","2025-03-13","","","no","1","Cattle","no","VND","50000000.00","121"
"VN","2954231","1975.0","20","funded","2025-04-19","2025-03-13","","","no","1","Cattle","no","VND","50000000.00","121"
"VN","2954221","1975.0","20","funded","2025-04-19","2025-03-13","","","no","1","Cattle","no","VND","50000000.00","121"
"VN","2954210","1975.0","20","funded","2025-04-19","2025-03-11","","","no","1","Pigs","no","VND","50000000.00","121"
"VN","2954194","1975.0","26","funded","2025-04-18","2025-03-14","","","no","1","Farming","no","VND","50000000.00","121"
"VN","2954206","1975.0","26","funded","2025-04-18","2025-03-10","","","no","1","Livestock","no","VND","50000000.00","121"
"VN","2954197","1975.0","20","funded","2025-04-18","2025-03-10","","","no","1","Farming","no","VND","50000000.00","121"
"VN","2954196","1575.0","20","funded","2025-04-17","2025-03-10","","","no","1","Agriculture","no","VND","40000000.00","121"
"VN","2954192","1575.0","20","funded","2025-04-18","2025-03-13","","","no","1","Farming","no","VND","40000000.00","121"
"VN","2954195","1975.0","20","funded","2025-04-18","2025-03-10","","","no","1","Cattle","no","VND","50000000.00","121"
"VN","2954185","1975.0","20","funded","2025-04-18","2025-03-13","","","no","1","Farming","no","VND","50000000.00","121"
"VN","2954173","1975.0","26","funded","2025-04-18","2025-03-14","","","no","1","Agriculture","no","VND","50000000.00","121"
"VN","2954176","1975.0","20","funded","2025-04-18","2025-03-13","","","no","1","Cattle","no","VND","50000000.00","121"
"VN","2953980","1975.0","26","funded","2025-04-18","2025-03-14","","","no","1","Agriculture","no","VND","50000000.00","121"
"VN","2953972","1975.0","20","funded","2025-04-18","2025-03-07","","","no","1","Cattle","no","VND","50000000.00","121"
"VN","2953968","1175.0","17","funded","2025-04-16","2025-03-13","","","no","1","Cattle","no","VND","30000000.00","121"
"VN","2952349","1075.0","19","funded","2025-04-15","2025-02-28","","","no","2","Cattle","no","VND","27000000.00","342"
"VN","2952259","400.0","15","funded","2025-03-31","2025-02-28","","","no","1","Pigs","no","VND","10000000.00","342"
"VN","2952112","1950.0","17","funded","2025-04-15","2025-03-11","","","no","1","Cattle","no","VND","50000000.00","121"
"VN","2952118","1175.0","20","funded","2025-04-03","2025-03-11","","","no","1","Agriculture","no","VND","30000000.00","121"
"VN","2952109","1950.0","17","funded","2025-04-15","2025-03-11","","","no","1","Cattle","no","VND","50000000.00","121"
"VN","2952113","1950.0","20","funded","2025-04-15","2025-03-11","","","no","1","Cattle","no","VND","50000000.00","121"
"VN","2952103","1575.0","20","funded","2025-04-15","2025-03-11","","","no","1","Cattle","no","VND","40000000.00","121"
"VN","2951636","1950.0","20","funded","2025-04-14","2025-03-10","","","no","1","Farming","no","VND","50000000.00","121"
"VN","2950386","1175.0","21","funded","2025-04-06","2025-02-21","","","no","2","Farming","no","VND","30000000.00","342"
"VN","2950384","1300.0","19","funded","2025-04-10","2025-02-21","","","no","3","Pigs","no","VND","33000000.00","342"
"VN","2950387","600.0","19","funded","2025-04-01","2025-02-21","","","no","1","Poultry","no","VND","15000000.00","342"
"VN","2950385","1025.0","19","funded","2025-04-08","2025-02-21","","","no","2","Aquaculture","no","VND","26000000.00","342"
"VN","2950380","1575.0","19","funded","2025-04-12","2025-02-21","","","no","2","Farming","no","VND","40000000.00","342"
"VN","2950381","1000.0","14","funded","2025-04-02","2025-02-21","","","no","2","Aquaculture","no","VND","25000000.00","342"
"VN","2950383","1000.0","15","funded","2025-04-01","2025-02-21","","","no","2","Farming","yes","VND","25000000.00","342"
"VN","2950382","650.0","14","funded","2025-03-30","2025-02-21","","","no","2","Farming","yes","VND","16000000.00","342"
"VN","2949861","1975.0","20","funded","2025-04-11","2025-03-10","","","no","1","Agriculture","no","VND","50000000.00","121"
"VN","2949863","1975.0","22","funded","2025-04-02","2025-03-10","","","no","1","Agriculture","no","VND","50000000.00","121"
"VN","2949857","1975.0","20","funded","2025-04-11","2025-03-07","","","no","1","Cattle","no","VND","50000000.00","121"
"VN","2949850","1975.0","20","funded","2025-04-11","2025-03-07","","","no","1","Cattle","no","VND","50000000.00","121"
"VN","2949846","1975.0","20","funded","2025-04-11","2025-03-07","","","no","1","Agriculture","no","VND","50000000.00","121"
"VN","2949833","1575.0","20","funded","2025-04-11","2025-03-07","","","no","1","Agriculture","no","VND","40000000.00","121"
"VN","2949827","1575.0","17","funded","2025-04-11","2025-03-06","","","no","1","Cattle","no","VND","40000000.00","121"
"VN","2949822","1975.0","20","funded","2025-04-11","2025-03-06","","","no","1","Agriculture","no","VND","50000000.00","121"
"VN","2949820","1975.0","17","funded","2025-04-11","2025-03-05","","","no","1","Cattle","no","VND","50000000.00","121"
"VN","2949816","1975.0","20","funded","2025-04-11","2025-03-06","","","no","1","Farming","no","VND","50000000.00","121"
"VN","2946424","1975.0","20","funded","2025-04-05","2025-02-27","","","no","1","Farming","no","VND","50000000.00","121"
"VN","2946421","1575.0","17","funded","2025-03-25","2025-02-27","","","no","1","Farming","no","VND","40000000.00","121"
"VN","2946418","1975.0","20","funded","2025-04-02","2025-02-27","","","no","1","Agriculture","no","VND","50000000.00","121"
"VN","2946427","1975.0","20","funded","2025-04-05","2025-02-28","","","no","1","Farming","no","VND","50000000.00","121"
"VN","2946414","1975.0","20","funded","2025-04-04","2025-02-27","","","no","1","Farming","no","VND","50000000.00","121"
"VN","2946415","1975.0","20","funded","2025-03-30","2025-02-27","","","no","1","Farming","no","VND","50000000.00","121"
"VN","2946410","1975.0","20","funded","2025-04-04","2025-02-21","","","no","1","Cattle","no","VND","50000000.00","121"
"VN","2946409","1975.0","26","funded","2025-04-03","2025-02-21","","","no","1","Cattle","no","VND","50000000.00","121"
"VN","2946406","1975.0","20","funded","2025-03-30","2025-02-20","","","no","1","Livestock","no","VND","50000000.00","121"
"VN","2946402","1975.0","20","funded","2025-03-27","2025-02-19","","","no","1","Farming","no","VND","50000000.00","121"
"VN","2946395","800.0","17","funded","2025-03-23","2025-02-19","","","no","1","Agriculture","no","VND","20000000.00","121"
"VN","2944476","1975.0","20","funded","2025-03-22","2025-02-27","","","no","1","Cattle","no","VND","50000000.00","121"
"VN","2944475","1975.0","26","funded","2025-03-18","2025-02-27","","","no","1","Livestock","no","VND","50000000.00","121"
"VN","2940833","1975.0","20","funded","2025-03-25","2025-02-19","","","no","1","Cattle","no","VND","50000000.00","121"
"VN","2944441","1575.0","19","funded","2025-03-20","2025-02-14","","","no","3","Cattle","no","VND","40000000.00","342"
"VN","2944447","1975.0","20","funded","2025-03-21","2025-02-24","","","no","1","Pigs","no","VND","50000000.00","121"
"VN","2944440","1975.0","26","funded","2025-03-23","2025-02-23","","","no","1","Cattle","no","VND","50000000.00","121"
"VN","2944426","1575.0","20","funded","2025-03-17","2025-02-20","","","no","1","Farming","no","VND","40000000.00","121"
"VN","2944431","1200.0","20","funded","2025-03-19","2025-02-21","","","no","1","Farming","no","VND","30000000.00","121"
"VN","2944483","1200.0","20","funded","2025-03-17","2025-02-27","","","no","1","Agriculture","no","VND","30000000.00","121"
"VN","2944482","1975.0","20","funded","2025-03-26","2025-02-27","","","no","1","Cattle","no","VND","50000000.00","121"
"VN","2944478","1975.0","20","funded","2025-03-25","2025-02-27","","","no","1","Farming","no","VND","50000000.00","121"
"VN","2944468","1975.0","20","funded","2025-03-19","2025-02-26","","","no","1","Farming","no","VND","50000000.00","121"
"VN","2944463","1975.0","20","funded","2025-03-19","2025-02-26","","","no","1","Farming","no","VND","50000000.00","121"
"VN","2944465","1975.0","20","funded","2025-03-17","2025-02-26","","","no","1","Farming","no","VND","50000000.00","121"
"VN","2944454","800.0","19","funded","2025-03-20","2025-02-14","","","no","1","Pigs","no","VND","20000000.00","342"
"VN","2944451","1200.0","20","funded","2025-03-17","2025-02-25","","","no","1","Agriculture","no","VND","30000000.00","121"
"VN","2943702","2775.0","19","funded","2025-03-29","2025-02-14","","","no","6","Pigs","no","VND","70000000.00","342"
"VN","2943533","1100.0","13","funded","2025-03-18","2025-02-14","","","no","2","Pigs","no","VND","28000000.00","342"
"VN","2943514","1575.0","19","funded","2025-03-19","2025-02-14","","","no","3","Aquaculture","no","VND","40000000.00","342"
"VN","2942466","1200.0","20","funded","2025-03-13","2025-02-20","","","no","1","Agriculture","no","VND","30000000.00","121"
"VN","2942468","1975.0","20","funded","2025-03-19","2025-02-20","","","no","1","Cattle","no","VND","50000000.00","121"
"VN","2942461","1975.0","22","funded","2025-03-24","2025-02-19","","","no","1","Cattle","no","VND","50000000.00","121"
"VN","2942454","1975.0","20","funded","2025-03-19","2025-02-18","","","no","1","Poultry","no","VND","50000000.00","121"
"VN","2942450","1975.0","20","funded","2025-03-14","2025-02-20","","","no","1","Cattle","no","VND","50000000.00","121"
"VN","2942288","1975.0","20","funded","2025-03-16","2025-02-11","","","no","1","Farming","no","VND","50000000.00","121"
"VN","2941019","1900.0","19","funded","2025-03-14","2025-02-07","","","no","4","Pigs","no","VND","48000000.00","342"
"VN","2940847","1975.0","20","funded","2025-03-10","2025-02-25","","","no","1","Agriculture","no","VND","50000000.00","121"
"VN","2940842","1200.0","20","funded","2025-03-09","2025-02-18","","","no","1","Farming","no","VND","30000000.00","121"
"VN","2940831","1000.0","20","funded","2025-03-08","2025-02-25","","","no","1","Livestock","no","VND","25000000.00","121"
"VN","2938327","1975.0","20","funded","2025-03-10","2025-02-14","","","no","1","Farming","no","VND","50000000.00","121"
"VN","2938324","1175.0","17","funded","2025-03-04","2025-02-11","","","no","1","Farming","no","VND","30000000.00","121"
"VN","2938339","1575.0","20","funded","2025-03-11","2025-02-20","","","no","1","Cattle","no","VND","40000000.00","121"
"VN","2938337","1975.0","20","funded","2025-03-19","2025-02-20","","","no","1","Cattle","no","VND","50000000.00","121"
"VN","2938329","1975.0","20","funded","2025-03-18","2025-02-14","","","no","1","Agriculture","no","VND","50000000.00","121"
"VN","2936622","1975.0","17","funded","2025-03-13","2025-02-21","","","no","1","Farming","no","VND","50000000.00","121"
"VN","2936594","1975.0","20","funded","2025-03-19","2025-02-20","","","no","1","Cattle","no","VND","50000000.00","121"
"VN","2935986","1375.0","17","funded","2025-03-11","2025-02-19","","","no","1","Farm Supplies","no","VND","35000000.00","121"
"VN","2935959","1975.0","17","funded","2025-03-11","2025-02-21","","","no","1","Agriculture","no","VND","50000000.00","121"
"VN","2935953","1975.0","20","funded","2025-03-18","2025-02-21","","","no","1","Agriculture","no","VND","50000000.00","121"
"VN","2935951","1975.0","26","funded","2025-03-18","2025-02-21","","","no","1","Agriculture","no","VND","50000000.00","121"
"VN","2935397","1975.0","26","funded","2025-03-10","2025-02-21","","","no","1","Flowers","no","VND","50000000.00","121"
"VN","2935395","1975.0","26","funded","2025-03-10","2025-02-21","","","no","1","Farming","no","VND","50000000.00","121"
"VN","2935394","1200.0","20","funded","2025-03-05","2025-02-21","","","no","1","Agriculture","no","VND","30000000.00","121"
"VN","2935388","1975.0","20","funded","2025-03-12","2025-02-20","","","no","1","Pigs","no","VND","50000000.00","121"
"VN","2935161","1975.0","26","funded","2025-03-14","2025-02-21","","","no","1","Farming","no","VND","50000000.00","121"
"VN","2935193","1975.0","20","funded","2025-03-17","2025-02-21","","","no","1","Cattle","no","VND","50000000.00","121"
"VN","2935184","1575.0","26","funded","2025-03-14","2025-02-21","","","no","1","Cattle","no","VND","40000000.00","121"
"VN","2935180","1975.0","26","funded","2025-03-22","2025-02-21","","","no","1","Cattle","no","VND","50000000.00","121"
"VN","2935170","1975.0","26","funded","2025-03-10","2025-02-21","","","no","1","Farming","no","VND","50000000.00","121"
"VN","2934396","1975.0","20","funded","2025-03-11","2025-02-21","","","no","1","Farming","no","VND","50000000.00","121"
"VN","2934389","1975.0","20","funded","2025-03-18","2025-02-18","","","no","1","Cattle","no","VND","50000000.00","121"
"VN","2934383","1975.0","20","funded","2025-03-12","2025-02-17","","","no","1","Cattle","no","VND","50000000.00","121"
"VN","2933836","1975.0","20","funded","2025-03-17","2025-02-19","","","no","1","Pigs","no","VND","50000000.00","121"
"VN","2933538","1975.0","20","funded","2025-03-15","2025-02-17","","","no","1","Farming","no","VND","50000000.00","121"
"VN","2933541","1975.0","20","funded","2025-03-09","2025-02-17","","","no","1","Farming","no","VND","50000000.00","121"
"VN","2933429","1975.0","17","funded","2025-03-08","2025-02-19","","","no","1","Livestock","no","VND","50000000.00","121"
"VN","2933395","1975.0","26","funded","2025-03-18","2025-02-14","","","no","1","Cattle","no","VND","50000000.00","121"
"VN","2933391","1575.0","20","funded","2025-03-10","2025-02-17","","","no","1","Poultry","no","VND","40000000.00","121"
"VN","2933389","1975.0","20","funded","2025-03-10","2025-02-17","","","no","1","Pigs","no","VND","50000000.00","121"
"VN","2930525","1975.0","17","funded","2025-03-14","2025-02-14","","","no","1","Agriculture","no","VND","50000000.00","121"
"VN","2930530","1975.0","26","funded","2025-03-17","2025-02-14","","","no","1","Agriculture","no","VND","50000000.00","121"
"VN","2930438","1575.0","17","funded","2025-03-03","2025-01-21","","","no","1","Farming","no","VND","40000000.00","121"
"VN","2929091","1200.0","17","funded","2025-02-25","2025-02-14","","","no","1","Farming","no","VND","30000000.00","121"
"VN","2929099","1775.0","20","funded","2025-03-02","2025-02-14","","","no","1","Farming","no","VND","45000000.00","121"
"VN","2929084","1975.0","20","funded","2025-03-07","2025-02-13","","","no","1","Cattle","no","VND","50000000.00","121"
"VN","2928225","850.0","19","funded","2025-02-18","2025-01-16","","","no","2","Cattle","no","VND","21000000.00","342"
"VN","2928251","1225.0","19","funded","2025-02-25","2025-01-16","","","no","3","Pigs","no","VND","31000000.00","342"
"VN","2928210","1825.0","19","funded","2025-02-19","2025-01-16","","","no","4","Aquaculture","no","VND","46000000.00","342"
"VN","2928170","1000.0","15","funded","2025-02-18","2025-01-16","","","no","2","Cattle","no","VND","25000000.00","342"
"VN","2928085","1975.0","20","funded","2025-03-05","2025-02-12","","","no","1","Farming","no","VND","50000000.00","121"
"VN","2928089","1975.0","20","funded","2025-03-07","2025-02-12","","","no","1","Agriculture","no","VND","50000000.00","121"
"VN","2928070","1975.0","20","funded","2025-03-10","2025-02-12","","","no","1","Farming","no","VND","50000000.00","121"
"VN","2928061","1200.0","17","funded","2025-02-19","2025-01-17","","","no","1","Farming","no","VND","30000000.00","121"
"VN","2928066","1975.0","20","funded","2025-03-08","2025-01-17","","","no","1","Cattle","no","VND","50000000.00","121"
"VN","2928045","1975.0","17","funded","2025-03-10","2025-01-23","","","no","1","Cattle","no","VND","50000000.00","121"
"VN","2928034","1975.0","20","funded","2025-03-07","2025-01-23","","","no","1","Farming","no","VND","50000000.00","121"
"VN","2927550","1975.0","20","funded","2025-03-10","2025-01-20","","","no","1","Cattle","no","VND","50000000.00","121"
"VN","2925930","1975.0","20","funded","2025-03-04","2025-01-21","","","no","1","Farming","no","VND","50000000.00","121"
"VN","2926708","1975.0","20","funded","2025-03-09","2025-02-12","","","no","1","Cattle","no","VND","50000000.00","121"
"VN","2926701","1200.0","17","funded","2025-02-28","2025-02-12","","","no","1","Cattle","no","VND","30000000.00","121"
"VN","2925977","1375.0","20","funded","2025-03-01","2025-01-14","","","no","1","Farming","no","VND","35000000.00","121"
"VN","2925969","1575.0","17","funded","2025-02-23","2025-01-21","","","no","1","Farming","no","VND","40000000.00","121"
"VN","2925967","1975.0","20","funded","2025-03-06","2025-01-17","","","no","1","Farming","no","VND","50000000.00","121"
"VN","2925964","1975.0","20","funded","2025-02-26","2025-01-20","","","no","1","Cattle","no","VND","50000000.00","121"
"VN","2925956","1975.0","20","funded","2025-03-04","2025-01-23","","","no","1","Farming","no","VND","50000000.00","121"
"VN","2925942","1175.0","20","funded","2025-02-19","2025-01-23","","","no","1","Agriculture","no","VND","30000000.00","121"
"VN","2925897","1975.0","20","funded","2025-03-03","2025-01-23","","","no","1","Agriculture","no","VND","50000000.00","121"
"VN","2924921","1200.0","17","funded","2025-02-19","2025-01-13","","","no","1","Farming","no","VND","30000000.00","121"
"VN","2924918","1200.0","20","funded","2025-02-18","2025-01-17","","","no","1","Farming","no","VND","30000000.00","121"
"VN","2924771","2375.0","19","funded","2025-03-08","2025-01-10","","","no","4","Poultry","no","VND","60000000.00","342"
"VN","2924366","2000.0","20","funded","2025-03-04","2025-01-15","","","no","1","Farming","no","VND","50000000.00","121"
"VN","2923792","2000.0","17","funded","2025-03-07","2025-01-16","","","no","1","Cattle","no","VND","50000000.00","121"
"VN","2923863","2000.0","17","funded","2025-03-07","2025-01-09","","","no","1","Cattle","no","VND","50000000.00","121"
"VN","2923866","2000.0","20","funded","2025-02-28","2025-01-24","","","no","1","Cattle","no","VND","50000000.00","121"
"VN","2923860","2000.0","17","funded","2025-03-04","2025-01-13","","","no","1","Cattle","no","VND","50000000.00","121"
"VN","2923854","2000.0","17","funded","2025-03-05","2025-01-13","","","no","1","Cattle","no","VND","50000000.00","121"
"VN","2923841","1600.0","20","funded","2025-02-17","2025-01-06","","","no","1","Cattle","no","VND","40000000.00","121"
"VN","2922952","2000.0","26","funded","2025-03-01","2025-01-14","","","no","1","Cattle","no","VND","50000000.00","121"
"VN","2923105","2000.0","17","funded","2025-02-28","2025-01-13","","","no","1","Cattle","no","VND","50000000.00","121"
"VN","2923106","2000.0","17","funded","2025-02-24","2025-01-13","","","no","1","Cattle","no","VND","50000000.00","121"
"VN","2917592","2000.0","20","funded","2025-02-26","2025-01-20","","","no","1","Pigs","no","VND","50000000.00","121"
"VN","2917849","1400.0","15","funded","2025-02-07","2024-12-27","","","no","3","Agriculture","yes","VND","35000000.00","342"
"VN","2917640","2200.0","21","funded","2025-02-19","2024-12-27","","","no","3","Farming","yes","VND","55000000.00","342"
"VN","2917585","800.0","17","funded","2025-01-27","2025-01-14","","","no","1","Cattle","no","VND","20000000.00","121"
"VN","2917296","2325.0","19","funded","2025-02-25","2024-12-27","","","no","5","Cattle","no","VND","58000000.00","342"
"VN","2917224","1600.0","17","funded","2025-02-18","2025-01-14","","","no","1","Cattle","no","VND","40000000.00","121"
"VN","2917189","2000.0","20","funded","2025-02-25","2025-01-14","","","no","1","Cattle","no","VND","50000000.00","121"
"VN","2916437","1200.0","20","funded","2025-01-30","2025-01-14","","","no","1","Farming","no","VND","30000000.00","121"
"VN","2916434","2000.0","20","funded","2025-01-24","2025-01-14","","","no","1","Beekeeping","no","VND","50000000.00","121"
"VN","2916432","2000.0","20","funded","2025-02-19","2025-01-09","","","no","1","Agriculture","no","VND","50000000.00","121"
"VN","2916430","1600.0","20","funded","2025-02-18","2025-01-09","","","no","1","Farming","no","VND","40000000.00","121"
"VN","2916429","2000.0","20","funded","2025-02-25","2025-01-09","","","no","1","Farming","no","VND","50000000.00","121"
"VN","2916381","1200.0","20","funded","2025-01-28","2025-01-09","","","no","1","Agriculture","no","VND","30000000.00","121"
"VN","2916378","1200.0","20","funded","2025-02-02","2025-01-09","","","no","1","Agriculture","no","VND","30000000.00","121"
"VN","2916374","1400.0","17","funded","2025-02-13","2025-01-09","","","no","1","Cattle","no","VND","35000000.00","121"
"VN","2915347","2075.0","19","funded","2025-02-21","2024-12-20","","","no","4","Pigs","no","VND","52000000.00","342"
"VN","2915812","2000.0","17","funded","2025-02-19","2024-12-25","","","no","1","Aquaculture","no","VND","50000000.00","121"
"VN","2915799","1200.0","20","funded","2025-02-05","2025-01-09","","","no","1","Cattle","no","VND","30000000.00","121"
"VN","2915332","400.0","14","funded","2025-01-21","2024-12-20","","","no","1","Cattle","no","VND","10000000.00","342"
"VN","2915330","1600.0","19","funded","2025-02-07","2024-12-20","","","no","3","Pigs","no","VND","40000000.00","342"
"VN","2915355","2175.0","21","funded","2025-02-19","2024-12-20","","","no","3","Agriculture","yes","VND","55000000.00","342"
"VN","2915353","2175.0","21","funded","2025-02-19","2024-12-20","","","no","3","Agriculture","yes","VND","55000000.00","342"
"VN","2915301","1000.0","15","funded","2025-01-28","2024-12-20","","","no","2","Cattle","no","VND","25000000.00","342"
"VN","2915226","1800.0","21","funded","2025-02-03","2024-12-20","","","no","3","Farming","yes","VND","45000000.00","342"
"VN","2911907","1975.0","20","funded","2025-02-01","2024-12-20","","","no","1","Agriculture","no","VND","50000000.00","121"
"VN","2912595","1975.0","26","funded","2025-02-17","2025-01-10","","","no","1","Cattle","no","VND","50000000.00","121"
"VN","2912594","1975.0","20","funded","2025-02-17","2024-12-25","","","no","1","Agriculture","no","VND","50000000.00","121"
"VN","2911477","2175.0","21","funded","2025-02-14","2024-12-13","","","no","3","Pigs","no","VND","55000000.00","342"
"VN","2911442","600.0","17","funded","2025-01-16","2025-01-09","","","no","1","Cattle","no","VND","15000000.00","121"
"VN","2911432","1150.0","14","funded","2025-01-19","2024-12-13","","","no","3","Pigs","no","VND","29000000.00","342"
"VN","2911386","1600.0","20","funded","2025-02-10","2024-12-12","","","no","1","Agriculture","no","VND","40000000.00","121"
"VN","2911352","1475.0","14","funded","2025-01-19","2024-12-13","","","no","3","Farming","yes","VND","37000000.00","342"
"VN","2910850","1200.0","26","funded","2025-01-29","2025-01-09","","","no","1","Farming","no","VND","30000000.00","121"
"VN","2910860","1975.0","20","funded","2025-02-12","2024-12-12","","","no","1","Agriculture","no","VND","50000000.00","121"
"VN","2910858","1200.0","20","funded","2025-01-29","2025-01-09","","","no","1","Farming","no","VND","30000000.00","121"
"VN","2910856","1975.0","26","funded","2025-02-14","2024-12-26","","","no","1","Cattle","no","VND","50000000.00","121"
"VN","2910744","1975.0","20","funded","2025-02-13","2024-12-20","","","no","1","Cattle","no","VND","50000000.00","121"
"VN","2910638","1975.0","20","funded","2025-02-12","2024-12-18","","","no","1","Agriculture","no","VND","50000000.00","121"
"VN","2910639","1400.0","20","funded","2025-01-28","2024-12-25","","","no","1","Agriculture","no","VND","35000000.00","121"
"VN","2910634","1975.0","20","funded","2025-02-12","2024-12-24","","","no","1","Agriculture","no","VND","50000000.00","121"
"VN","2910300","800.0","22","funded","2025-01-17","2024-12-24","","","no","1","Cattle","no","VND","20000000.00","121"
"VN","2910295","1575.0","17","funded","2025-02-05","2024-12-24","","","no","1","Farming","no","VND","40000000.00","121"
"VN","2909856","1600.0","20","funded","2025-02-07","2024-12-18","","","no","1","Agriculture","no","VND","40000000.00","121"
"VN","2909846","1975.0","20","funded","2025-02-11","2024-12-18","","","no","1","Farming","no","VND","50000000.00","121"
"VN","2909844","1975.0","20","funded","2025-02-12","2024-12-19","","","no","1","Pigs","no","VND","50000000.00","121"
"VN","2909842","1975.0","20","funded","2025-02-11","2024-12-20","","","no","1","Agriculture","no","VND","50000000.00","121"
"VN","2909839","1975.0","17","funded","2025-02-11","2024-12-20","","","no","1","Farming","no","VND","50000000.00","121"
"VN","2909837","1975.0","17","funded","2025-02-11","2024-12-18","","","no","1","Cattle","no","VND","50000000.00","121"
"VN","2909833","1975.0","20","funded","2025-02-11","2024-12-18","","","no","1","Cattle","no","VND","50000000.00","121"
"VN","2907704","1975.0","22","funded","2025-02-11","2024-12-25","","","no","1","Cattle","no","VND","50000000.00","121"
"VN","2904559","1200.0","17","funded","2025-01-18","2024-11-22","","","no","2","Agriculture","yes","VND","30000000.00","342"
"VN","2909645","1975.0","17","funded","2025-02-11","2024-12-19","","","no","1","Cattle","no","VND","50000000.00","121"
"VN","2909647","1975.0","20","funded","2025-02-11","2024-12-12","","","no","1","Cattle","no","VND","50000000.00","121"
"VN","2909644","1975.0","17","funded","2025-01-24","2024-12-20","","","no","1","Livestock","no","VND","50000000.00","121"
"VN","2909398","1975.0","17","funded","2025-02-11","2024-12-13","","","no","1","Cattle","no","VND","50000000.00","121"
"VN","2909413","1600.0","20","funded","2025-02-11","2024-12-20","","","no","1","Cattle","no","VND","40000000.00","121"
"VN","2909408","1200.0","20","funded","2025-01-22","2024-12-18","","","no","1","Cattle","no","VND","30000000.00","121"
"VN","2909402","1975.0","20","funded","2025-02-11","2024-12-22","","","no","1","Aquaculture","no","VND","50000000.00","121"
"VN","2909395","1975.0","20","funded","2025-02-11","2024-12-11","","","no","1","Cattle","no","VND","50000000.00","121"
"VN","2909246","1975.0","20","funded","2025-02-10","2024-12-23","","","no","1","Agriculture","no","VND","50000000.00","121"
"VN","2909244","1975.0","17","funded","2025-02-10","2024-12-20","","","no","1","Cattle","no","VND","50000000.00","121"
"VN","2909239","1200.0","17","funded","2025-01-19","2024-12-18","","","no","1","Agriculture","no","VND","30000000.00","121"
"VN","2909227","1200.0","20","funded","2025-01-28","2024-12-26","","","no","1","Cattle","no","VND","30000000.00","121"
"VN","2909224","1975.0","20","funded","2025-01-14","2024-12-25","","","no","1","Agriculture","no","VND","50000000.00","121"
"VN","2909219","1200.0","17","funded","2025-01-11","2024-12-25","","","no","1","Agriculture","no","VND","30000000.00","121"
"VN","2909214","1975.0","26","funded","2025-02-10","2024-12-24","","","no","1","Cattle","no","VND","50000000.00","121"
"VN","2909215","1775.0","17","funded","2025-01-24","2024-12-13","","","no","1","Agriculture","no","VND","45000000.00","121"
"VN","2909213","1975.0","20","funded","2025-02-05","2024-12-25","","","no","1","Farming","no","VND","50000000.00","121"
"VN","2908976","1200.0","20","funded","2025-01-16","2024-12-26","","","no","1","Cattle","no","VND","30000000.00","121"
"VN","2907672","1200.0","20","funded","2025-01-06","2024-12-26","","","no","1","Cattle","no","VND","30000000.00","121"
"VN","2908158","1975.0","17","funded","2025-02-06","2024-12-11","","","no","1","Pigs","no","VND","50000000.00","121"
"VN","2908285","1975.0","20","funded","2025-02-01","2024-12-18","","","no","1","Agriculture","no","VND","50000000.00","121"
"VN","2908286","1575.0","20","funded","2025-01-17","2024-12-24","","","no","1","Agriculture","no","VND","40000000.00","121"
"VN","2908284","1975.0","20","funded","2025-01-12","2024-12-24","","","no","1","Farming","no","VND","50000000.00","121"
"VN","2908283","1575.0","20","funded","2025-01-21","2024-12-20","","","no","1","Farming","no","VND","40000000.00","121"
"VN","2908282","1575.0","20","funded","2025-02-04","2024-12-20","","","no","1","Farming","no","VND","40000000.00","121"
"VN","2908100","1200.0","20","funded","2025-01-17","2024-12-06","","","no","1","Farming","no","VND","30000000.00","121"
"VN","2907758","1975.0","20","funded","2025-02-04","2024-12-25","","","no","1","Agriculture","no","VND","50000000.00","121"
"VN","2907716","1975.0","26","funded","2025-02-04","2024-12-19","","","no","1","Cattle","no","VND","50000000.00","121"
"VN","2907666","1975.0","17","funded","2025-02-04","2024-12-25","","","no","1","Cattle","no","VND","50000000.00","121"
"VN","2907669","1975.0","20","funded","2025-02-04","2024-12-26","","","no","1","Cattle","no","VND","50000000.00","121"
"VN","2907647","1975.0","20","funded","2025-01-27","2024-12-25","","","no","1","Agriculture","no","VND","50000000.00","121"
"VN","2907644","800.0","22","funded","2025-01-01","2024-12-25","","","no","1","Cattle","no","VND","20000000.00","121"
"VN","2907642","1975.0","20","funded","2025-02-04","2024-12-26","","","no","1","Cattle","no","VND","50000000.00","121"
"VN","2907643","1975.0","20","funded","2025-02-04","2024-12-26","","","no","1","Cattle","no","VND","50000000.00","121"
"VN","2907641","1975.0","20","funded","2025-02-04","2024-12-26","","","no","1","Cattle","no","VND","50000000.00","121"
"VN","2907637","1200.0","26","funded","2025-01-01","2024-12-26","","","no","1","Cattle","no","VND","30000000.00","121"
"VN","2907632","1200.0","22","funded","2025-01-02","2024-12-24","","","no","1","Cattle","no","VND","30000000.00","121"
"VN","2907635","1975.0","20","funded","2025-02-03","2024-12-13","","","no","1","Cattle","no","VND","50000000.00","121"
"VN","2907623","1200.0","20","funded","2025-01-07","2024-12-26","","","no","1","Cattle","no","VND","30000000.00","121"
"VN","2907309","1975.0","26","funded","2025-02-03","2024-12-24","","","no","1","Cattle","no","VND","50000000.00","121"
"VN","2907302","1575.0","20","funded","2025-01-19","2024-12-20","","","no","1","Agriculture","no","VND","40000000.00","121"
"VN","2907314","1975.0","26","funded","2025-01-19","2024-12-24","","","no","1","Cattle","no","VND","50000000.00","121"
"VN","2907168","1975.0","20","funded","2025-02-03","2024-12-20","","","no","1","Cattle","no","VND","50000000.00","121"
"VN","2907169","800.0","20","funded","2024-12-31","2024-12-25","","","no","1","Cattle","no","VND","20000000.00","121"
"VN","2907174","1200.0","20","funded","2025-01-04","2024-12-18","","","no","1","Agriculture","no","VND","30000000.00","121"
"VN","2907163","1975.0","22","funded","2025-02-03","2024-12-25","","","no","1","Agriculture","no","VND","50000000.00","121"
"VN","2907155","1975.0","22","funded","2025-02-02","2024-12-25","","","no","1","Agriculture","no","VND","50000000.00","121"
"VN","2907158","1975.0","22","funded","2025-01-29","2024-12-26","","","no","1","Agriculture","no","VND","50000000.00","121"
"VN","2907152","1975.0","20","funded","2025-02-03","2024-12-18","","","no","1","Agriculture","no","VND","50000000.00","121"
"VN","2905689","1975.0","20","funded","2025-01-26","2024-12-13","","","no","1","Farming","no","VND","50000000.00","121"
"VN","2906274","1975.0","26","funded","2025-02-02","2024-12-13","","","no","1","Aquaculture","no","VND","50000000.00","121"
"VN","2906218","1975.0","20","funded","2025-02-02","2024-12-16","","","no","1","Cattle","no","VND","50000000.00","121"
"VN","2906221","1975.0","26","funded","2025-02-02","2024-12-25","","","no","1","Cattle","no","VND","50000000.00","121"
"VN","2906209","1975.0","26","funded","2025-01-28","2024-12-20","","","no","1","Cattle","no","VND","50000000.00","121"
"VN","2905754","1575.0","20","funded","2025-01-07","2024-12-24","","","no","1","Farming","no","VND","40000000.00","121"
"VN","2905751","1975.0","20","funded","2025-01-24","2024-12-24","","","no","1","Farming","no","VND","50000000.00","121"
"VN","2904649","1975.0","20","funded","2025-02-01","2024-11-27","","","no","1","Cattle","no","VND","50000000.00","121"
"VN","2904647","1975.0","20","funded","2025-02-01","2024-12-17","","","no","1","Cattle","no","VND","50000000.00","121"
"VN","2904638","1000.0","17","funded","2024-12-31","2024-12-16","","","no","1","Cattle","no","VND","25000000.00","121"
"VN","2905650","1200.0","17","funded","2025-01-02","2024-12-17","","","no","1","Cattle","no","VND","30000000.00","121"
"VN","2905649","1975.0","17","funded","2025-01-21","2024-12-13","","","no","1","Pigs","no","VND","50000000.00","121"
"VN","2905534","1350.0","21","funded","2025-01-13","2024-11-29","","","no","2","Poultry","no","VND","34000000.00","342"
"VN","2905502","1775.0","21","funded","2025-01-27","2024-11-29","","","no","3","Agriculture","no","VND","45000000.00","342"
"VN","2905500","2375.0","21","funded","2025-01-28","2024-11-29","","","no","3","Agriculture","yes","VND","60000000.00","342"
"VN","2905528","950.0","14","funded","2025-01-02","2024-11-29","","","no","2","Pigs","no","VND","24000000.00","342"
"VN","2905506","1200.0","15","funded","2025-01-03","2024-11-29","","","no","3","Cattle","no","VND","30000000.00","342"
"VN","2905505","1300.0","19","funded","2025-01-18","2024-11-29","","","no","3","Poultry","no","VND","33000000.00","342"
"VN","2905491","1700.0","19","funded","2025-01-21","2024-11-29","","","no","4","Aquaculture","no","VND","43000000.00","342"
"VN","2905486","2050.0","19","funded","2025-01-28","2024-11-29","","","no","4","Pigs","no","VND","52000000.00","342"
"VN","2905482","1975.0","20","funded","2025-02-01","2024-12-17","","","no","1","Cattle","no","VND","50000000.00","121"
"VN","2905438","1575.0","20","funded","2025-01-01","2024-12-13","","","no","1","Agriculture","no","VND","40000000.00","121"
"VN","2905434","1200.0","17","funded","2025-01-05","2024-12-16","","","no","1","Animal Sales","no","VND","30000000.00","121"
"VN","2905428","1975.0","26","funded","2025-02-01","2024-12-13","","","no","1","Cattle","no","VND","50000000.00","121"
"VN","2905267","1975.0","20","funded","2025-01-31","2024-12-13","","","no","1","Agriculture","no","VND","50000000.00","121"
"VN","2905215","1975.0","20","funded","2025-01-30","2024-12-17","","","no","1","Cattle","no","VND","50000000.00","121"
"VN","2904772","1200.0","17","funded","2024-12-31","2024-12-17","","","no","1","Farming","no","VND","30000000.00","121"
"VN","2904598","1975.0","20","funded","2025-01-21","2024-12-17","","","no","1","Farming","no","VND","50000000.00","121"
"VN","2904747","1975.0","17","funded","2025-01-19","2024-12-12","","","no","1","Cattle","no","VND","50000000.00","121"
"VN","2904739","1975.0","26","funded","2025-01-30","2024-12-13","","","no","1","Cattle","no","VND","50000000.00","121"
"VN","2904719","1575.0","20","funded","2025-01-29","2024-12-13","","","no","1","Cattle","no","VND","40000000.00","121"
"VN","2904561","2325.0","19","funded","2025-01-29","2024-11-22","","","no","5","Cattle","no","VND","59000000.00","342"
"VN","2904660","1575.0","20","funded","2025-01-27","2024-12-13","","","no","1","Cattle","no","VND","40000000.00","121"
"VN","2904663","1200.0","26","funded","2025-01-01","2024-12-13","","","no","1","Agriculture","no","VND","30000000.00","121"
"VN","2904658","1575.0","20","funded","2025-01-20","2024-12-13","","","no","1","Cattle","no","VND","40000000.00","121"
"VN","2904569","1575.0","20","funded","2025-01-18","2024-12-13","","","no","1","Agriculture","no","VND","40000000.00","121"
"VN","2904562","950.0","15","funded","2024-12-31","2024-11-22","","","no","2","Poultry","no","VND","24000000.00","342"
"VN","2904556","1775.0","21","funded","2025-01-29","2024-11-22","","","no","2","Cattle","no","VND","45000000.00","342"
"VN","2904557","1000.0","15","funded","2025-01-01","2024-11-22","","","no","2","Cattle","no","VND","25000000.00","342"
"VN","2904560","1850.0","16","funded","2025-01-19","2024-11-22","","","no","4","Pigs","no","VND","47000000.00","342"
"VN","2904558","1000.0","14","funded","2024-12-31","2024-11-22","","","no","2","Agriculture","yes","VND","25000000.00","342"
"VN","2904549","1975.0","19","funded","2025-01-22","2024-11-22","","","no","5","Cattle","no","VND","50000000.00","342"
"VN","2904548","1400.0","21","funded","2025-01-14","2024-11-22","","","no","2","Pigs","no","VND","35000000.00","342"
"VN","2904050","2325.0","21","funded","2025-01-21","2024-11-22","","","no","5","Cattle","no","VND","59000000.00","342"
"VN","2903963","2750.0","21","funded","2025-01-26","2024-11-22","","","no","5","Agriculture","no","VND","70000000.00","342"
"VN","2903753","1975.0","17","funded","2025-01-19","2024-11-21","","","no","1","Agriculture","no","VND","50000000.00","121"
"VN","2903750","1975.0","20","funded","2025-01-22","2024-11-26","","","no","1","Agriculture","no","VND","50000000.00","121"
"VN","2903747","1975.0","20","funded","2025-01-20","2024-11-26","","","no","1","Agriculture","no","VND","50000000.00","121"
"VN","2903748","1975.0","20","funded","2025-01-21","2024-11-26","","","no","1","Agriculture","no","VND","50000000.00","121"
"VN","2903758","1200.0","20","funded","2024-12-28","2024-11-20","","","no","1","Farming","no","VND","30000000.00","121"
"VN","2903771","1975.0","26","funded","2025-01-09","2024-12-11","","","no","1","Pigs","no","VND","50000000.00","121"
"VN","2903417","1200.0","20","funded","2025-01-02","2024-11-25","","","no","1","Agriculture","no","VND","30000000.00","121"
"VN","2903383","1975.0","20","funded","2025-01-28","2024-11-25","","","no","1","Farming","no","VND","50000000.00","121"
"VN","2903342","1975.0","20","funded","2025-01-27","2024-11-25","","","no","1","Agriculture","no","VND","50000000.00","121"
"VN","2902435","1575.0","17","funded","2024-12-29","2024-11-19","","","no","1","Cattle","no","VND","40000000.00","121"
"VN","2901969","1975.0","20","funded","2025-01-20","2024-12-06","","","no","1","Cattle","no","VND","50000000.00","121"
"VN","2901959","1975.0","20","funded","2025-01-19","2024-12-10","","","no","1","Agriculture","no","VND","50000000.00","121"
"VN","2901961","1575.0","20","funded","2024-12-21","2024-12-10","","","no","1","Agriculture","no","VND","40000000.00","121"
"VN","2901958","1200.0","20","funded","2025-01-05","2024-12-13","","","no","1","Cattle","no","VND","30000000.00","121"
"VN","2901838","1575.0","17","funded","2024-12-21","2024-12-13","","","no","1","Agriculture","no","VND","40000000.00","121"
"VN","2901830","1975.0","26","funded","2025-01-20","2024-12-12","","","no","1","Cattle","no","VND","50000000.00","121"
"VN","2901828","1200.0","20","funded","2024-12-18","2024-11-20","","","no","1","Farming","no","VND","30000000.00","121"
"VN","2900685","1975.0","26","funded","2025-01-20","2024-12-09","","","no","1","Cattle","no","VND","50000000.00","121"
"VN","2900701","1975.0","17","funded","2025-01-19","2024-11-27","","","no","1","Cattle","no","VND","50000000.00","121"
"VN","2900695","1975.0","17","funded","2025-01-20","2024-11-26","","","no","1","Agriculture","no","VND","50000000.00","121"
"VN","2900698","1975.0","17","funded","2024-12-26","2024-11-26","","","no","1","Agriculture","no","VND","50000000.00","121"
"VN","2900492","1975.0","20","funded","2025-01-09","2024-12-10","","","no","1","Aquaculture","no","VND","50000000.00","121"
"VN","2900491","1975.0","20","funded","2025-01-19","2024-12-10","","","no","1","Aquaculture","no","VND","50000000.00","121"
"VN","2899440","1975.0","19","funded","2025-01-19","2024-11-15","","","no","4","Pigs","no","VND","50000000.00","342"
"VN","2899452","1225.0","16","funded","2024-12-20","2024-11-15","","","no","2","Poultry","no","VND","31000000.00","342"
"VN","2899424","2375.0","20","funded","2025-01-07","2024-11-15","","","no","4","Aquaculture","no","VND","60000000.00","342"
"VN","2899410","1775.0","19","funded","2025-01-14","2024-11-15","","","no","3","Aquaculture","no","VND","45000000.00","342"
"VN","2899383","600.0","19","funded","2024-12-18","2024-11-15","","","no","1","Poultry","no","VND","15000000.00","342"
"VN","2899362","525.0","10","funded","2024-12-17","2024-11-15","","","no","1","Livestock","no","VND","13000000.00","342"
"VN","2899242","1000.0","8","funded","2024-12-18","2024-11-15","","","no","2","Livestock","no","VND","25000000.00","342"
"VN","2899205","2175.0","20","funded","2025-01-19","2024-11-15","","","no","3","Cattle","no","VND","55000000.00","342"
"VN","2899165","1975.0","19","funded","2025-01-19","2024-11-15","","","no","3","Cattle","no","VND","50000000.00","342"
"VN","2899116","1975.0","14","funded","2025-01-01","2024-11-15","","","no","3","Farming","yes","VND","50000000.00","342"
"VN","2898454","2300.0","21","funded","2024-12-26","2024-11-15","","","no","3","Agriculture","no","VND","58000000.00","342"
"VN","2898470","1975.0","20","funded","2025-01-17","2024-12-10","","","no","1","Farming","no","VND","50000000.00","121"
"VN","2898206","2175.0","21","funded","2024-12-27","2024-11-15","","","no","3","Farming","yes","VND","55000000.00","342"
"VN","2897844","1975.0","26","funded","2025-01-16","2024-11-26","","","no","1","Cattle","no","VND","50000000.00","121"
"VN","2897839","1975.0","26","funded","2025-01-16","2024-11-22","","","no","1","Cattle","no","VND","50000000.00","121"
"VN","2897829","1200.0","20","funded","2024-12-27","2024-11-27","","","no","1","Cattle","no","VND","30000000.00","121"
"VN","2897831","1975.0","20","funded","2025-01-16","2024-12-03","","","no","1","Cattle","no","VND","50000000.00","121"
"VN","2897833","1975.0","26","funded","2025-01-16","2024-11-22","","","no","1","Agriculture","no","VND","50000000.00","121"
"VN","2897937","1600.0","20","funded","2024-12-27","2024-11-26","","","no","1","Farming","no","VND","40000000.00","121"
"VN","2897933","1600.0","20","funded","2024-12-30","2024-12-06","","","no","1","Animal Sales","no","VND","40000000.00","121"
"VN","2897825","1975.0","20","funded","2025-01-15","2024-11-28","","","no","1","Cattle","no","VND","50000000.00","121"
"VN","2897824","1975.0","20","funded","2025-01-15","2024-11-14","","","no","1","Cattle","no","VND","50000000.00","121"
"VN","2897364","1975.0","20","funded","2025-01-14","2024-11-26","","","no","1","Cattle","no","VND","50000000.00","121"
"VN","2897337","1975.0","20","funded","2024-12-27","2024-11-25","","","no","1","Farming","no","VND","50000000.00","121"
"VN","2897335","1600.0","20","funded","2025-01-12","2024-11-25","","","no","1","Cattle","no","VND","40000000.00","121"
"VN","2897334","1975.0","20","funded","2024-12-25","2024-11-20","","","no","1","Agriculture","no","VND","50000000.00","121"
"VN","2897324","1975.0","20","funded","2024-12-26","2024-11-26","","","no","1","Agriculture","no","VND","50000000.00","121"
"VN","2897264","1975.0","22","funded","2025-01-10","2024-11-18","","","no","1","Farming","no","VND","50000000.00","121"
"VN","2897263","1975.0","20","funded","2025-01-09","2024-11-18","","","no","1","Agriculture","no","VND","50000000.00","121"
"VN","2896820","1975.0","20","funded","2025-01-07","2024-11-20","","","no","1","Agriculture","no","VND","50000000.00","121"
"VN","2896286","1400.0","22","funded","2024-12-24","2024-11-26","","","no","1","Agriculture","no","VND","35000000.00","121"
"VN","2896288","1975.0","20","funded","2024-12-31","2024-11-25","","","no","1","Cattle","no","VND","50000000.00","121"
"VN","2895939","2375.0","19","funded","2024-12-31","2024-11-08","","","no","5","Pigs","no","VND","60000000.00","342"
"VN","2895938","2300.0","18","funded","2024-12-28","2024-11-08","","","no","5","Aquaculture","no","VND","58000000.00","342"
"VN","2895937","1775.0","19","funded","2024-12-26","2024-11-08","","","no","3","Cattle","no","VND","45000000.00","342"
"VN","2895936","2175.0","20","funded","2025-01-09","2024-11-08","","","no","3","Pigs","no","VND","55000000.00","342"
"VN","2895935","1775.0","14","funded","2024-12-20","2024-11-08","","","no","3","Farming","yes","VND","45000000.00","342"
"VN","2895932","1775.0","20","funded","2025-01-11","2024-11-08","","","no","3","Cattle","no","VND","45000000.00","342"
"VN","2895931","750.0","13","funded","2024-12-15","2024-11-08","","","no","2","Pigs","no","VND","19000000.00","342"
"VN","2893752","1975.0","17","funded","2024-12-23","2024-11-18","","","no","1","Farming","no","VND","50000000.00","121"
"VN","2893775","1200.0","20","funded","2024-12-18","2024-11-26","","","no","1","Cattle","no","VND","30000000.00","121"
"VN","2893785","1200.0","20","funded","2024-12-19","2024-11-26","","","no","1","Farming","no","VND","30000000.00","121"
"VN","2893772","1200.0","20","funded","2024-12-19","2024-11-21","","","no","1","Cattle","no","VND","30000000.00","121"
"VN","2893771","1575.0","17","funded","2024-12-19","2024-11-14","","","no","1","Agriculture","no","VND","40000000.00","121"
"VN","2893757","1975.0","20","funded","2024-12-23","2024-11-26","","","no","1","Farming","no","VND","50000000.00","121"
"VN","2891693","1975.0","20","funded","2025-01-03","2024-11-14","","","no","1","Cattle","no","VND","50000000.00","121"
"VN","2893131","1200.0","20","funded","2024-12-08","2024-11-08","","","no","1","Cattle","no","VND","30000000.00","121"
"VN","2893125","1975.0","20","funded","2024-12-20","2024-11-26","","","no","1","Cattle","no","VND","50000000.00","121"
"VN","2893120","1975.0","26","funded","2025-01-06","2024-11-22","","","no","1","Cattle","no","VND","50000000.00","121"
"VN","2893115","1975.0","26","funded","2025-01-06","2024-11-28","","","no","1","Cattle","no","VND","50000000.00","121"
"VN","2891054","1975.0","20","funded","2024-12-21","2024-11-18","","","no","1","Farming","no","VND","50000000.00","121"
"VN","2891070","1600.0","20","funded","2024-12-18","2024-11-22","","","no","1","Agriculture","no","VND","40000000.00","121"
"VN","2891055","1975.0","20","funded","2024-12-27","2024-11-11","","","no","1","Agriculture","no","VND","50000000.00","121"
"VN","2891062","1975.0","20","funded","2024-12-26","2024-11-22","","","no","1","Agriculture","no","VND","50000000.00","121"
"VN","2890582","1975.0","26","funded","2024-12-30","2024-11-22","","","no","1","Aquaculture","no","VND","50000000.00","121"
"VN","2889935","1225.0","19","funded","2024-12-04","2024-10-31","","","no","3","Pigs","no","VND","31000000.00","342"
"VN","2889916","2300.0","20","funded","2024-12-20","2024-10-31","","","no","4","Poultry","no","VND","58000000.00","342"
"VN","2889854","1200.0","14","funded","2024-12-02","2024-10-31","","","no","3","Pigs","no","VND","30000000.00","342"
"VN","2889829","1775.0","19","funded","2024-12-13","2024-10-31","","","no","4","Agriculture","no","VND","45000000.00","342"
"VN","2889810","1025.0","20","funded","2024-12-05","2024-10-31","","","no","2","Aquaculture","no","VND","26000000.00","342"
"VN","2889811","1300.0","19","funded","2024-12-07","2024-10-31","","","no","3","Agriculture","no","VND","33000000.00","342"
"VN","2889580","1200.0","20","funded","2024-12-06","2024-10-30","","","no","1","Agriculture","no","VND","30000000.00","121"
"VN","2889215","1200.0","17","funded","2024-12-04","2024-10-30","","","no","1","Farming","no","VND","30000000.00","121"
"VN","2888315","1975.0","20","funded","2025-01-02","2024-11-12","","","no","1","Cattle","no","VND","50000000.00","121"
"VN","2888313","1975.0","20","funded","2025-01-02","2024-11-18","","","no","1","Cattle","no","VND","50000000.00","121"
"VN","2888082","1975.0","20","funded","2025-01-02","2024-11-13","","","no","1","Cattle","no","VND","50000000.00","121"
"VN","2888095","1975.0","20","funded","2024-12-20","2024-11-18","","","no","1","Cattle","no","VND","50000000.00","121"
"VN","2888094","1975.0","20","funded","2025-01-02","2024-11-18","","","no","1","Cattle","no","VND","50000000.00","121"
"VN","2888078","1975.0","20","funded","2025-01-02","2024-11-16","","","no","1","Cattle","no","VND","50000000.00","121"
"VN","2888080","1575.0","26","funded","2024-12-06","2024-11-20","","","no","1","Agriculture","no","VND","40000000.00","121"
"VN","2888073","1975.0","20","funded","2024-12-30","2024-11-21","","","no","1","Pigs","no","VND","50000000.00","121"
"VN","2887376","1200.0","20","funded","2024-11-29","2024-10-28","","","no","1","Farming","no","VND","30000000.00","121"
"VN","2887265","1975.0","20","funded","2024-12-18","2024-11-06","","","no","1","Agriculture","no","VND","50000000.00","121"
"VN","2886383","1975.0","20","funded","2024-12-03","2024-10-25","","","no","1","Farming","no","VND","50000000.00","121"
"VN","2886211","1975.0","20","funded","2024-12-20","2024-10-25","","","no","1","Cattle","no","VND","50000000.00","121"
"VN","2886978","1000.0","19","funded","2024-12-03","2024-10-24","","","no","2","Pigs","no","VND","25000000.00","342"
"VN","2886529","1600.0","20","funded","2024-12-12","2024-10-28","","","no","1","Farming","no","VND","40000000.00","121"
"VN","2886234","1975.0","20","funded","2024-11-28","2024-10-23","","","no","1","Agriculture","no","VND","50000000.00","121"
"VN","2886236","1975.0","20","funded","2024-12-26","2024-10-23","","","no","1","Cattle","no","VND","50000000.00","121"
"VN","2886200","1975.0","20","funded","2024-12-12","2024-10-28","","","no","1","Poultry","no","VND","50000000.00","121"
"VN","2886212","800.0","20","funded","2024-11-27","2024-10-22","","","no","1","Pigs","no","VND","20000000.00","121"
"VN","2886209","1975.0","20","funded","2024-12-18","2024-10-28","","","no","1","Cattle","no","VND","50000000.00","121"
"VN","2886206","800.0","22","funded","2024-11-25","2024-10-25","","","no","1","Pigs","no","VND","20000000.00","121"
"VN","2886204","1975.0","20","funded","2024-12-20","2024-11-06","","","no","1","Animal Sales","no","VND","50000000.00","121"
"VN","2886201","1975.0","20","funded","2024-12-01","2024-10-28","","","no","1","Farming","no","VND","50000000.00","121"
"VN","2886173","1975.0","20","funded","2024-12-25","2024-10-24","","","no","1","Cattle","no","VND","50000000.00","121"
"VN","2886169","1975.0","26","funded","2024-12-18","2024-11-12","","","no","1","Cattle","no","VND","50000000.00","121"
"VN","2885867","1400.0","21","funded","2024-11-28","2024-10-24","","","no","3","Cattle","no","VND","35000000.00","342"
"VN","2885669","2375.0","21","funded","2024-12-20","2024-10-24","","","no","3","Pigs","no","VND","60000000.00","342"
"VN","2885517","1200.0","21","funded","2024-11-26","2024-10-24","","","no","2","Pigs","no","VND","30000000.00","342"
"VN","2885053","1975.0","17","funded","2024-11-27","2024-11-08","","","no","1","Cattle","no","VND","50000000.00","121"
"VN","2885042","1975.0","20","funded","2024-12-18","2024-11-12","","","no","1","Cattle","no","VND","50000000.00","121"
"VN","2881983","1975.0","20","funded","2024-12-12","2024-10-29","","","no","1","Cattle","no","VND","50000000.00","121"
"VN","2883630","1400.0","14","refunded","2024-11-23","2024-10-18","","","no","4","Poultry","no","VND","35000000.00","342"
"VN","2883629","1550.0","14","refunded","2024-11-24","2024-10-18","","","no","4","Poultry","no","VND","39000000.00","342"
"VN","2883628","1475.0","19","funded","2024-11-22","2024-10-18","","","no","3","Aquaculture","no","VND","37000000.00","342"
"VN","2882272","1775.0","21","funded","2024-12-01","2024-10-18","","","no","2","Pigs","no","VND","45000000.00","342"
"VN","2882373","3250.0","19","funded","2024-12-18","2024-10-18","","","no","6","Pigs","no","VND","82000000.00","342"
"VN","2882369","1975.0","20","funded","2024-12-12","2024-11-08","","","no","1","Cattle","no","VND","50000000.00","121"
"VN","2882319","2225.0","14","funded","2024-11-30","2024-10-18","","","no","3","Cattle","no","VND","56000000.00","342"
"VN","2882292","1975.0","20","funded","2024-12-05","2024-10-18","","","no","3","Cattle","no","VND","50000000.00","342"
"VN","2882285","1775.0","20","funded","2024-11-19","2024-11-07","","","no","1","Cattle","no","VND","45000000.00","121"
"VN","2882287","1975.0","20","funded","2024-12-02","2024-11-08","","","no","1","Agriculture","no","VND","50000000.00","121"
"VN","2882109","1275.0","19","refunded","2024-11-20","2024-10-18","","","no","3","Cattle","no","VND","32000000.00","342"
"VN","2882057","1975.0","20","funded","2024-12-07","2024-11-08","","","no","1","Cattle","no","VND","50000000.00","121"
"VN","2882056","1975.0","20","funded","2024-11-24","2024-10-21","","","no","1","Farming","no","VND","50000000.00","121"
"VN","2882051","1975.0","20","funded","2024-12-16","2024-11-07","","","no","1","Farming","no","VND","50000000.00","121"
"VN","2882044","1975.0","26","funded","2024-12-13","2024-11-07","","","no","1","Farming","no","VND","50000000.00","121"
"VN","2882002","1975.0","26","funded","2024-11-27","2024-11-08","","","no","1","Farming","no","VND","50000000.00","121"
"VN","2881999","1575.0","20","funded","2024-11-20","2024-11-08","","","no","1","Farming","no","VND","40000000.00","121"
"VN","2881991","1975.0","20","funded","2024-12-09","2024-10-25","","","no","1","Cattle","no","VND","50000000.00","121"
"VN","2881988","1975.0","26","funded","2024-12-02","2024-10-25","","","no","1","Cattle","no","VND","50000000.00","121"
"VN","2881985","1975.0","26","funded","2024-12-13","2024-10-25","","","no","1","Cattle","no","VND","50000000.00","121"
"VN","2881977","1200.0","17","funded","2024-11-18","2024-10-25","","","no","1","Farming","no","VND","30000000.00","121"
"VN","2881965","1575.0","20","funded","2024-11-27","2024-10-23","","","no","1","Farming","no","VND","40000000.00","121"
"VN","2881967","1200.0","20","funded","2024-11-18","2024-10-23","","","no","1","Farming","no","VND","30000000.00","121"
"VN","2881958","1975.0","20","funded","2024-12-07","2024-10-21","","","no","1","Cattle","no","VND","50000000.00","121"
"VN","2881956","1975.0","20","funded","2024-12-07","2024-10-21","","","no","1","Cattle","no","VND","50000000.00","121"
"VN","2881945","1975.0","26","funded","2024-11-19","2024-10-21","","","no","1","Cattle","no","VND","50000000.00","121"
"VN","2879460","2075.0","19","funded","2024-12-04","2024-10-11","","","no","4","Aquaculture","no","VND","52000000.00","342"
"VN","2879463","2625.0","19","funded","2024-12-09","2024-10-11","","","no","5","Cattle","no","VND","66000000.00","342"
"VN","2879462","2275.0","21","funded","2024-12-01","2024-10-11","","","no","4","Cattle","no","VND","57000000.00","342"
"VN","2879461","1800.0","19","funded","2024-11-20","2024-10-11","","","no","3","Pigs","no","VND","45000000.00","342"
"VN","2879459","2275.0","21","funded","2024-11-20","2024-10-11","","","no","3","Farming","yes","VND","57000000.00","342"
"VN","2879458","2000.0","20","funded","2024-11-27","2024-10-11","","","no","4","Cattle","no","VND","50000000.00","342"
"VN","2879453","1200.0","19","funded","2024-11-18","2024-10-11","","","no","2","Cattle","no","VND","30000000.00","342"
"VN","2876459","325.0","14","funded","2024-11-04","2024-10-04","","","no","1","Pigs","no","VND","8000000.00","342"
"VN","2876445","1200.0","18","funded","2024-11-08","2024-10-04","","","no","2","Livestock","no","VND","30000000.00","342"
"VN","2876448","875.0","13","funded","2024-11-05","2024-10-04","","","no","2","Pigs","no","VND","22000000.00","342"
"VN","2876442","1325.0","19","funded","2024-11-13","2024-10-04","","","no","2","Pigs","no","VND","33000000.00","342"
"VN","2876438","2000.0","19","funded","2024-11-17","2024-10-04","","","no","4","Pigs","no","VND","50000000.00","342"
"VN","2876427","3025.0","19","funded","2024-11-18","2024-10-04","","","no","6","Agriculture","no","VND","76000000.00","342"
"VN","2876422","1150.0","20","funded","2024-11-05","2024-10-04","","","no","2","Farming","yes","VND","29000000.00","342"
"VN","2875547","2175.0","20","funded","2024-11-08","2024-10-04","","","no","2","Cattle","no","VND","55000000.00","342"
"VN","2875270","1600.0","20","funded","2024-11-03","2024-10-04","","","no","2","Pigs","no","VND","40000000.00","342"
"VN","2872641","1225.0","19","funded","2024-11-01","2024-09-27","","","no","3","Cattle","no","VND","31000000.00","342"
"VN","2868827","400.0","14","funded","2024-10-28","2024-09-20","","","no","1","Poultry","no","VND","10000000.00","342"
"VN","2869078","1275.0","19","funded","2024-10-28","2024-09-20","","","no","3","Agriculture","no","VND","32000000.00","342"
"VN","2869064","1000.0","19","funded","2024-10-29","2024-09-20","","","no","2","Cattle","no","VND","25000000.00","342"
"VN","2869011","600.0","19","funded","2024-10-28","2024-09-20","","","no","1","Cattle","no","VND","15000000.00","342"
"VN","2868936","2200.0","25","funded","2024-10-29","2024-09-20","","","no","3","Cattle","no","VND","55000000.00","342"
"VN","2868891","2000.0","21","funded","2024-10-29","2024-09-20","","","no","3","Cattle","no","VND","50000000.00","342"
"VN","2868878","1475.0","21","funded","2024-10-29","2024-09-20","","","no","3","Aquaculture","no","VND","37000000.00","342"
"VN","2863505","1975.0","21","funded","2024-10-22","2024-09-13","","","no","3","Farming","yes","VND","50000000.00","342"
"VN","2863511","2225.0","21","funded","2024-10-18","2024-09-13","","","no","3","Cattle","no","VND","55000000.00","342"
"VN","2863477","1425.0","15","funded","2024-10-17","2024-09-13","","","no","3","Poultry","no","VND","35000000.00","342"
"VN","2863485","1425.0","19","funded","2024-10-17","2024-09-13","","","no","3","Cattle","no","VND","35000000.00","342"
"VN","2863452","825.0","14","funded","2024-10-14","2024-09-13","","","no","2","Cattle","no","VND","20000000.00","342"
"VN","2863364","1425.0","19","funded","2024-10-15","2024-09-13","","","no","3","Agriculture","no","VND","35000000.00","342"
"VN","2863361","2275.0","19","funded","2024-10-17","2024-09-13","","","no","6","Agriculture","no","VND","56000000.00","342"
"VN","2860740","2025.0","19","funded","2024-10-08","2024-09-13","","","no","4","Pigs","no","VND","50000000.00","342"
"VN","2856428","1200.0","19","funded","2024-10-01","2024-08-30","","","no","2","Agriculture","no","VND","29000000.00","342"
"VN","2853259","1600.0","19","funded","2024-09-26","2024-08-23","","","no","3","Aquaculture","no","VND","39000000.00","342"
"VN","2853258","1650.0","19","funded","2024-09-26","2024-08-23","","","no","3","Cattle","no","VND","40000000.00","342"
"VN","2848349","2250.0","21","funded","2024-09-21","2024-08-16","","","no","4","Aquaculture","no","VND","55000000.00","342"
"VN","2848347","800.0","14","funded","2024-09-17","2024-08-16","","","no","2","Cattle","no","VND","19000000.00","342"
"VN","2848343","500.0","19","funded","2024-09-17","2024-08-16","","","no","1","Cattle","no","VND","12000000.00","342"
"VN","2848340","1025.0","20","funded","2024-09-18","2024-08-16","","","no","2","Poultry","no","VND","25000000.00","342"
"VN","2848335","1725.0","19","funded","2024-09-21","2024-08-16","","","no","3","Cattle","no","VND","42000000.00","342"
"VN","2848334","425.0","15","funded","2024-09-16","2024-08-16","","","no","1","Pigs","no","VND","10000000.00","342"
"VN","2848333","1025.0","15","funded","2024-09-19","2024-08-16","","","no","2","Cattle","no","VND","25000000.00","342"
"VN","2848332","1225.0","21","funded","2024-09-19","2024-08-16","","","no","2","Cattle","no","VND","30000000.00","342"
"VN","2848312","1650.0","20","funded","2024-09-18","2024-08-16","","","no","3","Pigs","no","VND","40000000.00","342"
"VN","2846231","2250.0","21","funded","2024-09-23","2024-08-16","","","no","3","Cattle","no","VND","55000000.00","342"
"VN","2843415","1950.0","21","funded","2024-09-19","2024-08-09","","","no","3","Cattle","no","VND","48000000.00","342"
"VN","2843924","1225.0","13","funded","2024-09-12","2024-08-09","","","no","2","Farming","yes","VND","30000000.00","342"
"VN","2843474","2225.0","21","funded","2024-09-22","2024-08-09","","","no","3","Cattle","no","VND","55000000.00","342"
"VN","2843442","2225.0","21","funded","2024-09-19","2024-08-09","","","no","3","Cattle","no","VND","55000000.00","342"
"VN","2843362","1575.0","19","funded","2024-09-15","2024-08-09","","","no","4","Agriculture","no","VND","39000000.00","342"
"VN","2840634","2250.0","19","funded","2024-09-04","2024-08-09","","","no","4","Aquaculture","no","VND","56000000.00","342"
"VN","2840585","2450.0","18","funded","2024-09-14","2024-08-09","","","no","5","Agriculture","no","VND","61000000.00","342"
"VN","2840521","300.0","6","funded","2024-09-01","2024-08-09","","","no","1","Poultry","no","VND","7000000.00","342"
"VN","2839881","925.0","20","funded","2024-09-03","2024-08-01","","","no","2","Pigs","no","VND","23000000.00","342"
"VN","2840052","2500.0","18","funded","2024-09-12","2024-08-01","","","no","5","Agriculture","no","VND","62000000.00","342"
"VN","2839010","1025.0","20","funded","2024-09-02","2024-08-01","","","no","2","Cattle","no","VND","25000000.00","342"
"VN","2837243","1225.0","19","funded","2024-09-02","2024-07-26","","","no","2","Agriculture","no","VND","30000000.00","342"
"VN","2837244","2375.0","19","funded","2024-09-04","2024-07-26","","","no","4","Aquaculture","no","VND","59000000.00","342"
"VN","2837247","2625.0","19","funded","2024-09-07","2024-07-26","","","no","5","Aquaculture","no","VND","65000000.00","342"
"VN","2837241","1025.0","19","funded","2024-09-01","2024-07-26","","","no","2","Poultry","no","VND","25000000.00","342"
"VN","2837240","1225.0","21","funded","2024-09-02","2024-07-26","","","no","2","Pigs","no","VND","30000000.00","342"
"VN","2836574","925.0","14","funded","2024-08-30","2024-07-26","","","no","2","Agriculture","yes","VND","23000000.00","342"
"VN","2836559","1000.0","16","funded","2024-09-01","2024-07-26","","","no","2","Cattle","no","VND","25000000.00","342"
"VN","2836545","800.0","13","funded","2024-08-29","2024-07-26","","","no","2","Farm Supplies","yes","VND","20000000.00","342"
"VN","2833038","1400.0","19","funded","2024-08-26","2024-07-19","","","no","3","Aquaculture","no","VND","35000000.00","342"
"VN","2833036","1000.0","16","funded","2024-08-25","2024-07-19","","","no","2","Pigs","no","VND","25000000.00","342"
"VN","2833037","1475.0","19","funded","2024-08-26","2024-07-19","","","no","3","Pigs","no","VND","37000000.00","342"
"VN","2833040","1000.0","19","funded","2024-08-25","2024-07-19","","","no","2","Cattle","no","VND","25000000.00","342"
"VN","2833039","1400.0","15","funded","2024-08-26","2024-07-19","","","no","3","Cattle","no","VND","35000000.00","342"
"VN","2832328","1400.0","15","funded","2024-08-19","2024-07-19","","","no","3","Cattle","no","VND","35000000.00","342"
"VN","2832268","1200.0","14","funded","2024-08-19","2024-07-19","","","no","3","Cattle","no","VND","30000000.00","342"
"VN","2832175","1350.0","21","funded","2024-08-19","2024-07-19","","","no","3","Aquaculture","no","VND","34000000.00","342"
"VN","2831771","1200.0","16","funded","2024-08-17","2024-07-19","","","no","3","Farming","yes","VND","30000000.00","342"
"VN","2828750","875.0","14","funded","2024-08-13","2024-07-12","","","no","3","Agriculture","no","VND","22000000.00","342"
"VN","2826019","2050.0","20","funded","2024-08-13","2024-07-05","","","no","4","Cattle","no","VND","52000000.00","342"
"VN","2826009","1775.0","19","funded","2024-08-13","2024-07-05","","","no","3","Agriculture","no","VND","45000000.00","342"
"VN","2825997","800.0","14","funded","2024-08-07","2024-07-05","","","no","2","Pigs","no","VND","20000000.00","342"
"VN","2825995","800.0","14","funded","2024-08-06","2024-07-05","","","no","2","Cattle","no","VND","20000000.00","342"
"VN","2825994","525.0","13","funded","2024-08-06","2024-07-05","","","no","1","Pigs","no","VND","13000000.00","342"
"VN","2825992","1625.0","14","funded","2024-08-08","2024-07-05","","","no","3","Farming","yes","VND","41000000.00","342"
"VN","2825993","1475.0","13","funded","2024-08-12","2024-07-05","","","no","3","Farming","yes","VND","37000000.00","342"
"VN","2821538","800.0","15","funded","2024-08-05","2024-06-28","","","no","2","Cattle","no","VND","20000000.00","342"
"VN","2821486","1500.0","20","funded","2024-08-10","2024-06-28","","","no","3","Pigs","no","VND","38000000.00","342"
"VN","2821536","475.0","14","funded","2024-08-01","2024-06-28","","","no","2","Farming","yes","VND","12000000.00","342"
"VN","2821534","1200.0","15","funded","2024-08-04","2024-06-28","","","no","3","Agriculture","yes","VND","30000000.00","342"
"VN","2821504","1200.0","19","funded","2024-08-05","2024-06-28","","","no","2","Livestock","no","VND","30000000.00","342"
"VN","2821535","925.0","13","funded","2024-08-02","2024-06-28","","","no","2","Agriculture","yes","VND","23000000.00","342"
"VN","2821503","1675.0","21","funded","2024-08-05","2024-06-28","","","no","3","Agriculture","no","VND","42000000.00","342"
"VN","2821508","1025.0","14","funded","2024-08-05","2024-06-28","","","no","3","Pigs","no","VND","26000000.00","342"
"VN","2821483","725.0","14","funded","2024-08-01","2024-06-28","","","no","2","Cattle","no","VND","18000000.00","342"
"VN","2817709","1350.0","19","funded","2024-08-01","2024-06-21","","","no","3","Cattle","no","VND","34000000.00","342"
"VN","2817704","1000.0","14","funded","2024-07-31","2024-06-21","","","no","2","Cattle","no","VND","25000000.00","342"
"VN","2817708","1400.0","19","funded","2024-08-02","2024-06-21","","","no","3","Cattle","no","VND","35000000.00","342"
"VN","2817689","1950.0","21","funded","2024-08-07","2024-06-21","","","no","3","Cattle","no","VND","49000000.00","342"
"VN","2817696","1425.0","15","funded","2024-07-31","2024-06-21","","","no","4","Agriculture","no","VND","36000000.00","342"
"VN","2817693","725.0","14","funded","2024-07-30","2024-06-21","","","no","2","Cattle","no","VND","18000000.00","342"
"VN","2817692","1200.0","15","funded","2024-07-30","2024-06-21","","","no","3","Agriculture","yes","VND","30000000.00","342"
"VN","2817687","750.0","15","funded","2024-07-29","2024-06-21","","","no","4","Agriculture","yes","VND","19000000.00","342"
"VN","2813194","750.0","14","funded","2024-07-18","2024-06-14","","","no","2","Agriculture","no","VND","19000000.00","342"
"VN","2813193","1200.0","13","funded","2024-07-19","2024-06-14","","","no","2","Pigs","no","VND","30000000.00","342"
"VN","2813191","1400.0","18","funded","2024-07-21","2024-06-14","","","no","3","Poultry","no","VND","35000000.00","342"
"VN","2813192","1225.0","15","funded","2024-07-19","2024-06-14","","","no","3","Poultry","no","VND","31000000.00","342"
"VN","2813186","1000.0","14","funded","2024-07-19","2024-06-14","","","no","2","Cattle","no","VND","25000000.00","342"
"VN","2813190","1775.0","19","funded","2024-07-24","2024-06-14","","","no","4","Poultry","no","VND","45000000.00","342"
"VN","2813189","2175.0","20","funded","2024-07-18","2024-06-14","","","no","5","Cattle","no","VND","55000000.00","342"
"VN","2813185","925.0","14","funded","2024-07-19","2024-06-14","","","no","2","Agriculture","no","VND","23000000.00","342"
"VN","2813183","1400.0","19","funded","2024-07-19","2024-06-14","","","no","3","Pigs","no","VND","35000000.00","342"
"VN","2813184","1350.0","20","funded","2024-07-19","2024-06-14","","","no","3","Pigs","no","VND","34000000.00","342"
"VN","2813180","1625.0","20","funded","2024-07-22","2024-06-14","","","no","3","Pigs","no","VND","41000000.00","342"
"VN","2813181","1200.0","15","funded","2024-07-19","2024-06-14","","","no","3","Pigs","no","VND","30000000.00","342"
"VN","2813178","1825.0","20","funded","2024-07-23","2024-06-14","","","no","3","Aquaculture","no","VND","46000000.00","342"
"VN","2812768","2500.0","21","funded","2024-07-24","2024-06-14","","","no","5","Aquaculture","no","VND","63000000.00","342"
"VN","2812720","2050.0","19","funded","2024-07-23","2024-06-14","","","no","4","Aquaculture","no","VND","52000000.00","342"
"VN","2809679","1425.0","18","funded","2024-07-16","2024-06-07","","","no","3","Aquaculture","no","VND","36000000.00","342"
"VN","2809670","1700.0","19","funded","2024-07-18","2024-06-07","","","no","4","Aquaculture","no","VND","43000000.00","342"
"VN","2809667","1500.0","14","funded","2024-07-14","2024-06-07","","","no","4","Poultry","no","VND","38000000.00","342"
"VN","2809659","1275.0","19","funded","2024-07-13","2024-06-07","","","no","3","Pigs","no","VND","32000000.00","342"
"VN","2809658","1500.0","18","funded","2024-07-16","2024-06-07","","","no","3","Pigs","no","VND","38000000.00","342"
"VN","2809628","875.0","18","funded","2024-07-10","2024-06-07","","","no","2","Poultry","no","VND","22000000.00","342"
"VN","2809649","400.0","14","funded","2024-07-08","2024-06-07","","","no","1","Animal Sales","no","VND","10000000.00","342"
"VN","2809644","1000.0","18","funded","2024-07-14","2024-06-07","","","no","2","Agriculture","no","VND","25000000.00","342"
"VN","2809642","800.0","18","funded","2024-07-10","2024-06-07","","","no","2","Pigs","no","VND","20000000.00","342"
"VN","2809635","400.0","14","funded","2024-07-08","2024-06-07","","","no","1","Poultry","no","VND","10000000.00","342"
"VN","2809610","2100.0","18","funded","2024-07-19","2024-06-07","","","no","5","Pigs","no","VND","53000000.00","342"
"VN","2805676","1400.0","19","funded","2024-07-02","2024-05-31","","","no","3","Farming","yes","VND","35000000.00","342"
"VN","2801349","800.0","14","funded","2024-06-28","2024-05-24","","","no","2","Pigs","no","VND","20000000.00","342"
"VN","2801330","400.0","15","funded","2024-06-28","2024-05-24","","","no","1","Farm Supplies","no","VND","10000000.00","342"
"VN","2800428","1200.0","21","funded","2024-06-29","2024-05-24","","","no","2","Agriculture","no","VND","30000000.00","342"
"VN","2800395","850.0","14","funded","2024-06-28","2024-05-24","","","no","2","Pigs","no","VND","21000000.00","342"
"VN","2800342","1075.0","19","funded","2024-06-28","2024-05-24","","","no","2","Aquaculture","no","VND","27000000.00","342"
"VN","2791017","1775.0","14","funded","2024-06-17","2024-05-10","","","no","4","Poultry","no","VND","45000000.00","342"
"VN","2790927","1775.0","19","funded","2024-06-18","2024-05-10","","","no","4","Agriculture","no","VND","45000000.00","342"
"VN","2790965","1200.0","19","funded","2024-06-14","2024-05-10","","","no","2","Pigs","no","VND","30000000.00","342"
"VN","2790878","2125.0","18","funded","2024-06-14","2024-05-10","","","no","5","Aquaculture","no","VND","54000000.00","342"
"VN","2790772","2100.0","19","funded","2024-06-15","2024-05-10","","","no","4","Pigs","no","VND","53000000.00","342"
"VN","2788284","1425.0","20","funded","2024-06-03","2024-05-10","","","no","3","Cattle","no","VND","36000000.00","342"
"VN","2788199","1975.0","19","funded","2024-06-02","2024-05-10","","","no","4","Agriculture","no","VND","50000000.00","342"
"VN","2787936","1275.0","14","funded","2024-06-02","2024-05-04","","","no","3","Aquaculture","no","VND","32000000.00","342"
"VN","2785979","2100.0","21","funded","2024-06-08","2024-04-26","","","no","5","Pigs","no","VND","53000000.00","342"
"VN","2785976","1025.0","19","funded","2024-06-01","2024-04-26","","","no","3","Cattle","no","VND","26000000.00","342"
"VN","2785978","1425.0","14","funded","2024-06-02","2024-04-26","","","no","3","Aquaculture","no","VND","36000000.00","342"
"VN","2785649","2175.0","20","funded","2024-06-14","2024-04-26","","","no","4","Aquaculture","no","VND","55000000.00","342"
"VN","2785963","1375.0","20","funded","2024-06-02","2024-04-26","","","no","3","Cattle","no","VND","35000000.00","342"
"VN","2785961","1350.0","20","funded","2024-06-02","2024-04-26","","","no","3","Aquaculture","no","VND","34000000.00","342"
"VN","2785863","2025.0","19","funded","2024-06-11","2024-04-25","","","no","4","Agriculture","no","VND","51000000.00","342"
"VN","2785409","2175.0","20","funded","2024-06-14","2024-04-26","","","no","5","Pigs","no","VND","55000000.00","342"
"VN","2785578","1450.0","19","funded","2024-06-01","2024-04-26","","","no","3","Pigs","no","VND","37000000.00","342"
"VN","2785355","2250.0","20","funded","2024-06-11","2024-04-26","","","no","5","Pigs","no","VND","57000000.00","342"
"VN","2785147","600.0","19","funded","2024-05-28","2024-04-25","","","no","1","Cattle","no","VND","15000000.00","342"
"VN","2785116","1150.0","14","funded","2024-06-01","2024-04-25","","","no","3","Agriculture","no","VND","29000000.00","342"
"VN","2785103","1375.0","19","funded","2024-06-01","2024-04-25","","","no","3","Pigs","no","VND","35000000.00","342"
"VN","2780705","1300.0","12","funded","2024-05-26","2024-04-19","","","no","3","Cattle","no","VND","33000000.00","342"
"VN","2780626","750.0","14","funded","2024-05-22","2024-04-19","","","no","3","Livestock","no","VND","19000000.00","342"
"VN","2780412","950.0","19","funded","2024-05-23","2024-04-19","","","no","2","Aquaculture","no","VND","24000000.00","342"
"VN","2780436","2125.0","21","funded","2024-06-06","2024-04-19","","","no","4","Cattle","no","VND","54000000.00","342"
"VN","2780392","2050.0","19","funded","2024-06-02","2024-04-19","","","no","4","Agriculture","no","VND","52000000.00","342"
"VN","2779960","1000.0","19","funded","2024-05-20","2024-04-19","","","no","2","Pigs","no","VND","25000000.00","342"
"VN","2779948","1425.0","17","funded","2024-06-01","2024-04-19","","","no","3","Agriculture","no","VND","36000000.00","342"
"VN","2777172","1275.0","18","funded","2024-05-21","2024-04-12","","","no","3","Pigs","no","VND","32000000.00","342"
"VN","2777147","1000.0","18","funded","2024-05-21","2024-04-12","","","no","2","Cattle","no","VND","25000000.00","342"
"VN","2776786","400.0","13","funded","2024-05-14","2024-04-11","","","no","1","Poultry","no","VND","10000000.00","342"
"VN","2776833","1900.0","19","funded","2024-05-28","2024-04-12","","","no","4","Livestock","no","VND","48000000.00","342"
"VN","2776816","800.0","13","funded","2024-05-19","2024-04-11","","","no","2","Farming","no","VND","20000000.00","342"
"VN","2770937","1200.0","19","funded","2024-05-21","2024-03-29","","","no","2","Cattle","no","VND","30000000.00","342"
"VN","2775228","1975.0","18","funded","2024-06-01","2024-04-05","","","no","4","Cattle","no","VND","50000000.00","342"
"VN","2775119","1225.0","13","funded","2024-05-21","2024-04-05","","","no","3","Agriculture","yes","VND","31000000.00","342"
"VN","2775111","2300.0","18","funded","2024-05-29","2024-04-05","","","no","4","Cattle","no","VND","58000000.00","342"
"VN","2775108","2400.0","20","funded","2024-05-28","2024-04-05","","","no","6","Agriculture","yes","VND","61000000.00","342"
"VN","2775083","400.0","14","funded","2024-05-06","2024-04-05","","","no","1","Pigs","no","VND","10000000.00","342"
"VN","2775078","1200.0","19","funded","2024-05-24","2024-04-05","","","no","2","Cattle","no","VND","30000000.00","342"
"VN","2770902","1000.0","14","funded","2024-05-02","2024-03-29","","","no","2","Cattle","no","VND","25000000.00","342"
"VN","2770853","2025.0","21","funded","2024-05-24","2024-03-29","","","no","4","Agriculture","no","VND","51000000.00","342"
"VN","2770734","3875.0","20","funded","2024-06-01","2024-03-29","","","no","7","Farming","no","VND","98000000.00","342"
"VN","2768490","1975.0","17","funded","2024-05-27","2024-04-16","","","no","1","Cattle","no","VND","50000000.00","121"
"VN","2768492","1975.0","20","funded","2024-05-26","2024-04-19","","","no","1","Cattle","no","VND","50000000.00","121"
"VN","2767664","1200.0","20","funded","2024-05-20","2024-03-27","","","no","1","Farming","no","VND","30000000.00","121"
"VN","2767471","1075.0","14","funded","2024-05-03","2024-03-22","","","no","3","Cattle","no","VND","27000000.00","342"
"VN","2767477","1075.0","14","funded","2024-05-03","2024-03-22","","","no","2","Pigs","no","VND","27000000.00","342"
"VN","2767475","1975.0","15","funded","2024-05-09","2024-03-22","","","no","5","Pigs","no","VND","50000000.00","342"
"VN","2767469","2925.0","21","funded","2024-05-30","2024-03-22","","","no","5","Pigs","no","VND","74000000.00","342"
"VN","2767461","3000.0","21","funded","2024-05-19","2024-03-22","","","no","6","Agriculture","no","VND","76000000.00","342"
"VN","2766420","1975.0","20","funded","2024-05-22","2024-04-10","","","no","1","Farming","no","VND","50000000.00","121"
"VN","2764347","2000.0","22","funded","2024-05-24","2024-03-26","","","no","1","Cattle","no","VND","50000000.00","121"
"VN","2764333","1600.0","20","funded","2024-05-27","2024-03-25","","","no","1","Farming","no","VND","40000000.00","121"
"VN","2764345","2000.0","22","funded","2024-05-26","2024-03-26","","","no","1","Animal Sales","no","VND","50000000.00","121"
"VN","2764348","2000.0","20","funded","2024-05-26","2024-03-26","","","no","1","Cattle","no","VND","50000000.00","121"
"VN","2762849","2025.0","20","funded","2024-05-22","2024-03-26","","","no","1","Pigs","no","VND","50000000.00","121"
"VN","2762847","1225.0","17","funded","2024-05-14","2024-03-18","","","no","1","Farming","no","VND","30000000.00","121"
"VN","2762848","1625.0","20","funded","2024-05-17","2024-03-18","","","no","1","Agriculture","no","VND","40000000.00","121"
"VN","2762845","2025.0","20","funded","2024-05-21","2024-03-18","","","no","1","Livestock","no","VND","50000000.00","121"
"VN","2761680","2000.0","22","funded","2024-05-23","2024-03-19","","","no","1","Farming","no","VND","50000000.00","121"
"VN","2761678","2000.0","22","funded","2024-05-22","2024-03-27","","","no","1","Agriculture","no","VND","50000000.00","121"
"VN","2760198","2000.0","20","funded","2024-05-23","2024-03-22","","","no","1","Farming","no","VND","50000000.00","121"
"VN","2760196","2000.0","22","funded","2024-05-22","2024-03-27","","","no","1","Agriculture","no","VND","50000000.00","121"
"VN","2760185","1600.0","20","funded","2024-05-20","2024-03-18","","","no","1","Agriculture","no","VND","40000000.00","121"
"VN","2759746","2025.0","17","funded","2024-05-19","2024-03-27","","","no","1","Cattle","no","VND","50000000.00","121"
"VN","2759747","2025.0","20","funded","2024-05-19","2024-03-26","","","no","1","Cattle","no","VND","50000000.00","121"
"VN","2759743","2025.0","17","funded","2024-05-22","2024-03-12","","","no","1","Cattle","no","VND","50000000.00","121"
"VN","2759741","2025.0","20","funded","2024-05-23","2024-03-19","","","no","1","Cattle","no","VND","50000000.00","121"
"VN","2761683","1200.0","17","funded","2024-05-15","2024-03-22","","","no","1","Farming","no","VND","30000000.00","121"
"VN","2761296","1500.0","13","funded","2024-04-29","2024-03-15","","","no","3","Agriculture","no","VND","37000000.00","342"
"VN","2761295","1975.0","19","funded","2024-05-03","2024-03-15","","","no","4","Agriculture","yes","VND","49000000.00","342"
"VN","2761294","1175.0","14","funded","2024-04-23","2024-03-15","","","no","3","Pigs","no","VND","29000000.00","342"
"VN","2761293","2400.0","21","funded","2024-05-15","2024-03-15","","","no","5","Farming","yes","VND","60000000.00","342"
"VN","2761282","1800.0","14","funded","2024-05-01","2024-03-15","","","no","4","Agriculture","no","VND","45000000.00","342"
"VN","2761286","1200.0","15","funded","2024-04-23","2024-03-15","","","no","3","Pigs","no","VND","30000000.00","342"
"VN","2761272","1200.0","15","funded","2024-04-19","2024-03-15","","","no","3","Aquaculture","no","VND","30000000.00","342"
"VN","2761270","2775.0","18","funded","2024-05-18","2024-03-15","","","no","6","Aquaculture","no","VND","69000000.00","342"
"VN","2760747","2950.0","15","funded","2024-05-11","2024-03-15","","","no","8","Aquaculture","no","VND","74000000.00","342"
"VN","2759392","1190.0","20","funded","2024-05-15","2024-03-25","","","no","1","Agriculture","no","VND","50000000.00","121"
"VN","2759388","1665.0","22","funded","2024-05-15","2024-03-28","","","no","1","Agriculture","no","VND","50000000.00","121"
"VN","2759384","1600.0","17","funded","2024-05-14","2024-03-21","","","no","1","Agriculture","no","VND","40000000.00","121"
"VN","2759383","2000.0","20","funded","2024-05-14","2024-03-21","","","no","1","Farming","no","VND","50000000.00","121"
"VN","2759327","2000.0","15","funded","2024-05-04","2024-03-27","","","no","1","Cattle","no","VND","50000000.00","121"
"VN","2759325","2000.0","17","funded","2024-05-08","2024-03-27","","","no","1","Cattle","no","VND","50000000.00","121"
"VN","2759324","2000.0","17","funded","2024-05-13","2024-03-27","","","no","1","Cattle","no","VND","50000000.00","121"
"VN","2759210","2025.0","20","funded","2024-05-14","2024-03-26","","","no","1","Livestock","no","VND","50000000.00","121"
"VN","2758819","1600.0","20","funded","2024-05-13","2024-03-26","","","no","1","Aquaculture","no","VND","50000000.00","121"
"VN","2758775","2025.0","22","funded","2024-05-13","2024-03-14","","","no","1","Farming","no","VND","50000000.00","121"
"VN","2758773","1745.0","20","funded","2024-05-13","2024-03-19","","","no","1","Agriculture","no","VND","50000000.00","121"
"VN","2758628","1060.0","20","funded","2024-05-13","2024-03-13","","","no","1","Cattle","no","VND","50000000.00","121"
"VN","2758626","2025.0","17","funded","2024-05-02","2024-03-13","","","no","1","Cattle","no","VND","50000000.00","121"
"VN","2758625","2025.0","17","funded","2024-05-12","2024-03-13","","","no","1","Animal Sales","no","VND","50000000.00","121"
"VN","2758468","1175.0","14","funded","2024-04-23","2024-03-07","","","no","3","Farm Supplies","yes","VND","29000000.00","342"
"VN","2758463","1125.0","14","funded","2024-04-22","2024-03-07","","","no","3","Agriculture","yes","VND","28000000.00","342"
"VN","2758066","600.0","15","funded","2024-04-16","2024-03-27","","","no","1","Agriculture","no","VND","15000000.00","121"
"VN","2758085","1650.0","14","funded","2024-04-29","2024-03-07","","","no","4","Agriculture","no","VND","41000000.00","342"
"VN","2758068","2000.0","20","funded","2024-05-09","2024-03-27","","","no","1","Agriculture","no","VND","50000000.00","121"
"VN","2756811","1225.0","17","funded","2024-05-07","2024-03-18","","","no","1","Pigs","no","VND","30000000.00","121"
"VN","2756807","1625.0","20","funded","2024-05-08","2024-03-14","","","no","1","Aquaculture","no","VND","40000000.00","121"
"VN","2756797","2025.0","20","funded","2024-05-08","2024-03-15","","","no","1","Agriculture","no","VND","50000000.00","121"
"VN","2756800","2025.0","17","funded","2024-05-08","2024-03-15","","","no","1","Agriculture","no","VND","50000000.00","121"
"VN","2756802","2025.0","20","funded","2024-05-08","2024-03-15","","","no","1","Agriculture","no","VND","50000000.00","121"
"VN","2756355","1625.0","17","funded","2024-05-07","2024-03-15","","","no","1","Farming","no","VND","40000000.00","121"
"VN","2756352","2025.0","15","funded","2024-05-06","2024-03-12","","","no","1","Farming","no","VND","50000000.00","121"
"VN","2755719","2025.0","20","funded","2024-05-06","2024-03-13","","","no","1","Cattle","no","VND","50000000.00","121"
"VN","2755735","2025.0","20","funded","2024-04-30","2024-03-08","","","no","1","Cattle","no","VND","50000000.00","121"
"VN","2754128","1200.0","13","funded","2024-04-09","2024-03-07","","","no","3","Agriculture","no","VND","30000000.00","342"
"VN","2754094","1200.0","14","funded","2024-04-13","2024-03-07","","","no","3","Agriculture","no","VND","30000000.00","342"
"VN","2754025","925.0","18","funded","2024-04-21","2024-03-07","","","no","2","Agriculture","no","VND","23000000.00","342"
"VN","2753448","2025.0","26","funded","2024-05-04","2024-03-08","","","no","1","Pigs","no","VND","50000000.00","121"
"VN","2752921","1625.0","20","funded","2024-05-04","2024-03-21","","","no","1","Cattle","no","VND","40000000.00","121"
"VN","2752919","1625.0","20","funded","2024-04-05","2024-03-21","","","no","1","Cattle","no","VND","40000000.00","121"
"VN","2752915","1625.0","20","funded","2024-05-03","2024-03-25","","","no","1","Farming","no","VND","40000000.00","121"
"VN","2752924","2025.0","20","funded","2024-05-02","2024-03-21","","","no","1","Cattle","no","VND","50000000.00","121"
"VN","2752394","825.0","15","funded","2024-04-07","2024-03-18","","","no","1","Farming","no","VND","20000000.00","121"
"VN","2752391","2025.0","20","funded","2024-05-03","2024-03-18","","","no","1","Agriculture","no","VND","50000000.00","121"
"VN","2752387","1225.0","17","funded","2024-04-29","2024-03-18","","","no","1","Farming","no","VND","30000000.00","121"
"VN","2752161","2025.0","20","funded","2024-04-29","2024-03-13","","","no","1","Livestock","no","VND","50000000.00","121"
"VN","2751659","1425.0","20","funded","2024-05-01","2024-03-20","","","no","1","Pigs","no","VND","35000000.00","121"
"VN","2751539","2025.0","20","funded","2024-05-01","2024-03-21","","","no","1","Pigs","no","VND","50000000.00","121"
"VN","2751537","2025.0","20","funded","2024-05-01","2024-03-18","","","no","1","Cattle","no","VND","50000000.00","121"
"VN","2750934","2050.0","18","funded","2024-04-11","2024-03-01","","","no","4","Farming","no","VND","51000000.00","342"
"VN","2750881","1625.0","15","funded","2024-04-04","2024-03-20","","","no","1","Livestock","no","VND","40000000.00","121"
"VN","2750870","1225.0","20","funded","2024-04-06","2024-03-19","","","no","1","Cattle","no","VND","30000000.00","121"
"VN","2750875","2025.0","17","funded","2024-04-29","2024-03-19","","","no","1","Cattle","no","VND","50000000.00","121"
"VN","2749940","1625.0","20","funded","2024-04-24","2024-03-08","","","no","1","Cattle","no","VND","40000000.00","121"
"VN","2750691","2025.0","20","funded","2024-04-30","2024-03-18","","","no","1","Aquaculture","no","VND","50000000.00","121"
"VN","2750689","425.0","15","funded","2024-03-27","2024-03-18","","","no","1","Agriculture","no","VND","10000000.00","121"
"VN","2750690","1225.0","17","funded","2024-04-29","2024-03-18","","","no","1","Agriculture","no","VND","30000000.00","121"
"VN","2750685","1625.0","20","funded","2024-04-27","2024-03-18","","","no","1","Agriculture","no","VND","40000000.00","121"
"VN","2750682","2025.0","20","funded","2024-04-30","2024-03-19","","","no","1","Cattle","no","VND","50000000.00","121"
"VN","2750679","2025.0","20","funded","2024-04-30","2024-03-13","","","no","1","Aquaculture","no","VND","50000000.00","121"
"VN","2749201","2025.0","20","funded","2024-04-29","2024-03-12","","","no","1","Farming","no","VND","50000000.00","121"
"VN","2749948","2025.0","17","funded","2024-04-30","2024-03-13","","","no","1","Farming","no","VND","50000000.00","121"
"VN","2749942","825.0","17","funded","2024-04-10","2024-03-15","","","no","1","Pigs","no","VND","20000000.00","121"
"VN","2749207","860.0","26","funded","2024-04-29","2024-03-12","","","no","1","Cattle","no","VND","50000000.00","121"
"VN","2749202","1225.0","17","funded","2024-04-02","2024-03-12","","","no","1","Farming","no","VND","30000000.00","121"
"VN","2749199","1625.0","20","funded","2024-04-23","2024-03-15","","","no","1","Pigs","no","VND","40000000.00","121"
"VN","2748490","1225.0","17","funded","2024-04-24","2024-03-15","","","no","1","Aquaculture","no","VND","30000000.00","121"
"VN","2748485","1225.0","17","funded","2024-04-09","2024-03-15","","","no","1","Livestock","no","VND","30000000.00","121"
"VN","2748363","1625.0","20","funded","2024-04-18","2024-03-13","","","no","1","Farming","no","VND","40000000.00","121"
"VN","2748357","2025.0","17","funded","2024-04-25","2024-03-13","","","no","1","Agriculture","no","VND","50000000.00","121"
"VN","2747688","1225.0","14","funded","2024-03-27","2024-02-29","","","no","3","Cattle","no","VND","30000000.00","342"
"VN","2747309","1425.0","17","funded","2024-03-25","2024-03-15","","","no","1","Animal Sales","no","VND","35000000.00","121"
"VN","2747298","1225.0","17","funded","2024-04-17","2024-03-14","","","no","1","Animal Sales","no","VND","30000000.00","121"
"VN","2747296","2025.0","15","funded","2024-04-16","2024-03-13","","","no","1","Farming","no","VND","50000000.00","121"
"VN","2747288","1625.0","15","funded","2024-04-01","2024-03-04","","","no","1","Animal Sales","no","VND","40000000.00","121"
"VN","2747276","1800.0","16","funded","2024-04-04","2024-02-29","","","no","4","Pigs","no","VND","44000000.00","342"
"VN","2747161","825.0","15","funded","2024-03-25","2024-02-29","","","no","2","Aquaculture","no","VND","20000000.00","342"
"VN","2745712","950.0","17","funded","2024-03-20","2024-02-29","","","no","2","Agriculture","no","VND","23000000.00","342"
"VN","2745584","1300.0","19","funded","2024-03-24","2024-02-23","","","no","3","Cattle","no","VND","32000000.00","342"
"VN","2745089","625.0","15","funded","2024-03-19","2024-02-23","","","no","2","Agriculture","no","VND","15000000.00","342"
"VN","2744357","825.0","15","funded","2024-03-17","2024-03-12","","","no","1","Cattle","no","VND","20000000.00","121"
"VN","2744356","2050.0","15","funded","2024-03-20","2024-03-12","","","no","1","Cattle","no","VND","50000000.00","121"
"VN","2743634","1225.0","20","funded","2024-04-14","2024-02-27","","","no","1","Agriculture","no","VND","30000000.00","121"
"VN","2743668","1225.0","15","funded","2024-03-25","2024-03-12","","","no","1","Cattle","no","VND","30000000.00","121"
"VN","2743648","1650.0","20","funded","2024-03-24","2024-02-23","","","no","1","Agriculture","no","VND","40000000.00","121"
"VN","2743640","2050.0","20","funded","2024-04-16","2024-02-26","","","no","1","Agriculture","no","VND","50000000.00","121"
"VN","2742614","2050.0","17","funded","2024-03-21","2024-02-21","","","no","1","Cattle","no","VND","50000000.00","121"
"VN","2741946","1625.0","17","funded","2024-03-18","2024-02-27","","","no","1","Farming","no","VND","40000000.00","121"
"VN","2741959","1225.0","17","funded","2024-03-13","2024-02-24","","","no","1","Cattle","no","VND","30000000.00","121"
"VN","2741956","1625.0","17","funded","2024-03-09","2024-02-27","","","no","1","Farming","no","VND","40000000.00","121"
"VN","2741949","2050.0","20","funded","2024-03-10","2024-02-27","","","no","1","Agriculture","no","VND","50000000.00","121"
"VN","2741945","425.0","15","funded","2024-03-08","2024-02-27","","","no","1","Agriculture","no","VND","10000000.00","121"
"VN","2741492","975.0","14","funded","2024-03-15","2024-02-23","","","no","2","Pigs","no","VND","24000000.00","342"
"VN","2741381","825.0","14","funded","2024-03-08","2024-02-23","","","no","2","Cattle","no","VND","20000000.00","342"
"VN","2741370","1425.0","15","funded","2024-03-20","2024-02-23","","","no","4","Aquaculture","no","VND","35000000.00","342"
"VN","2741359","1225.0","15","funded","2024-03-19","2024-02-23","","","no","3","Aquaculture","no","VND","30000000.00","342"
"VN","2741012","2025.0","20","funded","2024-03-22","2024-02-23","","","no","1","Agriculture","no","VND","50000000.00","121"
"VN","2741006","2025.0","20","funded","2024-04-10","2024-02-27","","","no","1","Farming","no","VND","50000000.00","121"
"VN","2741004","2025.0","22","funded","2024-03-06","2024-02-27","","","no","1","Agriculture","no","VND","50000000.00","121"
"VN","2740847","2025.0","22","funded","2024-03-21","2024-02-23","","","no","1","Pigs","no","VND","50000000.00","121"
"VN","2740844","1625.0","17","funded","2024-03-19","2024-02-23","","","no","1","Farming","no","VND","40000000.00","121"
"VN","2740846","1225.0","15","funded","2024-03-07","2024-02-23","","","no","1","Farming","no","VND","30000000.00","121"
"VN","2740314","1225.0","20","funded","2024-03-11","2024-02-21","","","no","1","Cattle","no","VND","30000000.00","121"
"VN","2740310","2050.0","17","funded","2024-03-09","2024-02-05","","","no","1","Cattle","no","VND","50000000.00","121"
"VN","2740312","1225.0","15","funded","2024-03-10","2024-02-05","","","no","1","Cattle","no","VND","30000000.00","121"
"VN","2738821","1225.0","17","funded","2024-03-20","2024-02-04","","","no","1","Pigs","no","VND","30000000.00","121"
"VN","2738801","1650.0","17","funded","2024-03-30","2024-02-22","","","no","1","Cattle","no","VND","40000000.00","121"
"VN","2738797","1225.0","15","funded","2024-03-06","2024-02-26","","","no","1","Cattle","no","VND","30000000.00","121"
"VN","2738800","2050.0","20","funded","2024-03-30","2024-02-21","","","no","1","Cattle","no","VND","50000000.00","121"
"VN","2738791","2050.0","17","funded","2024-03-21","2024-02-06","","","no","1","Cattle","no","VND","50000000.00","121"
"VN","2738793","1225.0","17","funded","2024-03-07","2024-02-22","","","no","1","Cattle","no","VND","30000000.00","121"
"VN","2738795","1225.0","17","funded","2024-03-08","2024-02-22","","","no","1","Cattle","no","VND","30000000.00","121"
"VN","2738784","775.0","13","funded","2024-03-16","2024-02-02","","","no","2","Aquaculture","no","VND","19000000.00","342"
"VN","2738769","2050.0","14","funded","2024-03-27","2024-02-02","","","no","5","Agriculture","no","VND","50000000.00","342"
"VN","2738202","825.0","14","funded","2024-03-04","2024-02-02","","","no","2","Pigs","no","VND","20000000.00","342"
"VN","2738063","2050.0","26","funded","2024-03-26","2024-02-06","","","no","1","Pigs","no","VND","50000000.00","121"
"VN","2738077","1225.0","14","funded","2024-03-06","2024-02-02","","","no","3","Cattle","no","VND","30000000.00","342"
"VN","2738000","1850.0","14","funded","2024-03-13","2024-02-02","","","no","5","Poultry","no","VND","45000000.00","342"
"VN","2737591","2425.0","14","funded","2024-03-20","2024-02-02","","","no","6","Cattle","no","VND","59000000.00","342"
"VN","2737516","825.0","14","funded","2024-03-02","2024-02-01","","","no","2","Pigs","no","VND","20000000.00","342"
"VN","2737107","825.0","14","funded","2024-03-06","2024-02-01","","","no","2","Pigs","no","VND","20000000.00","342"
"VN","2737049","1650.0","14","funded","2024-03-08","2024-02-02","","","no","4","Cattle","no","VND","40000000.00","342"
"VN","2737006","2325.0","14","funded","2024-03-18","2024-02-02","","","no","6","Poultry","no","VND","57000000.00","342"
"VN","2736887","1625.0","20","funded","2024-03-12","2024-02-20","","","no","1","Cattle","no","VND","40000000.00","121"
"VN","2736597","1625.0","12","funded","2024-03-04","2024-02-02","","","no","4","Farming","yes","VND","40000000.00","342"
"VN","2734885","700.0","14","funded","2024-02-28","2024-01-26","","","no","2","Cattle","no","VND","17000000.00","342"
"VN","2734884","425.0","15","funded","2024-02-27","2024-01-26","","","no","1","Pigs","no","VND","10000000.00","342"
"VN","2734407","825.0","15","funded","2024-03-06","2024-01-25","","","no","2","Cattle","no","VND","20000000.00","342"
"VN","2734164","2050.0","15","funded","2024-03-11","2024-01-26","","","no","6","Agriculture","no","VND","50000000.00","342"
"VN","2733578","2400.0","15","funded","2024-03-18","2024-01-26","","","no","6","Aquaculture","no","VND","58000000.00","342"
"VN","2730112","1650.0","15","funded","2024-02-29","2024-01-19","","","no","5","Pigs","no","VND","40000000.00","342"
"VN","2730110","1025.0","15","funded","2024-02-21","2024-01-19","","","no","3","Aquaculture","no","VND","25000000.00","342"
"VN","2728075","1225.0","17","funded","2024-02-29","2024-01-15","","","no","1","Pigs","no","VND","30000000.00","121"
"VN","2722461","1250.0","20","funded","2024-02-22","2024-01-26","","","no","1","Cattle","no","VND","30000000.00","121"
"VN","2728067","1225.0","15","funded","2024-02-20","2024-01-15","","","no","1","Cattle","no","VND","30000000.00","121"
"VN","2728072","2050.0","20","funded","2024-03-07","2024-01-15","","","no","1","Agriculture","no","VND","50000000.00","121"
"VN","2722459","1650.0","17","funded","2024-03-05","2024-01-22","","","no","1","Cattle","no","VND","40000000.00","121"
"VN","2722450","2050.0","26","funded","2024-03-13","2024-01-14","","","no","1","Aquaculture","no","VND","50000000.00","121"
"VN","2721611","2050.0","20","funded","2024-03-11","2024-01-25","","","no","1","Farming","no","VND","50000000.00","121"
"VN","2721610","1250.0","17","funded","2024-02-25","2024-01-23","","","no","1","Farming","no","VND","30000000.00","121"
"VN","2721608","1025.0","20","funded","2024-02-28","2024-01-17","","","no","1","Cattle","no","VND","25000000.00","121"
"VN","2721348","1250.0","20","funded","2024-02-27","2024-01-26","","","no","1","Cattle","no","VND","30000000.00","121"
"VN","2721339","1850.0","20","funded","2024-03-04","2024-01-26","","","no","1","Farming","no","VND","45000000.00","121"
"VN","2721346","1250.0","20","funded","2024-02-26","2024-01-26","","","no","1","Agriculture","no","VND","30000000.00","121"
"VN","2720608","2050.0","20","funded","2024-03-05","2024-01-26","","","no","1","Cattle","no","VND","50000000.00","121"
"VN","2721184","1650.0","20","funded","2024-03-06","2024-01-25","","","no","1","Cattle","no","VND","40000000.00","121"
"VN","2720436","1650.0","15","funded","2024-03-02","2024-01-24","","","no","1","Cattle","no","VND","40000000.00","121"
"VN","2720439","2050.0","20","funded","2024-03-06","2024-01-15","","","no","1","Cattle","no","VND","50000000.00","121"
"VN","2721618","825.0","17","funded","2024-02-19","2024-01-16","","","no","1","Farming","no","VND","20000000.00","121"
"VN","2721340","825.0","15","funded","2024-02-20","2024-01-29","","","no","1","Agriculture","no","VND","20000000.00","121"
"VN","2721337","825.0","17","funded","2024-02-20","2024-01-25","","","no","1","Pigs","no","VND","20000000.00","121"
"VN","2722906","425.0","13","funded","2024-02-05","2024-01-12","","","no","1","Poultry","no","VND","10000000.00","342"
"VN","2722897","425.0","14","funded","2024-02-10","2024-01-12","","","no","1","Cattle","no","VND","10000000.00","342"
"VN","2722887","425.0","13","funded","2024-02-06","2024-01-12","","","no","1","Pigs","no","VND","10000000.00","342"
"VN","2722870","1250.0","14","funded","2024-02-19","2024-01-12","","","no","3","Cattle","no","VND","30000000.00","342"
"VN","2722854","1650.0","14","funded","2024-02-19","2024-01-12","","","no","4","Cattle","no","VND","40000000.00","342"
"VN","2722837","1650.0","14","funded","2024-02-26","2024-01-12","","","no","4","Dairy","no","VND","40000000.00","342"
"VN","2722812","1650.0","14","funded","2024-02-28","2024-01-12","","","no","4","Aquaculture","no","VND","40000000.00","342"
"VN","2722804","425.0","12","funded","2024-02-08","2024-01-05","","","no","1","Pigs","no","VND","10000000.00","342"
"VN","2722802","425.0","13","funded","2024-02-04","2024-01-04","","","no","1","Cattle","no","VND","10000000.00","342"
"VN","2720610","1250.0","20","funded","2024-02-22","2024-01-26","","","no","1","Cattle","no","VND","30000000.00","121"
"VN","2720613","825.0","15","funded","2024-02-17","2024-01-15","","","no","1","Agriculture","no","VND","20000000.00","121"
"VN","2719505","1650.0","17","funded","2024-02-28","2024-01-10","","","no","1","Pigs","no","VND","40000000.00","121"
"VN","2719312","1650.0","15","funded","2024-02-23","2023-12-29","","","no","4","Pigs","no","VND","40000000.00","342"
"VN","2719308","1925.0","14","funded","2024-02-23","2023-12-29","","","no","5","Cattle","no","VND","47000000.00","342"
"VN","2718875","1550.0","15","funded","2024-02-13","2023-12-29","","","no","4","Pigs","no","VND","38000000.00","342"
"VN","2718844","1625.0","15","funded","2024-02-22","2023-12-29","","","no","4","Cattle","no","VND","40000000.00","342"
"VN","2718818","575.0","15","funded","2024-02-07","2023-12-29","","","no","2","Poultry","no","VND","14000000.00","342"
"VN","2718382","2050.0","20","funded","2024-03-01","2023-12-26","","","no","1","Agriculture","no","VND","50000000.00","121"
"VN","2717879","1625.0","20","funded","2024-02-28","2023-12-26","","","no","1","Agriculture","no","VND","40000000.00","121"
"VN","2717878","2050.0","17","funded","2024-02-29","2023-12-26","","","no","1","Cattle","no","VND","50000000.00","121"
"VN","2717877","2050.0","20","funded","2024-02-23","2023-12-26","","","no","1","Agriculture","no","VND","50000000.00","121"
"VN","2717875","2050.0","17","funded","2024-02-26","2023-12-26","","","no","1","Cattle","no","VND","50000000.00","121"
"VN","2716380","2050.0","14","funded","2024-02-19","2023-12-23","","","no","1","Poultry","no","VND","50000000.00","121"
"VN","2716367","2050.0","20","funded","2024-02-26","2023-12-23","","","no","1","Cattle","no","VND","50000000.00","121"
"VN","2715139","1225.0","15","funded","2024-02-19","2023-12-21","","","no","3","Pigs","no","VND","30000000.00","342"
"VN","2714988","1225.0","14","funded","2024-01-30","2023-12-22","","","no","3","Agriculture","yes","VND","30000000.00","342"
"VN","2714624","825.0","17","funded","2024-01-30","2023-12-22","","","no","1","Cattle","no","VND","20000000.00","121"
"VN","2713335","1650.0","20","funded","2024-02-22","2023-12-19","","","no","1","Farming","no","VND","40000000.00","121"
"VN","2714577","825.0","15","funded","2024-02-12","2023-12-19","","","no","1","Cattle","no","VND","20000000.00","121"
"VN","2713966","1650.0","20","funded","2024-02-22","2023-12-22","","","no","1","Aquaculture","no","VND","40000000.00","121"
"VN","2713954","1650.0","20","funded","2024-02-22","2023-12-21","","","no","1","Agriculture","no","VND","40000000.00","121"
"VN","2713951","2050.0","20","funded","2024-02-22","2023-12-21","","","no","1","Farming","no","VND","50000000.00","121"
"VN","2713694","2050.0","20","funded","2024-02-21","2023-12-19","","","no","1","Farming","no","VND","50000000.00","121"
"VN","2713695","1225.0","17","funded","2024-01-25","2023-12-20","","","no","1","Cattle","no","VND","30000000.00","121"
"VN","2713333","1650.0","17","funded","2024-02-22","2023-12-19","","","no","1","Agriculture","no","VND","40000000.00","121"
"VN","2712766","2050.0","15","funded","2024-02-22","2023-12-20","","","no","1","Aquaculture","no","VND","50000000.00","121"
"VN","2713334","1225.0","17","funded","2024-02-22","2023-12-19","","","no","1","Agriculture","no","VND","30000000.00","121"
"VN","2712754","2050.0","17","funded","2024-02-22","2023-12-18","","","no","1","Cattle","no","VND","50000000.00","121"
"VN","2712753","1250.0","15","funded","2024-02-20","2023-12-18","","","no","1","Cattle","no","VND","30000000.00","121"
"VN","2712748","2050.0","15","funded","2024-02-22","2023-12-17","","","no","1","Cattle","no","VND","50000000.00","121"
"VN","2711451","1025.0","17","funded","2024-01-30","2023-12-18","","","no","1","Cattle","no","VND","25000000.00","121"
"VN","2710230","2075.0","22","funded","2024-02-22","2023-12-18","","","no","1","Farming","no","VND","50000000.00","121"
"VN","2709923","2050.0","17","funded","2024-02-22","2023-12-15","","","no","1","Cattle","no","VND","50000000.00","121"
"VN","2709913","2050.0","20","funded","2024-02-22","2023-12-14","","","no","1","Cattle","no","VND","50000000.00","121"
"VN","2709914","2050.0","17","funded","2024-02-22","2023-12-14","","","no","1","Cattle","no","VND","50000000.00","121"
"VN","2709905","2050.0","17","funded","2024-02-21","2023-12-13","","","no","1","Cattle","no","VND","50000000.00","121"
"VN","2709903","2050.0","15","funded","2024-02-22","2023-12-12","","","no","1","Cattle","no","VND","50000000.00","121"
"VN","2708556","2075.0","15","funded","2024-02-21","2023-12-15","","","no","1","Cattle","no","VND","50000000.00","121"
"VN","2708550","1250.0","20","funded","2024-02-20","2023-12-15","","","no","1","Farming","no","VND","30000000.00","121"
"VN","2708548","1250.0","17","funded","2024-02-20","2023-12-15","","","no","1","Cattle","no","VND","30000000.00","121"
"VN","2708383","1250.0","15","funded","2024-02-07","2023-12-14","","","no","1","Agriculture","no","VND","30000000.00","121"
"VN","2708378","2075.0","20","funded","2024-02-22","2023-12-14","","","no","1","Farming","no","VND","50000000.00","121"
"VN","2707848","1675.0","20","funded","2024-02-21","2023-12-14","","","no","1","Agriculture","no","VND","40000000.00","121"
"VN","2707799","2075.0","20","funded","2024-02-22","2023-12-14","","","no","1","Cattle","no","VND","50000000.00","121"
"VN","2707797","2075.0","20","funded","2024-02-22","2023-12-14","","","no","1","Agriculture","no","VND","50000000.00","121"
"VN","2707794","2075.0","15","funded","2024-02-20","2023-12-14","","","no","1","Farming","no","VND","50000000.00","121"
"VN","2712503","550.0","14","funded","2024-01-21","2023-12-15","","","no","2","Agriculture","no","VND","13000000.00","342"
"VN","2712494","1650.0","14","funded","2024-01-31","2023-12-15","","","no","4","Cattle","no","VND","40000000.00","342"
"VN","2712487","425.0","14","funded","2024-01-16","2023-12-15","","","no","1","Cattle","no","VND","10000000.00","342"
"VN","2712468","1075.0","14","funded","2024-02-01","2023-12-15","","","no","3","Cattle","no","VND","26000000.00","342"
"VN","2712455","2050.0","15","funded","2024-01-23","2023-12-15","","","no","5","Agriculture","yes","VND","50000000.00","342"
"VN","2712417","2450.0","14","funded","2024-02-13","2023-12-15","","","no","6","Agriculture","yes","VND","60000000.00","342"
"VN","2709907","825.0","15","funded","2024-01-20","2023-12-13","","","no","1","Cattle","no","VND","20000000.00","121"
"VN","2709906","825.0","15","funded","2024-01-24","2023-12-13","","","no","1","Cattle","no","VND","20000000.00","121"
"VN","2707795","1250.0","20","funded","2024-02-10","2023-12-14","","","no","1","Farming","no","VND","30000000.00","121"
"VN","2707792","2075.0","20","funded","2024-02-08","2023-12-14","","","no","1","Farming","no","VND","50000000.00","121"
"VN","2707793","1250.0","20","funded","2024-02-08","2023-12-14","","","no","1","Farming","no","VND","30000000.00","121"
"VN","2707538","850.0","15","funded","2024-01-16","2023-12-14","","","no","1","Agriculture","no","VND","20000000.00","121"
"VN","2707494","425.0","12","funded","2024-01-10","2023-12-07","","","no","1","Pigs","no","VND","10000000.00","342"
"VN","2707506","425.0","14","funded","2024-01-09","2023-12-07","","","no","1","Poultry","no","VND","10000000.00","342"
"VN","2707443","1250.0","17","funded","2024-02-07","2023-12-12","","","no","1","Cattle","no","VND","30000000.00","121"
"VN","2707432","2150.0","14","funded","2024-02-07","2023-12-08","","","no","5","Cattle","no","VND","52000000.00","342"
"VN","2705087","825.0","15","funded","2024-01-25","2023-11-30","","","no","2","Agriculture","no","VND","20000000.00","342"
"VN","2707229","675.0","14","funded","2024-01-16","2023-12-08","","","no","2","Aquaculture","no","VND","16000000.00","342"
"VN","2707255","2475.0","14","funded","2024-02-07","2023-12-08","","","no","6","Farming","yes","VND","60000000.00","342"
"VN","2707238","625.0","14","funded","2024-01-19","2023-12-08","","","no","2","Agriculture","no","VND","15000000.00","342"
"VN","2707246","825.0","17","funded","2024-02-07","2023-12-12","","","no","1","Cattle","no","VND","20000000.00","121"
"VN","2707240","825.0","17","funded","2024-01-23","2023-12-08","","","no","1","Farming","no","VND","20000000.00","121"
"VN","2707197","1325.0","16","funded","2024-01-25","2023-12-07","","","no","3","Poultry","no","VND","32000000.00","342"
"VN","2707130","1200.0","14","funded","2024-01-24","2023-12-07","","","no","3","Cattle","no","VND","29000000.00","342"
"VN","2706888","1650.0","17","funded","2024-02-06","2023-12-06","","","no","1","Cattle","no","VND","40000000.00","121"
"VN","2705937","1250.0","20","funded","2024-02-03","2023-12-05","","","no","1","Agriculture","no","VND","30000000.00","121"
"VN","2705938","1250.0","17","funded","2024-01-31","2023-12-06","","","no","1","Cattle","no","VND","30000000.00","121"
"VN","2705928","2075.0","26","funded","2024-02-03","2023-12-05","","","no","1","Animal Sales","no","VND","50000000.00","121"
"VN","2705878","2075.0","15","funded","2024-01-19","2023-11-29","","","no","1","Cattle","no","VND","50000000.00","121"
"VN","2705839","1470.0","20","funded","2024-02-04","2023-11-28","","","no","1","Cattle","no","VND","50000000.00","121"
"VN","2705292","1250.0","15","funded","2024-01-11","2023-11-30","","","no","3","Agriculture","yes","VND","30000000.00","342"
"VN","2705265","1675.0","15","funded","2024-02-03","2023-11-30","","","no","4","Aquaculture","no","VND","40000000.00","342"
"VN","2705248","1325.0","19","funded","2024-02-01","2023-11-30","","","no","3","Cattle","no","VND","32000000.00","342"
"VN","2705216","1250.0","15","funded","2024-01-22","2023-11-30","","","no","3","Poultry","no","VND","30000000.00","342"
"VN","2705148","1125.0","14","funded","2024-01-29","2023-11-30","","","no","3","Cattle","no","VND","27000000.00","342"
"VN","2705077","750.0","15","funded","2024-01-27","2023-11-30","","","no","2","Agriculture","no","VND","18000000.00","342"
"VN","2705059","1250.0","20","funded","2024-02-02","2023-11-27","","","no","1","Cattle","no","VND","30000000.00","121"
"VN","2705053","2050.0","20","funded","2024-02-02","2023-11-27","","","no","1","Aquaculture","no","VND","50000000.00","121"
"VN","2705047","1575.0","15","funded","2024-01-25","2023-11-30","","","no","4","Cattle","no","VND","38000000.00","342"
"VN","2705029","1650.0","14","funded","2024-01-19","2023-11-30","","","no","4","Farming","yes","VND","40000000.00","342"
"VN","2704709","2050.0","14","funded","2024-02-02","2023-11-30","","","no","5","Farming","yes","VND","50000000.00","342"
"VN","2704674","2475.0","15","funded","2024-02-02","2023-11-30","","","no","6","Farming","yes","VND","60000000.00","342"
"VN","2704645","1250.0","15","funded","2024-01-18","2023-11-30","","","no","3","Aquaculture","no","VND","30000000.00","342"
"VN","2703380","2475.0","15","expired","","2023-11-24","","","no","6","Pigs","no","VND","60000000.00","342"
"VN","2699208","1785.0","20","funded","2024-02-01","2023-11-22","","","no","1","Cattle","no","VND","50000000.00","121"
"VN","2703610","2075.0","20","funded","2024-01-31","2023-11-27","","","no","1","Cattle","no","VND","50000000.00","121"
"VN","2703609","2075.0","20","funded","2024-01-31","2023-11-27","","","no","1","Cattle","no","VND","50000000.00","121"
"VN","2698832","2015.0","20","funded","2024-01-31","2023-11-22","","","no","1","Cattle","no","VND","50000000.00","121"
"VN","2698831","1225.0","20","funded","2024-01-30","2023-11-22","","","no","1","Cattle","no","VND","30000000.00","121"
"VN","2703388","1075.0","14","funded","2024-01-18","2023-11-24","","","no","3","Pigs","no","VND","26000000.00","342"
"VN","2703383","2475.0","15","funded","2024-01-31","2023-11-24","","","no","6","Farming","yes","VND","60000000.00","342"
"VN","2703384","2075.0","15","funded","2024-01-31","2023-11-24","","","no","5","Cattle","no","VND","50000000.00","342"
"VN","2703386","2900.0","15","expired","","2023-11-24","","","no","7","Pigs","no","VND","70000000.00","342"
"VN","2703381","1075.0","14","funded","2024-01-03","2023-11-24","","","no","3","Aquaculture","no","VND","26000000.00","342"
"VN","2701832","1075.0","15","funded","2024-01-23","2023-11-24","","","no","3","Pigs","no","VND","26000000.00","342"
"VN","2702594","2050.0","17","funded","2024-01-30","2023-11-24","","","no","1","Cattle","no","VND","50000000.00","121"
"VN","2702590","1250.0","20","funded","2024-01-19","2023-11-24","","","no","1","Cattle","no","VND","30000000.00","121"
"VN","2702586","2050.0","17","funded","2024-01-30","2023-11-24","","","no","1","Agriculture","no","VND","50000000.00","121"
"VN","2702418","1250.0","14","funded","2024-01-03","2023-11-24","","","no","3","Agriculture","no","VND","30000000.00","342"
"VN","2701315","2050.0","20","funded","2024-01-29","2023-11-23","","","no","1","Agriculture","no","VND","50000000.00","121"
"VN","2701312","1650.0","20","funded","2024-01-22","2023-11-23","","","no","1","Agriculture","no","VND","40000000.00","121"
